Order ID,Order Date,Ship Date,Ship Mode,Customer ID,City,State,Postal Code,Region
CA-2017-152156,08/11/2017,11/11/2017,Second Class,CG-12520,Henderson,Kentucky,42420.0,South
CA-2017-138688,12/06/2017,16/06/2017,Second Class,DV-13045,Los Angeles,California,90036.0,West
US-2016-108966,11/10/2016,18/10/2016,Standard Class,SO-20335,Fort Lauderdale,Florida,33311.0,South
CA-2015-115812,09/06/2015,14/06/2015,Standard Class,BH-11710,Los Angeles,California,90032.0,West
CA-2018-114412,15/04/2018,20/04/2018,Standard Class,AA-10480,Concord,North Carolina,28027.0,South
CA-2017-161389,05/12/2017,10/12/2017,Standard Class,IM-15070,Seattle,Washington,98103.0,West
US-2016-118983,22/11/2016,26/11/2016,Standard Class,HP-14815,Fort Worth,Texas,76106.0,Central
CA-2015-105893,11/11/2015,18/11/2015,Standard Class,PK-19075,Madison,Wisconsin,53711.0,Central
CA-2015-167164,13/05/2015,15/05/2015,Second Class,AG-10270,West Jordan,Utah,84084.0,West
CA-2015-143336,27/08/2015,01/09/2015,Second Class,ZD-21925,San Francisco,California,94109.0,West
CA-2017-137330,09/12/2017,13/12/2017,Standard Class,KB-16585,Fremont,Nebraska,68025.0,Central
US-2018-156909,16/07/2018,18/07/2018,Second Class,SF-20065,Philadelphia,Pennsylvania,19140.0,East
CA-2016-106320,25/09/2016,30/09/2016,Standard Class,EB-13870,Orem,Utah,84057.0,West
CA-2017-121755,16/01/2017,20/01/2017,Second Class,EH-13945,Los Angeles,California,90049.0,West
US-2016-150630,17/09/2016,21/09/2016,Standard Class,TB-21520,Philadelphia,Pennsylvania,19140.0,East
CA-2018-107727,19/10/2018,23/10/2018,Second Class,MA-17560,Houston,Texas,77095.0,Central
CA-2017-117590,08/12/2017,10/12/2017,First Class,GH-14485,Richardson,Texas,75080.0,Central
CA-2016-117415,27/12/2016,31/12/2016,Standard Class,SN-20710,Houston,Texas,77041.0,Central
CA-2018-120999,10/09/2018,15/09/2018,Standard Class,LC-16930,Naperville,Illinois,60540.0,Central
CA-2017-101343,17/07/2017,22/07/2017,Standard Class,RA-19885,Los Angeles,California,90049.0,West
CA-2018-139619,19/09/2018,23/09/2018,Standard Class,ES-14080,Melbourne,Florida,32935.0,South
CA-2017-118255,11/03/2017,13/03/2017,First Class,ON-18715,Eagan,Minnesota,55122.0,Central
CA-2015-146703,20/10/2015,25/10/2015,Second Class,PO-18865,Westland,Michigan,48185.0,Central
CA-2017-169194,20/06/2017,25/06/2017,Standard Class,LH-16900,Dover,Delaware,19901.0,East
CA-2016-115742,18/04/2016,22/04/2016,Standard Class,DP-13000,New Albany,Indiana,47150.0,Central
CA-2017-105816,11/12/2017,17/12/2017,Standard Class,JM-15265,New York City,New York,10024.0,East
CA-2017-111682,17/06/2017,18/06/2017,First Class,TB-21055,Troy,New York,12180.0,East
CA-2016-135545,24/11/2016,30/11/2016,Standard Class,KM-16720,Los Angeles,California,90004.0,West
US-2016-164175,30/04/2016,05/05/2016,Standard Class,PS-18970,Chicago,Illinois,60610.0,Central
CA-2015-106376,05/12/2015,10/12/2015,Standard Class,BS-11590,Gilbert,Arizona,85234.0,West
CA-2017-119823,04/06/2017,06/06/2017,First Class,KD-16270,Springfield,Virginia,22153.0,South
CA-2017-106075,18/09/2017,23/09/2017,Standard Class,HM-14980,New York City,New York,10009.0,East
CA-2018-114440,14/09/2018,17/09/2018,Second Class,TB-21520,Jackson,Michigan,49201.0,Central
US-2016-134026,26/04/2016,02/05/2016,Standard Class,JE-15745,Memphis,Tennessee,38109.0,South
US-2018-118038,09/12/2018,11/12/2018,First Class,KB-16600,Houston,Texas,77041.0,Central
US-2015-147606,26/11/2015,01/12/2015,Second Class,JE-15745,Houston,Texas,77070.0,Central
CA-2017-127208,12/06/2017,15/06/2017,First Class,SC-20770,Decatur,Alabama,35601.0,South
CA-2015-139451,12/10/2015,16/10/2015,Standard Class,DN-13690,San Francisco,California,94122.0,West
CA-2016-149734,03/09/2016,08/09/2016,Standard Class,JC-16105,Durham,North Carolina,27707.0,South
US-2018-119662,13/11/2018,16/11/2018,First Class,CS-12400,Chicago,Illinois,60623.0,Central
CA-2018-140088,28/05/2018,30/05/2018,Second Class,PO-18865,Columbia,South Carolina,29203.0,South
CA-2018-155558,26/10/2018,02/11/2018,Standard Class,PG-18895,Rochester,Minnesota,55901.0,Central
CA-2017-159695,05/04/2017,10/04/2017,Second Class,GM-14455,Houston,Texas,77095.0,Central
CA-2017-109806,17/09/2017,22/09/2017,Standard Class,JS-15685,Los Angeles,California,90036.0,West
CA-2016-149587,31/01/2016,05/02/2016,Second Class,KB-16315,Minneapolis,Minnesota,55407.0,Central
US-2018-109484,06/11/2018,12/11/2018,Standard Class,RB-19705,Portland,Oregon,97206.0,West
CA-2018-161018,09/11/2018,11/11/2018,Second Class,PN-18775,New York City,New York,10009.0,East
CA-2018-157833,17/06/2018,20/06/2018,First Class,KD-16345,San Francisco,California,94122.0,West
CA-2017-149223,06/09/2017,11/09/2017,Standard Class,ER-13855,Saint Paul,Minnesota,55106.0,Central
CA-2017-158568,29/08/2017,02/09/2017,Standard Class,RB-19465,Chicago,Illinois,60610.0,Central
CA-2017-129903,01/12/2017,04/12/2017,Second Class,GZ-14470,Rochester,Minnesota,55901.0,Central
US-2016-156867,13/11/2016,17/11/2016,Standard Class,LC-16870,Aurora,Colorado,80013.0,West
CA-2018-119004,23/11/2018,28/11/2018,Standard Class,JM-15250,Charlotte,North Carolina,28205.0,South
CA-2016-129476,15/10/2016,20/10/2016,Standard Class,PA-19060,Orland Park,Illinois,60462.0,Central
CA-2018-146780,25/12/2018,30/12/2018,Standard Class,CV-12805,New York City,New York,10035.0,East
CA-2017-128867,03/11/2017,10/11/2017,Standard Class,CL-12565,Urbandale,Iowa,50322.0,Central
CA-2015-115259,25/08/2015,27/08/2015,Second Class,RC-19960,Columbus,Ohio,43229.0,East
CA-2016-110457,02/03/2016,06/03/2016,Standard Class,DK-13090,Seattle,Washington,98103.0,West
US-2016-136476,05/04/2016,10/04/2016,Standard Class,GG-14650,Bristol,Tennessee,37620.0,South
CA-2017-103730,12/06/2017,15/06/2017,First Class,SC-20725,Wilmington,Delaware,19805.0,East
US-2015-152030,26/12/2015,28/12/2015,Second Class,AD-10180,Houston,Texas,77041.0,Central
US-2015-134614,20/09/2015,25/09/2015,Standard Class,PF-19165,Bloomington,Illinois,61701.0,Central
US-2018-107272,05/11/2018,12/11/2018,Standard Class,TS-21610,Phoenix,Arizona,85023.0,West
US-2017-125969,06/11/2017,10/11/2017,Second Class,LS-16975,Los Angeles,California,90004.0,West
US-2018-164147,02/02/2018,05/02/2018,First Class,DW-13585,Columbus,Ohio,43229.0,East
CA-2017-145583,13/10/2017,19/10/2017,Standard Class,LC-16885,Roseville,California,95661.0,West
CA-2017-110366,05/09/2017,07/09/2017,Second Class,JD-15895,Philadelphia,Pennsylvania,19140.0,East
CA-2018-106180,18/09/2018,23/09/2018,Standard Class,SH-19975,San Francisco,California,94122.0,West
CA-2018-155376,22/12/2018,27/12/2018,Standard Class,SG-20080,Independence,Missouri,64055.0,Central
CA-2016-110744,07/09/2016,12/09/2016,Standard Class,HA-14920,Pasadena,California,91104.0,West
CA-2015-110072,22/10/2015,28/10/2015,Standard Class,MG-17680,Newark,Ohio,43055.0,East
CA-2017-114489,05/12/2017,09/12/2017,Standard Class,JE-16165,Franklin,Wisconsin,53132.0,Central
CA-2017-158834,13/03/2017,16/03/2017,First Class,TW-21025,Scottsdale,Arizona,85254.0,West
CA-2016-124919,31/05/2016,02/06/2016,First Class,SP-20650,San Jose,California,95123.0,West
CA-2016-118948,28/05/2016,03/06/2016,Standard Class,NK-18490,Seattle,Washington,98105.0,West
CA-2015-104269,01/03/2015,06/03/2015,Second Class,DB-13060,Seattle,Washington,98115.0,West
CA-2017-114104,20/11/2017,24/11/2017,Standard Class,NP-18670,Edmond,Oklahoma,73034.0,Central
CA-2017-162733,11/05/2017,12/05/2017,First Class,TT-21070,Los Angeles,California,90045.0,West
CA-2016-119697,28/12/2016,31/12/2016,Second Class,EM-13960,Philadelphia,Pennsylvania,19134.0,East
CA-2017-154508,16/11/2017,20/11/2017,Standard Class,RD-19900,Carlsbad,New Mexico,88220.0,West
CA-2017-113817,07/11/2017,11/11/2017,Standard Class,MJ-17740,Seattle,Washington,98115.0,West
CA-2015-139892,08/09/2015,12/09/2015,Standard Class,BM-11140,San Antonio,Texas,78207.0,Central
CA-2015-118962,05/08/2015,09/08/2015,Standard Class,CS-12130,Los Angeles,California,90004.0,West
US-2015-100853,14/09/2015,19/09/2015,Standard Class,JB-15400,Chicago,Illinois,60623.0,Central
US-2018-152366,21/04/2018,25/04/2018,Second Class,SJ-20500,Houston,Texas,77036.0,Central
US-2016-101511,21/11/2016,23/11/2016,Second Class,JE-15745,Newark,Ohio,43055.0,East
CA-2016-137225,15/12/2016,19/12/2016,Standard Class,JK-15640,New York City,New York,10009.0,East
CA-2015-166191,05/12/2015,09/12/2015,Second Class,DK-13150,Decatur,Illinois,62521.0,Central
CA-2015-158274,19/11/2015,24/11/2015,Second Class,RM-19675,Monroe,Louisiana,71203.0,South
CA-2017-105018,28/11/2017,02/12/2017,Standard Class,SK-19990,Fairfield,Connecticut,6824.0,East
CA-2015-123260,26/08/2015,30/08/2015,Standard Class,FM-14290,Los Angeles,California,90032.0,West
CA-2017-157000,16/07/2017,22/07/2017,Standard Class,AM-10360,Grand Prairie,Texas,75051.0,Central
CA-2016-102281,12/10/2016,14/10/2016,First Class,MP-17470,New York City,New York,10035.0,East
CA-2016-131457,31/10/2016,06/11/2016,Standard Class,MZ-17515,Redlands,California,92374.0,West
CA-2015-140004,21/03/2015,25/03/2015,Standard Class,CB-12025,Hamilton,Ohio,45011.0,East
CA-2018-107720,06/11/2018,13/11/2018,Standard Class,VM-21685,Westfield,New Jersey,7090.0,East
US-2018-124303,06/07/2018,13/07/2018,Standard Class,FH-14365,Philadelphia,Pennsylvania,19120.0,East
CA-2018-105074,24/06/2018,29/06/2018,Standard Class,MB-17305,Akron,Ohio,44312.0,East
CA-2015-133690,03/08/2015,05/08/2015,First Class,BS-11755,Denver,Colorado,80219.0,West
US-2018-116701,17/12/2018,21/12/2018,Second Class,LC-17140,Dallas,Texas,75220.0,Central
CA-2018-126382,03/06/2018,07/06/2018,Standard Class,HK-14890,Franklin,Tennessee,37064.0,South
CA-2018-108329,09/12/2018,14/12/2018,Standard Class,LE-16810,Whittier,California,90604.0,West
CA-2018-135860,01/12/2018,07/12/2018,Standard Class,JH-15985,Saginaw,Michigan,48601.0,Central
CA-2016-101007,09/02/2016,13/02/2016,Second Class,MS-17980,Dallas,Texas,75220.0,Central
CA-2016-146262,02/01/2016,09/01/2016,Standard Class,VW-21775,Medina,Ohio,44256.0,East
CA-2017-130162,28/10/2017,01/11/2017,Standard Class,JH-15910,Los Angeles,California,90032.0,West
CA-2016-169397,24/12/2016,27/12/2016,First Class,JB-15925,Dublin,Ohio,43017.0,East
CA-2016-163055,09/08/2016,16/08/2016,Standard Class,DS-13180,Detroit,Michigan,48227.0,Central
US-2016-145436,28/02/2016,04/03/2016,Standard Class,VD-21670,Columbia,Tennessee,38401.0,South
US-2015-156216,13/09/2015,17/09/2015,Standard Class,EA-14035,Charlotte,North Carolina,28205.0,South
US-2018-100930,07/04/2018,12/04/2018,Standard Class,CS-12400,Tampa,Florida,33614.0,South
CA-2018-160514,12/11/2018,16/11/2018,Standard Class,DB-13120,Santa Clara,California,95051.0,West
CA-2017-157749,04/06/2017,09/06/2017,Second Class,KL-16645,Chicago,Illinois,60610.0,Central
CA-2015-131926,01/06/2015,06/06/2015,Second Class,DW-13480,Lakeville,Minnesota,55044.0,Central
CA-2017-154739,10/12/2017,15/12/2017,Second Class,LH-17155,San Francisco,California,94109.0,West
CA-2017-145625,11/09/2017,17/09/2017,Standard Class,KC-16540,San Diego,California,92037.0,West
CA-2017-146941,10/12/2017,13/12/2017,First Class,DL-13315,New York City,New York,10024.0,East
US-2016-159982,28/11/2016,04/12/2016,Standard Class,DR-12880,Chicago,Illinois,60623.0,Central
CA-2018-163139,01/12/2018,03/12/2018,Second Class,CC-12670,New York City,New York,10009.0,East
US-2018-155299,08/06/2018,12/06/2018,Standard Class,Dl-13600,Pasadena,Texas,77506.0,Central
US-2015-106992,19/09/2015,21/09/2015,Second Class,SB-20290,Houston,Texas,77036.0,Central
CA-2017-125318,06/06/2017,13/06/2017,Standard Class,RC-19825,Chicago,Illinois,60610.0,Central
CA-2016-155040,10/11/2016,15/11/2016,Standard Class,AH-10210,Brentwood,California,94513.0,West
CA-2018-136826,16/06/2018,20/06/2018,Standard Class,CB-12535,Chapel Hill,North Carolina,27514.0,South
CA-2017-111010,22/01/2017,28/01/2017,Standard Class,PG-18895,Morristown,New Jersey,7960.0,East
US-2018-145366,09/12/2018,13/12/2018,Standard Class,CA-12310,Cincinnati,Ohio,45231.0,East
CA-2018-163979,28/12/2018,02/01/2019,Second Class,KH-16690,San Francisco,California,94110.0,West
CA-2016-155334,30/07/2016,31/07/2016,First Class,HA-14920,San Francisco,California,94109.0,West
CA-2018-118136,16/09/2018,17/09/2018,First Class,BB-10990,Inglewood,California,90301.0,West
CA-2018-132976,13/10/2018,17/10/2018,Standard Class,AG-10495,Philadelphia,Pennsylvania,19140.0,East
US-2016-161991,26/09/2016,28/09/2016,Second Class,SC-20725,Houston,Texas,77070.0,Central
CA-2016-130890,02/11/2016,06/11/2016,Standard Class,JO-15280,Los Angeles,California,90004.0,West
CA-2016-130883,26/09/2016,02/10/2016,Standard Class,TB-21520,Portland,Oregon,97206.0,West
CA-2017-112697,18/12/2017,20/12/2017,Second Class,AH-10195,Tamarac,Florida,33319.0,South
CA-2017-110772,20/11/2017,24/11/2017,Second Class,NZ-18565,Columbus,Ohio,43229.0,East
CA-2015-111451,26/12/2015,28/12/2015,First Class,KL-16555,Colorado Springs,Colorado,80906.0,West
CA-2017-142545,28/10/2017,03/11/2017,Standard Class,JD-15895,Belleville,New Jersey,7109.0,East
US-2018-152380,19/11/2018,23/11/2018,Standard Class,JH-15910,Chicago,Illinois,60623.0,Central
CA-2016-144253,04/05/2016,09/05/2016,Second Class,AS-10225,New York City,New York,10024.0,East
CA-2015-130960,30/12/2015,04/01/2016,Standard Class,KB-16600,Taylor,Michigan,48180.0,Central
CA-2015-111003,01/06/2015,06/06/2015,Standard Class,CR-12625,Lakewood,New Jersey,8701.0,East
CA-2018-126774,15/04/2018,17/04/2018,First Class,SH-20395,Arlington,Virginia,22204.0,South
CA-2017-142902,12/09/2017,14/09/2017,Second Class,BP-11185,Arvada,Colorado,80004.0,West
CA-2015-120887,27/09/2015,03/10/2015,Standard Class,TS-21205,Hackensack,New Jersey,7601.0,East
CA-2015-167850,09/08/2015,16/08/2015,Standard Class,AG-10525,Saint Petersburg,Florida,33710.0,South
CA-2015-164259,28/12/2015,30/12/2015,First Class,SP-20860,Philadelphia,Pennsylvania,19143.0,East
CA-2015-164973,04/11/2015,09/11/2015,Standard Class,NM-18445,New York City,New York,10024.0,East
CA-2015-156601,19/09/2015,24/09/2015,Standard Class,FA-14230,Long Beach,California,90805.0,West
CA-2017-162138,23/04/2017,27/04/2017,Standard Class,GK-14620,Hesperia,California,92345.0,West
CA-2018-153339,03/11/2018,05/11/2018,Second Class,DJ-13510,Murfreesboro,Tennessee,37130.0,South
US-2017-141544,30/08/2017,01/09/2017,First Class,PO-18850,Philadelphia,Pennsylvania,19143.0,East
US-2017-150147,25/04/2017,29/04/2017,Second Class,JL-15850,Philadelphia,Pennsylvania,19134.0,East
CA-2016-137946,01/09/2016,04/09/2016,Second Class,DB-13615,Los Angeles,California,90045.0,West
CA-2015-129924,12/07/2015,17/07/2015,Standard Class,AC-10420,San Francisco,California,94122.0,West
CA-2016-128167,22/06/2016,26/06/2016,Second Class,KL-16645,Layton,Utah,84041.0,West
CA-2015-122336,13/04/2015,17/04/2015,Second Class,JD-15895,Philadelphia,Pennsylvania,19140.0,East
US-2016-120712,20/12/2016,24/12/2016,Standard Class,CS-12130,Austin,Texas,78745.0,Central
CA-2018-169901,15/06/2018,19/06/2018,Standard Class,CC-12550,San Francisco,California,94122.0,West
CA-2018-134306,08/07/2018,12/07/2018,Standard Class,TD-20995,Lowell,Massachusetts,1852.0,East
CA-2017-129714,01/09/2017,03/09/2017,First Class,AB-10060,New York City,New York,10009.0,East
CA-2017-138520,08/04/2017,13/04/2017,Standard Class,JL-15505,New York City,New York,10035.0,East
CA-2017-130001,23/04/2017,28/04/2017,Standard Class,HK-14890,Charlotte,North Carolina,28205.0,South
CA-2018-155698,08/03/2018,11/03/2018,First Class,VB-21745,Columbus,Georgia,31907.0,South
CA-2018-144904,25/09/2018,01/10/2018,Standard Class,KW-16435,New York City,New York,10009.0,East
CA-2015-123344,24/09/2015,29/09/2015,Standard Class,JD-16060,San Francisco,California,94109.0,West
CA-2017-155516,21/10/2017,21/10/2017,Same Day,MK-17905,Manchester,Connecticut,6040.0,East
CA-2018-104745,29/05/2018,04/06/2018,Standard Class,GT-14755,Harlingen,Texas,78550.0,Central
US-2015-119137,23/07/2015,27/07/2015,Standard Class,AG-10900,Tucson,Arizona,85705.0,West
US-2017-134656,28/09/2017,01/10/2017,First Class,MM-18280,Quincy,Illinois,62301.0,Central
US-2018-134481,27/08/2018,01/09/2018,Standard Class,AR-10405,Franklin,Massachusetts,2038.0,East
CA-2016-130792,28/04/2016,05/05/2016,Standard Class,RA-19915,Houston,Texas,77095.0,Central
CA-2017-134775,28/10/2017,29/10/2017,First Class,AS-10285,San Francisco,California,94109.0,West
CA-2016-125395,26/06/2016,29/06/2016,Second Class,LA-16780,Taylor,Michigan,48180.0,Central
US-2016-168935,27/11/2016,02/12/2016,Standard Class,DO-13435,Pembroke Pines,Florida,33024.0,South
CA-2016-122756,03/12/2016,07/12/2016,Standard Class,DK-13225,Philadelphia,Pennsylvania,19140.0,East
CA-2015-115973,24/11/2015,26/11/2015,First Class,NG-18430,Cincinnati,Ohio,45231.0,East
CA-2018-101798,11/12/2018,15/12/2018,Standard Class,MV-18190,New York City,New York,10009.0,East
US-2015-135972,21/09/2015,23/09/2015,Second Class,JG-15115,Des Moines,Washington,98198.0,West
US-2015-134971,07/06/2015,10/06/2015,Second Class,BP-11095,Peoria,Illinois,61604.0,Central
CA-2018-102946,30/06/2018,05/07/2018,Standard Class,VP-21730,Las Vegas,Nevada,89115.0,West
CA-2018-165603,17/10/2018,19/10/2018,Second Class,SS-20140,Warwick,Rhode Island,2886.0,East
CA-2016-122259,31/10/2016,04/11/2016,Standard Class,HP-14815,Jackson,Michigan,49201.0,Central
CA-2017-108987,08/09/2017,10/09/2017,Second Class,AG-10675,Houston,Texas,77036.0,Central
CA-2015-113166,24/12/2015,26/12/2015,First Class,LF-17185,Miami,Florida,33180.0,South
CA-2015-155208,16/04/2015,20/04/2015,Standard Class,SP-20650,Wilmington,North Carolina,28403.0,South
CA-2018-117933,24/12/2018,29/12/2018,Standard Class,RF-19840,New York City,New York,10024.0,East
CA-2018-117457,08/12/2018,12/12/2018,Standard Class,KH-16510,San Francisco,California,94110.0,West
CA-2018-142636,03/11/2018,07/11/2018,Standard Class,KC-16675,Seattle,Washington,98105.0,West
CA-2018-122105,24/06/2018,28/06/2018,Standard Class,CJ-12010,Huntington Beach,California,92646.0,West
CA-2017-148796,14/04/2017,18/04/2017,Standard Class,PB-19150,Los Angeles,California,90004.0,West
CA-2018-154816,06/11/2018,10/11/2018,Standard Class,VB-21745,Richmond,Kentucky,40475.0,South
CA-2018-110478,04/03/2018,09/03/2018,Standard Class,SP-20860,Los Angeles,California,90045.0,West
CA-2015-142048,22/06/2015,25/06/2015,First Class,JE-15745,Louisville,Colorado,80027.0,West
CA-2018-125388,19/10/2018,23/10/2018,Standard Class,MP-17965,Lawrence,Massachusetts,1841.0,East
CA-2018-155705,21/08/2018,23/08/2018,Second Class,NF-18385,Jackson,Mississippi,39212.0,South
CA-2018-149160,23/11/2018,26/11/2018,Second Class,JM-15265,Canton,Michigan,48187.0,Central
CA-2015-101476,12/09/2015,13/09/2015,First Class,SD-20485,New Rochelle,New York,10801.0,East
CA-2018-152275,01/10/2018,08/10/2018,Standard Class,KH-16630,San Antonio,Texas,78207.0,Central
US-2017-123750,15/04/2017,21/04/2017,Standard Class,RB-19795,Gastonia,North Carolina,28052.0,South
CA-2017-127369,06/06/2017,07/06/2017,First Class,DB-13060,Lowell,Massachusetts,1852.0,East
US-2015-150574,19/12/2015,25/12/2015,Standard Class,MK-18160,Jacksonville,Florida,32216.0,South
CA-2017-147375,12/06/2017,14/06/2017,Second Class,PO-19180,Chicago,Illinois,60623.0,Central
CA-2018-130043,15/09/2018,19/09/2018,Standard Class,BB-11545,Houston,Texas,77070.0,Central
CA-2018-157252,20/01/2018,23/01/2018,Second Class,CV-12805,New York City,New York,10024.0,East
CA-2017-115756,05/09/2017,07/09/2017,Second Class,PK-19075,Detroit,Michigan,48227.0,Central
CA-2018-154214,20/03/2018,25/03/2018,Second Class,TB-21595,Columbus,Indiana,47201.0,Central
CA-2017-166674,01/04/2017,03/04/2017,Second Class,RB-19360,Auburn,New York,13021.0,East
CA-2018-147277,20/10/2018,24/10/2018,Standard Class,EB-13705,Akron,Ohio,44312.0,East
CA-2017-100153,13/12/2017,17/12/2017,Standard Class,KH-16630,Norman,Oklahoma,73071.0,Central
US-2015-110674,12/02/2015,18/02/2015,Standard Class,SC-20095,Concord,California,94521.0,West
US-2017-157945,26/09/2017,01/10/2017,Standard Class,NF-18385,Decatur,Illinois,62521.0,Central
CA-2016-109638,15/12/2016,22/12/2016,Standard Class,JH-15985,Seattle,Washington,98115.0,West
CA-2017-109869,22/04/2017,29/04/2017,Standard Class,TN-21040,Phoenix,Arizona,85023.0,West
US-2016-101399,17/01/2016,24/01/2016,Standard Class,JS-15940,Park Ridge,Illinois,60068.0,Central
CA-2018-154907,31/03/2018,04/04/2018,Standard Class,DS-13180,Amarillo,Texas,79109.0,Central
US-2017-100419,16/12/2017,20/12/2017,Second Class,CC-12670,Chicago,Illinois,60610.0,Central
CA-2016-154144,20/12/2016,24/12/2016,Standard Class,MH-17785,Lindenhurst,New York,11757.0,East
CA-2015-144666,09/11/2015,11/11/2015,Second Class,JP-15520,San Francisco,California,94110.0,West
CA-2017-103891,12/07/2017,19/07/2017,Standard Class,KH-16690,Los Angeles,California,90008.0,West
CA-2017-152632,27/10/2017,02/11/2017,Standard Class,JE-15475,Troy,New York,12180.0,East
CA-2017-100790,26/06/2017,02/07/2017,Standard Class,JG-15805,New York City,New York,10024.0,East
CA-2015-134677,06/10/2015,10/10/2015,Standard Class,XP-21865,San Diego,California,92024.0,West
CA-2015-127691,22/07/2015,27/07/2015,Standard Class,EM-14065,New York City,New York,10024.0,East
CA-2018-140963,10/06/2018,13/06/2018,First Class,MT-18070,Los Angeles,California,90045.0,West
CA-2015-154627,29/10/2015,31/10/2015,First Class,SA-20830,Chicago,Illinois,60610.0,Central
CA-2015-133753,09/06/2015,13/06/2015,Second Class,CW-11905,Huntsville,Texas,77340.0,Central
CA-2015-113362,14/09/2015,19/09/2015,Standard Class,AJ-10960,Rochester,New York,14609.0,East
CA-2017-169166,09/05/2017,14/05/2017,Standard Class,SS-20590,Seattle,Washington,98115.0,West
US-2017-120929,18/03/2017,21/03/2017,Second Class,RO-19780,Memphis,Tennessee,38109.0,South
CA-2016-134782,27/12/2016,31/12/2016,Standard Class,MD-17350,Fayetteville,Arkansas,72701.0,South
CA-2017-126158,25/07/2017,31/07/2017,Standard Class,SC-20095,Costa Mesa,California,92627.0,West
US-2017-105578,30/05/2017,04/06/2017,Standard Class,MY-17380,Parker,Colorado,80134.0,West
CA-2018-134978,12/11/2018,15/11/2018,Second Class,EB-13705,New York City,New York,10024.0,East
CA-2016-145352,16/03/2016,22/03/2016,Standard Class,CM-12385,Atlanta,Georgia,30318.0,South
CA-2018-135307,26/11/2018,27/11/2018,First Class,LS-17245,Gladstone,Missouri,64118.0,Central
CA-2017-106341,20/10/2017,23/10/2017,First Class,LF-17185,Newark,Ohio,43055.0,East
CA-2018-163405,21/12/2018,25/12/2018,Standard Class,BN-11515,Los Angeles,California,90049.0,West
CA-2018-127432,22/01/2018,27/01/2018,Standard Class,AD-10180,Great Falls,Montana,59405.0,West
CA-2016-157812,22/03/2016,26/03/2016,Standard Class,DB-13210,Houston,Texas,77041.0,Central
CA-2018-145142,23/01/2018,25/01/2018,First Class,MC-17605,Detroit,Michigan,48234.0,Central
US-2017-139486,21/05/2017,23/05/2017,First Class,LH-17155,Los Angeles,California,90032.0,West
CA-2016-158792,26/12/2016,02/01/2017,Standard Class,BD-11605,Lawrence,Massachusetts,1841.0,East
CA-2018-113558,21/10/2018,26/10/2018,Standard Class,PH-18790,Lakeland,Florida,33801.0,South
US-2016-138303,03/09/2016,07/09/2016,Standard Class,MG-18145,Philadelphia,Pennsylvania,19134.0,East
CA-2016-102848,07/11/2016,09/11/2016,Second Class,KB-16240,Los Angeles,California,90036.0,West
US-2018-129441,07/09/2018,11/09/2018,Standard Class,JC-15340,Los Angeles,California,90032.0,West
CA-2017-168753,29/05/2017,01/06/2017,Second Class,RL-19615,Montgomery,Alabama,36116.0,South
CA-2017-126613,10/07/2017,16/07/2017,Standard Class,AA-10375,Mesa,Arizona,85204.0,West
US-2018-122637,03/09/2018,08/09/2018,Second Class,EP-13915,Chicago,Illinois,60653.0,Central
CA-2016-147851,03/12/2016,08/12/2016,Standard Class,MP-17470,New York City,New York,10009.0,East
CA-2016-134894,07/12/2016,11/12/2016,Standard Class,DK-12985,Henderson,Kentucky,42420.0,South
CA-2015-140795,01/02/2015,03/02/2015,First Class,BD-11500,Green Bay,Wisconsin,54302.0,Central
CA-2017-136924,14/07/2017,17/07/2017,First Class,ES-14080,Tucson,Arizona,85705.0,West
US-2016-120161,18/12/2016,23/12/2016,Standard Class,LM-17065,Springfield,Ohio,45503.0,East
CA-2015-103849,11/05/2015,16/05/2015,Standard Class,PG-18895,Fort Worth,Texas,76106.0,Central
CA-2018-162929,19/11/2018,22/11/2018,First Class,AS-10135,New York City,New York,10035.0,East
CA-2016-113173,15/11/2016,17/11/2016,Second Class,DK-13225,Chicago,Illinois,60653.0,Central
CA-2017-136406,15/04/2017,17/04/2017,Second Class,BD-11320,San Francisco,California,94110.0,West
CA-2018-112774,11/09/2018,12/09/2018,First Class,RC-19960,Jacksonville,Florida,32216.0,South
CA-2018-101945,24/11/2018,28/11/2018,Standard Class,GT-14710,Houston,Texas,77070.0,Central
CA-2018-100650,29/06/2018,03/07/2018,Second Class,DK-13225,Anaheim,California,92804.0,West
CA-2015-155852,03/03/2015,07/03/2015,Second Class,AJ-10945,Wilmington,North Carolina,28403.0,South
CA-2017-113243,10/06/2017,15/06/2017,Standard Class,OT-18730,Los Angeles,California,90045.0,West
CA-2018-118731,20/11/2018,22/11/2018,Second Class,LP-17080,San Francisco,California,94110.0,West
CA-2015-145576,14/09/2015,18/09/2015,Second Class,CA-12775,Tampa,Florida,33614.0,South
CA-2016-130736,07/12/2016,09/12/2016,First Class,JF-15490,Seattle,Washington,98105.0,West
CA-2018-137099,07/12/2018,10/12/2018,First Class,FP-14320,Los Angeles,California,90008.0,West
CA-2018-156951,01/10/2018,08/10/2018,Standard Class,EB-13840,Seattle,Washington,98105.0,West
CA-2018-164826,28/12/2018,04/01/2019,Standard Class,JF-15415,New York City,New York,10024.0,East
CA-2017-127250,03/11/2017,07/11/2017,Standard Class,SF-20200,Marysville,Washington,98270.0,West
CA-2016-149713,18/09/2016,22/09/2016,Second Class,TG-21640,Long Beach,California,90805.0,West
CA-2018-118640,20/07/2018,26/07/2018,Standard Class,CS-11950,Chicago,Illinois,60610.0,Central
CA-2016-132906,10/09/2016,14/09/2016,Standard Class,CC-12145,Los Angeles,California,90004.0,West
CA-2018-145233,01/12/2018,05/12/2018,Standard Class,DV-13465,Denver,Colorado,80219.0,West
CA-2016-128139,03/07/2016,09/07/2016,Standard Class,BD-11725,Richmond,Kentucky,40475.0,South
US-2017-156986,20/03/2017,24/03/2017,Standard Class,ZC-21910,Salem,Oregon,97301.0,West
CA-2015-135405,09/01/2015,13/01/2015,Standard Class,MS-17830,Laredo,Texas,78041.0,Central
CA-2015-131450,08/08/2015,15/08/2015,Standard Class,LR-16915,San Diego,California,92024.0,West
CA-2017-120180,14/07/2017,16/07/2017,First Class,TP-21130,Philadelphia,Pennsylvania,19134.0,East
US-2017-100720,16/07/2017,21/07/2017,Standard Class,CK-12205,Philadelphia,Pennsylvania,19120.0,East
CA-2015-149958,15/03/2015,19/03/2015,Standard Class,AS-10240,Tampa,Florida,33614.0,South
US-2015-105767,23/05/2015,27/05/2015,Standard Class,AR-10510,Philadelphia,Pennsylvania,19134.0,East
CA-2017-161816,28/04/2017,01/05/2017,First Class,NB-18655,Dallas,Texas,75217.0,Central
CA-2017-121223,11/09/2017,13/09/2017,Second Class,GD-14590,Philadelphia,Pennsylvania,19143.0,East
CA-2018-138611,14/11/2018,17/11/2018,Second Class,CK-12595,Grove City,Ohio,43123.0,East
CA-2018-117947,18/08/2018,23/08/2018,Second Class,NG-18355,New York City,New York,10011.0,East
US-2015-111171,26/12/2015,31/12/2015,Standard Class,CA-12265,Chicago,Illinois,60610.0,Central
CA-2016-138009,29/11/2016,03/12/2016,Standard Class,SF-20965,Dearborn,Michigan,48126.0,Central
CA-2018-163020,15/09/2018,19/09/2018,Standard Class,MO-17800,New York City,New York,10009.0,East
CA-2018-153787,19/05/2018,23/05/2018,Standard Class,AT-10735,Seattle,Washington,98115.0,West
CA-2018-133431,17/12/2018,21/12/2018,Standard Class,LC-17140,San Francisco,California,94122.0,West
US-2017-135720,11/12/2017,13/12/2017,Second Class,FM-14380,Aurora,Colorado,80013.0,West
CA-2018-144694,24/09/2018,26/09/2018,Second Class,BD-11605,Miami,Florida,33180.0,South
CA-2016-168004,04/10/2016,09/10/2016,Second Class,DJ-13420,Warner Robins,Georgia,31088.0,South
US-2017-123470,15/08/2017,21/08/2017,Standard Class,ME-17725,Aurora,Colorado,80013.0,West
CA-2017-115917,20/05/2017,25/05/2017,Standard Class,RB-19465,Vallejo,California,94591.0,West
CA-2017-147067,18/12/2017,22/12/2017,Standard Class,JD-16150,Minneapolis,Minnesota,55407.0,Central
CA-2018-167913,30/07/2018,03/08/2018,Second Class,JL-15835,Mission Viejo,California,92691.0,West
CA-2018-106103,10/06/2018,15/06/2018,Standard Class,SC-20305,Rochester Hills,Michigan,48307.0,Central
US-2018-127719,21/07/2018,25/07/2018,Standard Class,TW-21025,Plainfield,New Jersey,7060.0,East
CA-2018-126221,30/12/2018,05/01/2019,Standard Class,CC-12430,Columbus,Indiana,47201.0,Central
CA-2017-103947,01/04/2017,08/04/2017,Standard Class,BB-10990,Sierra Vista,Arizona,85635.0,West
CA-2017-160745,11/12/2017,16/12/2017,Second Class,AR-10825,Vancouver,Washington,98661.0,West
CA-2017-132661,23/10/2017,29/10/2017,Standard Class,SR-20740,New York City,New York,10024.0,East
CA-2018-140844,19/06/2018,23/06/2018,Standard Class,AR-10405,New York City,New York,10035.0,East
CA-2017-137239,22/08/2017,28/08/2017,Standard Class,CR-12730,Columbus,Ohio,43229.0,East
US-2017-156097,19/09/2017,19/09/2017,Same Day,EH-14125,Aurora,Illinois,60505.0,Central
CA-2016-146563,24/08/2016,28/08/2016,Standard Class,CB-12025,Arlington,Texas,76017.0,Central
CA-2017-123666,26/03/2017,30/03/2017,Standard Class,SP-20545,New York City,New York,10011.0,East
CA-2017-143308,04/11/2017,04/11/2017,Same Day,RC-19825,Louisville,Kentucky,40214.0,South
CA-2018-132682,08/06/2018,10/06/2018,Second Class,TH-21235,Dallas,Texas,75081.0,Central
CA-2015-156314,24/12/2015,26/12/2015,First Class,RP-19390,Cleveland,Ohio,44105.0,East
US-2018-106663,09/06/2018,13/06/2018,Standard Class,MO-17800,Chicago,Illinois,60653.0,Central
CA-2018-111178,15/06/2018,22/06/2018,Standard Class,TD-20995,Quincy,Illinois,62301.0,Central
CA-2018-130351,05/12/2018,08/12/2018,First Class,RB-19570,Columbus,Indiana,47201.0,Central
US-2018-119438,18/03/2018,23/03/2018,Standard Class,CD-11980,Tyler,Texas,75701.0,Central
CA-2017-164511,19/11/2017,24/11/2017,Standard Class,DJ-13630,New York City,New York,10024.0,East
US-2018-168116,04/11/2018,04/11/2018,Same Day,GT-14635,Burlington,North Carolina,27217.0,South
CA-2015-157784,05/07/2015,08/07/2015,First Class,MC-17845,Jackson,Mississippi,39212.0,South
CA-2018-161480,25/12/2018,29/12/2018,Standard Class,RA-19285,New York City,New York,10035.0,East
US-2015-117135,21/06/2015,23/06/2015,Second Class,NP-18325,Waynesboro,Virginia,22980.0,South
CA-2016-131534,28/03/2016,02/04/2016,Standard Class,AB-10165,Los Angeles,California,90036.0,West
CA-2016-119291,14/05/2016,17/05/2016,First Class,JO-15550,Chester,Pennsylvania,19013.0,East
CA-2018-114552,02/09/2018,08/09/2018,Standard Class,Dl-13600,Cleveland,Ohio,44105.0,East
CA-2017-163755,04/11/2017,08/11/2017,Second Class,AS-10285,Seattle,Washington,98103.0,West
CA-2016-142027,09/04/2016,14/04/2016,Standard Class,JK-15370,Long Beach,California,90805.0,West
CA-2015-138527,12/09/2015,17/09/2015,Standard Class,BN-11470,Cary,North Carolina,27511.0,South
CA-2015-112158,02/12/2015,04/12/2015,First Class,DP-13165,New York City,New York,10035.0,East
CA-2015-113887,05/04/2015,07/04/2015,First Class,TH-21550,New York City,New York,10035.0,East
CA-2018-146136,03/09/2018,07/09/2018,Standard Class,AP-10915,Palm Coast,Florida,32137.0,South
US-2018-100048,19/05/2018,24/05/2018,Standard Class,RS-19765,Mount Vernon,New York,10550.0,East
CA-2015-153150,01/07/2015,06/07/2015,Second Class,Dl-13600,Seattle,Washington,98105.0,West
CA-2015-130092,11/01/2015,14/01/2015,First Class,SV-20365,Dover,Delaware,19901.0,East
CA-2018-108910,24/09/2018,29/09/2018,Standard Class,KC-16540,Newark,Ohio,43055.0,East
CA-2015-104472,02/06/2015,07/06/2015,Standard Class,CK-12325,Orem,Utah,84057.0,West
CA-2017-112942,13/02/2017,18/02/2017,Standard Class,RD-19810,Los Angeles,California,90045.0,West
CA-2017-142335,15/12/2017,19/12/2017,Standard Class,MP-17965,Detroit,Michigan,48205.0,Central
CA-2015-117429,07/10/2015,13/10/2015,Standard Class,MR-17545,Philadelphia,Pennsylvania,19140.0,East
CA-2017-114713,07/07/2017,12/07/2017,Standard Class,SC-20695,Hialeah,Florida,33012.0,South
CA-2018-144113,16/09/2018,20/09/2018,Standard Class,JF-15355,Austin,Texas,78745.0,Central
US-2017-150861,03/12/2017,06/12/2017,First Class,EG-13900,Oceanside,New York,11572.0,East
CA-2018-131954,21/01/2018,25/01/2018,Standard Class,DS-13030,Seattle,Washington,98115.0,West
CA-2015-132500,08/09/2015,12/09/2015,Standard Class,GZ-14470,San Francisco,California,94110.0,West
CA-2015-112326,04/01/2015,08/01/2015,Standard Class,PO-19195,Naperville,Illinois,60540.0,Central
US-2017-146710,27/08/2017,01/09/2017,Standard Class,SS-20875,Dallas,Texas,75220.0,Central
CA-2015-124429,27/05/2015,27/05/2015,Same Day,MH-17785,San Diego,California,92105.0,West
CA-2017-150889,20/03/2017,22/03/2017,Second Class,PB-19105,Evanston,Illinois,60201.0,Central
CA-2018-126074,02/10/2018,06/10/2018,Standard Class,RF-19735,Trenton,Michigan,48183.0,Central
CA-2017-110499,07/04/2017,09/04/2017,First Class,YC-21895,San Francisco,California,94110.0,West
CA-2016-135272,07/12/2016,12/12/2016,Standard Class,MS-17830,Los Angeles,California,90036.0,West
CA-2017-140928,18/09/2017,22/09/2017,Standard Class,NB-18655,Jacksonville,Florida,32216.0,South
CA-2015-106803,29/12/2015,02/01/2016,Standard Class,DC-13285,Cottage Grove,Minnesota,55016.0,Central
CA-2018-117240,23/07/2018,28/07/2018,Standard Class,CP-12340,New York City,New York,10009.0,East
CA-2018-133333,18/09/2018,22/09/2018,Standard Class,BF-11020,Green Bay,Wisconsin,54302.0,Central
CA-2016-112319,31/08/2016,05/09/2016,Standard Class,AR-10510,Los Angeles,California,90004.0,West
CA-2018-126046,03/11/2018,07/11/2018,Standard Class,JC-16105,Atlanta,Georgia,30318.0,South
CA-2016-114923,08/02/2016,13/02/2016,Standard Class,LH-17020,Columbus,Ohio,43229.0,East
CA-2015-162775,13/01/2015,15/01/2015,Second Class,CS-12250,Bossier City,Louisiana,71111.0,South
CA-2015-106810,14/05/2015,20/05/2015,Standard Class,AJ-10795,Saint Petersburg,Florida,33710.0,South
CA-2017-157245,19/05/2017,24/05/2017,Standard Class,LE-16810,Arlington,Virginia,22204.0,South
CA-2018-104220,30/01/2018,05/02/2018,Standard Class,BV-11245,Des Moines,Iowa,50315.0,Central
CA-2015-165974,29/06/2015,06/07/2015,Standard Class,DL-12865,Cincinnati,Ohio,45231.0,East
CA-2016-144267,21/08/2016,23/08/2016,First Class,NZ-18565,San Francisco,California,94110.0,West
US-2016-157014,03/10/2016,06/10/2016,Second Class,BM-11785,Columbus,Ohio,43229.0,East
CA-2016-154921,23/05/2016,28/05/2016,Standard Class,EA-14035,Columbia,South Carolina,29203.0,South
CA-2018-129567,17/03/2018,21/03/2018,Second Class,CL-12565,Lancaster,California,93534.0,West
CA-2016-154620,12/12/2016,16/12/2016,Standard Class,LT-17110,Lancaster,California,93534.0,West
CA-2016-115938,26/06/2016,30/06/2016,Standard Class,SA-20830,Richmond,Virginia,23223.0,South
CA-2017-105256,20/05/2017,20/05/2017,Same Day,JK-15730,Asheville,North Carolina,28806.0,South
CA-2015-156433,20/09/2015,26/09/2015,Standard Class,ES-14020,San Francisco,California,94110.0,West
CA-2018-151428,21/09/2018,26/09/2018,Standard Class,RH-19495,Rochester,Minnesota,55901.0,Central
CA-2016-124653,24/12/2016,26/12/2016,First Class,DB-13120,Rochester,New York,14609.0,East
CA-2016-101910,27/11/2016,03/12/2016,Standard Class,CD-11920,Lake Elsinore,California,92530.0,West
CA-2018-105809,20/02/2018,23/02/2018,First Class,HW-14935,San Diego,California,92105.0,West
CA-2017-136133,18/08/2017,23/08/2017,Second Class,HW-14935,New York City,New York,10024.0,East
CA-2017-115504,12/03/2017,17/03/2017,Standard Class,MC-18130,Monroe,Louisiana,71203.0,South
CA-2018-135783,22/04/2018,24/04/2018,First Class,GM-14440,San Francisco,California,94122.0,West
CA-2015-134313,01/11/2015,07/11/2015,Standard Class,RA-19915,Denver,Colorado,80219.0,West
CA-2016-140921,03/02/2016,05/02/2016,First Class,AA-10375,Omaha,Nebraska,68104.0,Central
CA-2015-151995,13/10/2015,15/10/2015,First Class,ZC-21910,Edmonds,Washington,98026.0,West
CA-2018-143686,14/05/2018,14/05/2018,Same Day,PJ-19015,Santa Ana,California,92704.0,West
CA-2016-106565,20/03/2016,23/03/2016,First Class,BW-11110,Milwaukee,Wisconsin,53209.0,Central
CA-2017-149370,15/09/2017,19/09/2017,Standard Class,DB-13210,Philadelphia,Pennsylvania,19140.0,East
CA-2015-140858,28/06/2015,02/07/2015,Standard Class,CA-12775,Philadelphia,Pennsylvania,19140.0,East
CA-2018-101434,20/06/2018,27/06/2018,Standard Class,TR-21325,Belleville,New Jersey,7109.0,East
US-2015-102071,09/05/2015,15/05/2015,Standard Class,PG-18820,San Francisco,California,94110.0,West
CA-2018-126956,21/08/2018,28/08/2018,Standard Class,GT-14710,Lakeville,Minnesota,55044.0,Central
CA-2018-129462,16/06/2018,21/06/2018,Second Class,JE-15745,Florence,Kentucky,41042.0,South
CA-2017-165316,23/07/2017,27/07/2017,Standard Class,JB-15400,Tampa,Florida,33614.0,South
US-2015-115987,08/09/2015,13/09/2015,Second Class,LH-17020,Tyler,Texas,75701.0,Central
US-2018-156083,04/11/2018,11/11/2018,Standard Class,JL-15175,Columbia,Tennessee,38401.0,South
US-2017-137547,07/03/2017,12/03/2017,Standard Class,EB-13705,Fort Worth,Texas,76106.0,Central
CA-2016-100454,20/11/2016,25/11/2016,Standard Class,BM-11650,New York City,New York,10035.0,East
CA-2017-161669,07/11/2017,09/11/2017,First Class,EM-14095,Los Angeles,California,90036.0,West
CA-2016-114300,13/10/2016,17/10/2016,Standard Class,AF-10885,Louisville,Kentucky,40214.0,South
CA-2018-107503,01/01/2018,06/01/2018,Standard Class,GA-14725,Lorain,Ohio,44052.0,East
CA-2015-107755,07/02/2015,12/02/2015,Standard Class,CK-12760,Linden,New Jersey,7036.0,East
CA-2017-152534,20/06/2017,25/06/2017,Second Class,DP-13105,Salinas,California,93905.0,West
CA-2017-113747,28/05/2017,04/06/2017,Standard Class,VD-21670,Jackson,Mississippi,39212.0,South
CA-2017-123274,19/02/2017,24/02/2017,Standard Class,GT-14710,New York City,New York,10035.0,East
CA-2015-125612,03/08/2015,08/08/2015,Standard Class,BK-11260,New York City,New York,10035.0,East
CA-2018-161984,10/04/2018,15/04/2018,Standard Class,SJ-20125,New Brunswick,New Jersey,8901.0,East
CA-2015-133851,09/06/2015,16/06/2015,Standard Class,CM-12445,San Francisco,California,94122.0,West
CA-2017-134474,05/01/2017,07/01/2017,Second Class,AJ-10795,Jacksonville,Florida,32216.0,South
CA-2015-149020,10/01/2015,15/01/2015,Standard Class,AJ-10780,Springfield,Virginia,22153.0,South
CA-2017-134362,29/09/2017,02/10/2017,First Class,LS-16945,Philadelphia,Pennsylvania,19140.0,East
CA-2015-136742,06/04/2015,10/04/2015,Standard Class,GP-14740,Lancaster,Pennsylvania,17602.0,East
CA-2017-158099,03/09/2017,05/09/2017,First Class,PK-18910,Philadelphia,Pennsylvania,19143.0,East
CA-2016-131128,19/10/2016,20/10/2016,First Class,TB-21520,Concord,New Hampshire,3301.0,East
CA-2015-148488,10/12/2015,15/12/2015,Standard Class,SM-20005,New York City,New York,10009.0,East
CA-2018-114636,25/08/2018,29/08/2018,Standard Class,GA-14725,Charlotte,North Carolina,28205.0,South
CA-2017-116736,17/01/2017,21/01/2017,Standard Class,CC-12430,Concord,New Hampshire,3301.0,East
US-2015-158638,17/09/2015,21/09/2015,Standard Class,AG-10765,Philadelphia,Pennsylvania,19120.0,East
CA-2018-111689,30/11/2018,02/12/2018,Second Class,HP-14815,New York City,New York,10024.0,East
CA-2016-129098,09/10/2016,13/10/2016,Standard Class,DK-13090,Springfield,Virginia,22153.0,South
US-2018-123463,23/12/2018,23/12/2018,Same Day,GZ-14470,San Francisco,California,94109.0,West
CA-2017-165148,22/10/2017,24/10/2017,First Class,PM-19135,Detroit,Michigan,48227.0,Central
CA-2015-134061,29/04/2015,04/05/2015,Standard Class,LL-16840,Rochester,New York,14609.0,East
CA-2016-143602,25/04/2016,28/04/2016,Second Class,JS-15595,Los Angeles,California,90045.0,West
CA-2018-115364,26/06/2018,02/07/2018,Standard Class,OT-18730,San Diego,California,92105.0,West
CA-2018-150707,14/10/2018,19/10/2018,Standard Class,EL-13735,Columbia,Maryland,21044.0,East
CA-2015-104976,09/12/2015,16/12/2015,Standard Class,CK-12760,San Francisco,California,94122.0,West
CA-2018-132934,20/06/2018,26/06/2018,Standard Class,JE-15475,New Rochelle,New York,10801.0,East
CA-2018-133256,26/06/2018,27/06/2018,First Class,TH-21550,Detroit,Michigan,48227.0,Central
CA-2017-105494,10/11/2017,12/11/2017,First Class,PC-18745,San Francisco,California,94122.0,West
CA-2017-140634,03/10/2017,06/10/2017,Second Class,HL-15040,Houston,Texas,77095.0,Central
CA-2015-144407,09/09/2015,15/09/2015,Standard Class,MS-17365,Detroit,Michigan,48227.0,Central
CA-2018-160983,29/10/2018,31/10/2018,Second Class,GB-14530,Auburn,New York,13021.0,East
US-2017-114622,10/04/2017,12/04/2017,First Class,JR-16210,Springfield,Ohio,45503.0,East
CA-2018-150959,11/11/2018,13/11/2018,First Class,TD-20995,Garland,Texas,75043.0,Central
CA-2018-132353,15/09/2018,17/09/2018,First Class,DB-13060,Chicago,Illinois,60653.0,Central
CA-2017-130477,08/04/2017,12/04/2017,Standard Class,LC-17140,Los Angeles,California,90032.0,West
CA-2018-143259,30/12/2018,03/01/2019,Standard Class,PO-18865,New York City,New York,10009.0,East
CA-2018-137596,02/09/2018,07/09/2018,Standard Class,BE-11335,Jackson,Michigan,49201.0,Central
CA-2016-133627,31/05/2016,07/06/2016,Standard Class,SC-20050,Norwich,Connecticut,6360.0,East
CA-2018-102519,27/11/2018,29/11/2018,First Class,BM-11650,Milwaukee,Wisconsin,53209.0,Central
US-2015-141215,15/06/2015,21/06/2015,Standard Class,KL-16555,San Antonio,Texas,78207.0,Central
CA-2017-165218,05/03/2017,11/03/2017,Standard Class,RW-19630,Dallas,Texas,75220.0,Central
CA-2015-138296,05/12/2015,12/12/2015,Standard Class,RC-19825,Alexandria,Virginia,22304.0,South
CA-2016-111164,11/04/2016,15/04/2016,Standard Class,SE-20110,New York City,New York,10009.0,East
CA-2017-149797,15/09/2017,20/09/2017,Standard Class,AH-10075,New York City,New York,10011.0,East
CA-2015-132962,13/09/2015,16/09/2015,First Class,JM-15535,Philadelphia,Pennsylvania,19143.0,East
CA-2016-115091,05/10/2016,09/10/2016,Standard Class,JJ-15760,Springfield,Virginia,22153.0,South
CA-2018-144932,14/04/2018,17/04/2018,First Class,AB-10165,Toledo,Ohio,43615.0,East
CA-2018-114216,02/09/2018,06/09/2018,Standard Class,RK-19300,Philadelphia,Pennsylvania,19140.0,East
CA-2017-140081,20/06/2017,24/06/2017,Standard Class,CG-12040,Philadelphia,Pennsylvania,19120.0,East
US-2018-111745,05/11/2018,06/11/2018,First Class,RA-19885,Farmington,New Mexico,87401.0,West
CA-2016-148250,13/12/2016,17/12/2016,Standard Class,RP-19270,Riverside,California,92503.0,West
CA-2017-105760,19/06/2017,20/06/2017,First Class,KC-16255,San Francisco,California,94110.0,West
CA-2017-142958,13/12/2017,20/12/2017,Standard Class,RW-19630,Torrance,California,90503.0,West
CA-2016-120880,29/05/2016,03/06/2016,Standard Class,JL-15850,Seattle,Washington,98105.0,West
US-2016-140200,26/07/2016,28/07/2016,First Class,CA-12775,Mesa,Arizona,85204.0,West
US-2018-110576,28/11/2018,02/12/2018,Standard Class,RB-19795,Philadelphia,Pennsylvania,19120.0,East
CA-2018-131156,03/04/2018,07/04/2018,Standard Class,KH-16360,Philadelphia,Pennsylvania,19143.0,East
CA-2018-136539,28/12/2018,01/01/2019,Standard Class,GH-14665,Round Rock,Texas,78664.0,Central
CA-2018-119305,30/11/2018,04/12/2018,Standard Class,SW-20275,Jackson,Mississippi,39212.0,South
CA-2018-102414,15/05/2018,18/05/2018,Second Class,JA-15970,Phoenix,Arizona,85023.0,West
CA-2016-112571,22/09/2016,22/09/2016,Same Day,DL-12925,Oceanside,California,92054.0,West
CA-2018-152142,14/11/2018,19/11/2018,Standard Class,LW-16990,San Francisco,California,94110.0,West
CA-2016-160059,27/11/2016,01/12/2016,Standard Class,TB-21190,Fayetteville,Arkansas,72701.0,South
CA-2017-120859,01/09/2017,04/09/2017,First Class,CV-12805,San Francisco,California,94110.0,West
CA-2015-127488,22/09/2015,24/09/2015,Second Class,MS-17365,Boca Raton,Florida,33433.0,South
CA-2018-135279,09/04/2018,11/04/2018,First Class,BS-11800,New York City,New York,10011.0,East
CA-2015-115791,16/01/2015,18/01/2015,Second Class,DL-13315,Philadelphia,Pennsylvania,19134.0,East
US-2018-103247,05/10/2018,08/10/2018,Second Class,PO-19195,New York City,New York,10011.0,East
US-2018-100209,09/07/2018,15/07/2018,Standard Class,TD-20995,Portland,Oregon,97206.0,West
CA-2018-159366,07/01/2018,10/01/2018,First Class,BW-11110,Detroit,Michigan,48205.0,Central
CA-2017-145499,30/05/2017,31/05/2017,First Class,RW-19690,Wilmington,North Carolina,28403.0,South
CA-2016-157035,09/12/2016,12/12/2016,First Class,KB-16600,Columbus,Indiana,47201.0,Central
CA-2017-144939,03/10/2017,08/10/2017,Standard Class,EB-13870,New York City,New York,10035.0,East
CA-2015-163419,11/11/2015,14/11/2015,Second Class,TZ-21580,Louisville,Colorado,80027.0,West
CA-2018-100314,29/09/2018,05/10/2018,Standard Class,AS-10630,Pasadena,Texas,77506.0,Central
CA-2016-146829,10/03/2016,10/03/2016,Same Day,TS-21340,Houston,Texas,77041.0,Central
CA-2018-167899,21/05/2018,26/05/2018,Standard Class,JG-15805,Auburn,New York,13021.0,East
CA-2016-153549,29/03/2016,31/03/2016,Second Class,SL-20155,Jacksonville,Florida,32216.0,South
CA-2017-110023,09/09/2017,11/09/2017,First Class,TS-21610,New York City,New York,10024.0,East
CA-2017-105585,26/08/2017,27/08/2017,First Class,RF-19735,San Jose,California,95123.0,West
CA-2015-117639,21/05/2015,25/05/2015,Standard Class,MW-18235,Virginia Beach,Virginia,23464.0,South
CA-2016-162537,28/10/2016,03/11/2016,Standard Class,RD-19585,Henderson,Kentucky,42420.0,South
CA-2017-155488,13/11/2017,17/11/2017,Standard Class,FM-14290,Vancouver,Washington,98661.0,West
CA-2016-124891,31/07/2016,31/07/2016,Same Day,RH-19495,New York City,New York,10024.0,East
CA-2016-126445,27/08/2016,31/08/2016,Standard Class,RA-19945,Murrieta,California,92563.0,West
CA-2016-111199,13/11/2016,17/11/2016,Standard Class,JK-15730,Jacksonville,North Carolina,28540.0,South
CA-2016-105312,06/11/2016,09/11/2016,First Class,MT-17815,Scottsdale,Arizona,85254.0,West
US-2018-106705,26/12/2018,01/01/2019,Standard Class,PO-18850,Burlington,Iowa,52601.0,Central
CA-2018-135034,01/08/2018,03/08/2018,First Class,AT-10735,Chicago,Illinois,60653.0,Central
CA-2015-158540,24/11/2015,26/11/2015,First Class,VG-21790,San Diego,California,92037.0,West
CA-2018-118437,17/06/2018,21/06/2018,Second Class,PF-19165,Olympia,Washington,98502.0,West
US-2016-126214,21/12/2016,24/12/2016,Second Class,JS-15880,Seattle,Washington,98103.0,West
CA-2016-133025,17/09/2016,19/09/2016,Second Class,MO-17800,Los Angeles,California,90036.0,West
CA-2016-108665,06/07/2016,10/07/2016,Standard Class,KM-16225,New York City,New York,10011.0,East
CA-2016-124450,27/04/2016,03/05/2016,Standard Class,GT-14710,Washington,District of Columbia,20016.0,East
CA-2016-167269,16/06/2016,20/06/2016,Standard Class,PB-19150,Philadelphia,Pennsylvania,19134.0,East
CA-2018-106964,17/12/2018,20/12/2018,First Class,HR-14770,Los Angeles,California,90045.0,West
CA-2017-126529,11/01/2017,13/01/2017,Second Class,DE-13255,Springfield,Ohio,45503.0,East
CA-2015-163552,11/07/2015,15/07/2015,Standard Class,LA-16780,Hackensack,New Jersey,7601.0,East
CA-2017-109820,20/11/2017,22/11/2017,First Class,AG-10390,Cincinnati,Ohio,45231.0,East
CA-2017-113061,22/04/2017,26/04/2017,Standard Class,EL-13735,Jefferson City,Missouri,65109.0,Central
CA-2016-127418,13/06/2016,14/06/2016,First Class,JJ-15445,Los Angeles,California,90004.0,West
CA-2018-121818,20/11/2018,21/11/2018,First Class,JH-15430,Burlington,North Carolina,27217.0,South
CA-2017-127670,20/03/2017,24/03/2017,Standard Class,RD-19660,Saint Peters,Missouri,63376.0,Central
CA-2017-102981,06/09/2017,09/09/2017,Second Class,MO-17500,New York City,New York,10035.0,East
CA-2018-115651,09/07/2018,12/07/2018,First Class,NS-18640,Chicago,Illinois,60610.0,Central
CA-2018-152702,12/10/2018,16/10/2018,Standard Class,SN-20710,Rockford,Illinois,61107.0,Central
CA-2017-169103,08/03/2017,13/03/2017,Standard Class,ZC-21910,Miami,Florida,33142.0,South
CA-2015-139192,27/05/2015,01/06/2015,Second Class,LC-16885,San Francisco,California,94109.0,West
US-2016-153500,03/07/2016,05/07/2016,First Class,DG-13300,Philadelphia,Pennsylvania,19134.0,East
CA-2016-110667,04/04/2016,08/04/2016,Standard Class,NF-18595,New York City,New York,10009.0,East
CA-2018-167150,10/12/2018,17/12/2018,Standard Class,BP-11185,San Diego,California,92037.0,West
CA-2017-105284,24/11/2017,01/12/2017,Standard Class,MG-17650,Philadelphia,Pennsylvania,19143.0,East
US-2016-125374,23/03/2016,29/03/2016,Standard Class,JD-16060,Houston,Texas,77095.0,Central
CA-2016-161263,16/04/2016,21/04/2016,Standard Class,TS-21160,Toledo,Ohio,43615.0,East
CA-2017-157686,01/10/2017,02/10/2017,First Class,BD-11620,San Francisco,California,94122.0,West
US-2018-139955,28/09/2018,30/09/2018,Second Class,CM-12160,Brownsville,Texas,78521.0,Central
US-2016-150161,25/07/2016,29/07/2016,Standard Class,RB-19795,Philadelphia,Pennsylvania,19143.0,East
CA-2016-144652,20/11/2016,26/11/2016,Standard Class,SN-20560,Los Angeles,California,90008.0,West
CA-2017-152814,28/04/2017,02/05/2017,Standard Class,EH-14005,Denver,Colorado,80219.0,West
CA-2018-106943,14/11/2018,19/11/2018,Standard Class,FO-14305,New York City,New York,10035.0,East
CA-2017-134348,12/11/2017,19/11/2017,Standard Class,MS-17710,Mesa,Arizona,85204.0,West
CA-2017-161781,29/09/2017,30/09/2017,First Class,CC-12100,Columbus,Indiana,47201.0,Central
CA-2018-132521,23/09/2018,25/09/2018,Second Class,DW-13540,Seattle,Washington,98105.0,West
CA-2016-110016,29/11/2016,04/12/2016,Standard Class,BT-11395,Detroit,Michigan,48227.0,Central
US-2017-143819,01/03/2017,05/03/2017,Standard Class,KD-16270,Yonkers,New York,10701.0,East
CA-2017-167584,12/08/2017,12/08/2017,Same Day,LC-16870,Des Moines,Iowa,50315.0,Central
CA-2017-166163,15/08/2017,20/08/2017,Second Class,CY-12745,Oakland,California,94601.0,West
CA-2018-158407,04/06/2018,10/06/2018,Standard Class,LW-16990,Monroe,North Carolina,28110.0,South
CA-2016-143490,06/12/2016,13/12/2016,Standard Class,NP-18325,San Diego,California,92105.0,West
CA-2016-165085,27/12/2016,31/12/2016,Standard Class,BT-11485,Clinton,Maryland,20735.0,East
CA-2018-160423,21/01/2018,26/01/2018,Standard Class,PS-19045,Charlotte,North Carolina,28205.0,South
CA-2015-159338,25/06/2015,28/06/2015,First Class,NS-18640,Los Angeles,California,90049.0,West
CA-2017-107216,14/06/2017,17/06/2017,First Class,PV-18985,San Francisco,California,94122.0,West
US-2018-145863,21/04/2018,27/04/2018,Standard Class,RP-19390,Houston,Texas,77041.0,Central
CA-2017-112340,21/10/2017,27/10/2017,Standard Class,NM-18520,Riverside,California,92503.0,West
US-2017-110156,19/11/2017,24/11/2017,Standard Class,EH-13945,Houston,Texas,77041.0,Central
CA-2018-140585,18/12/2018,23/12/2018,Second Class,RA-19915,Encinitas,California,92024.0,West
CA-2017-144855,22/07/2017,24/07/2017,Second Class,DL-13495,San Francisco,California,94110.0,West
CA-2016-142755,04/09/2016,08/09/2016,Standard Class,CS-12355,Roswell,Georgia,30076.0,South
US-2015-147627,20/01/2015,26/01/2015,Standard Class,HL-15040,Jonesboro,Arkansas,72401.0,South
CA-2016-105970,02/03/2016,07/03/2016,Standard Class,PA-19060,Richmond,Indiana,47374.0,Central
CA-2017-112102,12/04/2017,16/04/2017,Standard Class,BD-11605,Springfield,Virginia,22153.0,South
US-2017-114776,06/12/2017,07/12/2017,First Class,GG-14650,Antioch,California,94509.0,West
US-2017-134908,05/06/2017,09/06/2017,Standard Class,JS-15940,Philadelphia,Pennsylvania,19134.0,East
US-2017-148803,11/12/2017,11/12/2017,Same Day,LR-16915,Homestead,Florida,33030.0,South
CA-2017-152170,12/11/2017,15/11/2017,Second Class,FH-14275,La Porte,Indiana,46350.0,Central
CA-2015-146969,29/09/2015,03/10/2015,Standard Class,AP-10915,Los Angeles,California,90045.0,West
CA-2016-112452,04/04/2016,04/04/2016,Same Day,NC-18340,Lansing,Michigan,48911.0,Central
CA-2016-113971,08/05/2016,14/05/2016,Standard Class,CB-12535,Cuyahoga Falls,Ohio,44221.0,East
CA-2017-160395,31/12/2017,06/01/2018,Standard Class,KL-16555,Reno,Nevada,89502.0,West
CA-2015-136567,20/12/2015,21/12/2015,First Class,PS-19045,Harrisonburg,Virginia,22801.0,South
CA-2017-149314,02/07/2017,07/07/2017,Second Class,GB-14530,Los Angeles,California,90004.0,West
CA-2018-147039,29/06/2018,04/07/2018,Standard Class,AA-10315,Minneapolis,Minnesota,55407.0,Central
CA-2015-126522,01/09/2015,05/09/2015,Second Class,LT-16765,Escondido,California,92025.0,West
CA-2015-127964,03/03/2015,08/03/2015,Standard Class,AP-10720,New York City,New York,10035.0,East
CA-2015-117709,04/05/2015,08/05/2015,Standard Class,PM-18940,Jackson,Michigan,49201.0,Central
CA-2016-125416,02/11/2016,02/11/2016,Same Day,KC-16540,Seattle,Washington,98115.0,West
CA-2018-145226,08/12/2018,10/12/2018,Second Class,DL-13315,New York City,New York,10035.0,East
US-2015-100279,10/03/2015,14/03/2015,Standard Class,SW-20275,Royal Oak,Michigan,48073.0,Central
CA-2015-158064,21/04/2015,25/04/2015,Standard Class,AA-10375,Los Angeles,California,90008.0,West
US-2016-104430,22/10/2016,26/10/2016,Standard Class,LT-17110,Bloomington,Illinois,61701.0,Central
CA-2016-132080,22/08/2016,25/08/2016,First Class,DP-13105,New York City,New York,10035.0,East
CA-2017-161207,29/08/2017,03/09/2017,Standard Class,AB-10060,Concord,New Hampshire,3301.0,East
CA-2015-120243,27/12/2015,30/12/2015,Second Class,AT-10435,Los Angeles,California,90004.0,West
CA-2017-113621,01/12/2017,05/12/2017,Standard Class,JE-15745,Rockville,Maryland,20852.0,East
CA-2017-168081,24/04/2017,27/04/2017,Second Class,CA-12055,Houston,Texas,77070.0,Central
CA-2015-128146,21/06/2015,25/06/2015,Standard Class,DB-13060,Lakewood,New Jersey,8701.0,East
CA-2018-138779,14/01/2018,15/01/2018,First Class,RB-19570,Jacksonville,North Carolina,28540.0,South
CA-2015-127131,24/11/2015,30/11/2015,Standard Class,HR-14830,Seattle,Washington,98103.0,West
CA-2018-117212,26/02/2018,28/02/2018,Second Class,BT-11530,Los Angeles,California,90036.0,West
US-2016-130519,15/09/2016,15/09/2016,Same Day,NG-18355,Coral Springs,Florida,33065.0,South
CA-2017-130946,08/04/2017,12/04/2017,Standard Class,ZC-21910,Houston,Texas,77041.0,Central
CA-2017-114727,18/07/2017,24/07/2017,Standard Class,LS-16945,Denver,Colorado,80219.0,West
CA-2018-133235,01/08/2018,04/08/2018,First Class,LH-16750,Charlotte,North Carolina,28205.0,South
CA-2017-137050,14/07/2017,18/07/2017,Second Class,SW-20755,New York City,New York,10009.0,East
US-2018-118087,09/09/2018,13/09/2018,Standard Class,SP-20620,Philadelphia,Pennsylvania,19134.0,East
CA-2015-110184,12/07/2015,16/07/2015,Standard Class,BF-11170,Los Angeles,California,90036.0,West
CA-2017-126004,04/12/2017,05/12/2017,First Class,BM-11140,New York City,New York,10024.0,East
CA-2018-100013,06/11/2018,11/11/2018,Standard Class,ZC-21910,Los Angeles,California,90045.0,West
CA-2016-132570,31/10/2016,02/11/2016,Second Class,KT-16480,Buffalo,New York,14215.0,East
CA-2017-153682,30/05/2017,01/06/2017,First Class,BG-11695,Cincinnati,Ohio,45231.0,East
CA-2017-144344,28/10/2017,28/10/2017,Same Day,PG-18820,Boynton Beach,Florida,33437.0,South
CA-2015-127012,11/08/2015,15/08/2015,Standard Class,GM-14680,Seattle,Washington,98105.0,West
CA-2017-128727,29/08/2017,04/09/2017,Standard Class,MO-17800,New York City,New York,10024.0,East
US-2017-162859,15/02/2017,22/02/2017,Standard Class,PG-18820,New York City,New York,10009.0,East
CA-2018-133641,14/05/2018,21/05/2018,Standard Class,EJ-14155,Gulfport,Mississippi,39503.0,South
CA-2015-168494,12/12/2015,14/12/2015,Second Class,NP-18700,Fresno,California,93727.0,West
CA-2018-115602,18/12/2018,24/12/2018,Standard Class,DJ-13630,New York City,New York,10009.0,East
CA-2016-154956,04/07/2016,09/07/2016,Standard Class,IM-15070,Milwaukee,Wisconsin,53209.0,Central
CA-2018-144638,10/03/2018,14/03/2018,Standard Class,MH-18115,Chester,Pennsylvania,19013.0,East
US-2017-168620,24/12/2017,28/12/2017,Second Class,RB-19795,Charlotte,North Carolina,28205.0,South
CA-2018-117079,23/10/2018,27/10/2018,Standard Class,JR-15700,Jacksonville,Florida,32216.0,South
US-2017-144393,28/10/2017,04/11/2017,Standard Class,SM-20950,Greenville,North Carolina,27834.0,South
CA-2018-105053,07/07/2018,09/07/2018,Second Class,CS-12355,Long Beach,New York,11561.0,East
CA-2017-155992,01/10/2017,02/10/2017,First Class,CC-12220,La Porte,Indiana,46350.0,Central
CA-2018-110380,02/09/2018,07/09/2018,Standard Class,PF-19225,San Francisco,California,94122.0,West
US-2015-167738,24/12/2015,29/12/2015,Standard Class,JC-16105,Los Angeles,California,90045.0,West
CA-2018-121412,23/09/2018,27/09/2018,Standard Class,BG-11695,Louisville,Colorado,80027.0,West
CA-2018-100426,04/06/2018,08/06/2018,Standard Class,DC-12850,Florence,Alabama,35630.0,South
US-2017-103646,21/04/2017,26/04/2017,Standard Class,SP-20545,Chicago,Illinois,60623.0,Central
CA-2017-119186,26/05/2017,26/05/2017,Same Day,MS-17710,Fort Worth,Texas,76106.0,Central
CA-2017-148698,02/05/2017,07/05/2017,Standard Class,BD-11770,Houston,Texas,77070.0,Central
CA-2015-163293,08/09/2015,11/09/2015,First Class,KC-16255,Macon,Georgia,31204.0,South
CA-2017-160815,05/09/2017,06/09/2017,First Class,TR-21325,Cedar Rapids,Iowa,52402.0,Central
CA-2018-122154,09/04/2018,11/04/2018,First Class,SA-20830,Jacksonville,Florida,32216.0,South
US-2016-149692,06/12/2016,12/12/2016,Standard Class,KW-16435,Austin,Texas,78745.0,Central
CA-2017-119445,26/06/2017,03/07/2017,Standard Class,GM-14500,Providence,Rhode Island,2908.0,East
CA-2016-124268,04/07/2016,08/07/2016,Standard Class,AD-10180,New York City,New York,10035.0,East
CA-2017-154711,22/11/2017,26/11/2017,Standard Class,TB-21355,New York City,New York,10009.0,East
CA-2017-163384,10/11/2017,12/11/2017,First Class,CC-12430,San Francisco,California,94122.0,West
CA-2016-101707,27/08/2016,01/09/2016,Standard Class,PF-19165,San Diego,California,92105.0,West
CA-2016-138898,25/05/2016,29/05/2016,Standard Class,JH-16180,Pueblo,Colorado,81001.0,West
CA-2018-115427,30/12/2018,03/01/2019,Standard Class,EB-13975,Fairfield,California,94533.0,West
CA-2017-134425,08/12/2017,12/12/2017,Second Class,QJ-19255,Saint Paul,Minnesota,55106.0,Central
CA-2016-121391,04/10/2016,07/10/2016,First Class,AA-10315,San Francisco,California,94109.0,West
CA-2017-137043,23/12/2017,25/12/2017,Second Class,LC-17140,Springfield,Virginia,22153.0,South
CA-2016-115847,19/09/2016,24/09/2016,Second Class,TC-21535,Arlington,Virginia,22204.0,South
US-2018-126179,03/07/2018,07/07/2018,Standard Class,CS-12460,Columbus,Georgia,31907.0,South
CA-2017-101966,14/07/2017,16/07/2017,Second Class,BM-11785,Houston,Texas,77036.0,Central
CA-2017-141397,20/06/2017,21/06/2017,First Class,RC-19825,Pasadena,California,91104.0,West
CA-2017-141082,09/12/2017,13/12/2017,Standard Class,FM-14380,Lawrence,Massachusetts,1841.0,East
US-2017-134488,24/09/2017,01/10/2017,Standard Class,PK-19075,Columbus,Ohio,43229.0,East
CA-2017-145919,18/12/2017,23/12/2017,Standard Class,HG-14965,Los Angeles,California,90032.0,West
CA-2018-157651,10/12/2018,14/12/2018,Standard Class,HA-14920,Philadelphia,Pennsylvania,19120.0,East
CA-2015-160773,01/07/2015,05/07/2015,Standard Class,LW-16825,Deltona,Florida,32725.0,South
CA-2018-167703,03/02/2018,08/02/2018,Standard Class,MC-17575,Cincinnati,Ohio,45231.0,East
CA-2018-121804,03/03/2018,08/03/2018,Standard Class,LP-17095,Murray,Kentucky,42071.0,South
CA-2018-162635,09/10/2018,10/10/2018,First Class,EB-14170,Wilmington,North Carolina,28403.0,South
CA-2015-107153,28/09/2015,03/10/2015,Standard Class,GZ-14545,Lawrence,Massachusetts,1841.0,East
US-2015-117058,27/05/2015,30/05/2015,First Class,LE-16810,Chicago,Illinois,60653.0,Central
CA-2016-120439,14/06/2016,18/06/2016,Standard Class,AD-10180,Philadelphia,Pennsylvania,19120.0,East
CA-2017-128258,30/03/2017,01/04/2017,First Class,CP-12085,Norwich,Connecticut,6360.0,East
CA-2018-106033,15/10/2018,18/10/2018,Second Class,FG-14260,San Francisco,California,94110.0,West
CA-2017-142762,23/05/2017,27/05/2017,Standard Class,LD-17005,San Francisco,California,94109.0,West
CA-2018-127705,02/06/2018,06/06/2018,Standard Class,AB-10255,Lorain,Ohio,44052.0,East
CA-2015-122567,16/02/2015,21/02/2015,Standard Class,MN-17935,Dallas,Texas,75220.0,Central
CA-2015-121664,06/05/2015,10/05/2015,Standard Class,HP-14815,Los Angeles,California,90049.0,West
CA-2017-122133,16/05/2017,23/05/2017,Standard Class,JR-15670,Middletown,Connecticut,6457.0,East
US-2018-123281,02/04/2018,07/04/2018,Standard Class,JF-15190,Los Angeles,California,90008.0,West
CA-2018-100524,31/03/2018,02/04/2018,Second Class,CM-12115,New York City,New York,10011.0,East
CA-2018-113481,02/01/2018,04/01/2018,First Class,AS-10045,Jacksonville,North Carolina,28540.0,South
CA-2016-131758,28/05/2016,01/06/2016,Standard Class,KB-16315,Freeport,New York,11520.0,East
CA-2015-118339,17/03/2015,24/03/2015,Standard Class,BN-11515,Lakeville,Minnesota,55044.0,Central
CA-2015-153976,03/10/2015,08/10/2015,Second Class,BP-11290,Evanston,Illinois,60201.0,Central
CA-2017-162901,28/03/2017,31/03/2017,First Class,AS-10045,Arlington,Virginia,22204.0,South
CA-2018-162978,04/05/2018,09/05/2018,Standard Class,LW-16990,San Francisco,California,94109.0,West
US-2015-160444,05/07/2015,05/07/2015,Same Day,DC-12850,Houston,Texas,77036.0,Central
CA-2017-145247,05/05/2017,07/05/2017,First Class,ND-18370,Louisville,Kentucky,40214.0,South
CA-2018-160045,26/04/2018,27/04/2018,First Class,LB-16735,Fort Worth,Texas,76106.0,Central
US-2015-151925,26/09/2015,01/10/2015,Second Class,KT-16465,Los Angeles,California,90049.0,West
CA-2018-125199,19/10/2018,25/10/2018,Standard Class,HM-14860,Philadelphia,Pennsylvania,19120.0,East
US-2018-155425,10/11/2018,11/11/2018,First Class,AB-10600,Tucson,Arizona,85705.0,West
CA-2018-133249,08/07/2018,11/07/2018,First Class,SZ-20035,Pico Rivera,California,90660.0,West
US-2016-103471,24/12/2016,28/12/2016,Standard Class,JR-15670,Colorado Springs,Colorado,80906.0,West
CA-2018-136672,07/03/2018,12/03/2018,Standard Class,MG-17890,Clinton,Maryland,20735.0,East
US-2015-157021,01/04/2015,06/04/2015,Second Class,KM-16720,Vallejo,California,94591.0,West
CA-2016-120362,14/09/2016,19/09/2016,Standard Class,CA-12265,Provo,Utah,84604.0,West
CA-2015-126361,04/08/2015,09/08/2015,Second Class,VD-21670,Pleasant Grove,Utah,84062.0,West
US-2017-100566,03/09/2017,09/09/2017,Standard Class,JK-16120,Aurora,Illinois,60505.0,Central
US-2017-108504,05/02/2017,05/02/2017,Same Day,PP-18955,Smyrna,Georgia,30080.0,South
CA-2018-124828,03/07/2018,04/07/2018,First Class,YS-21880,Burlington,North Carolina,27217.0,South
US-2018-117247,09/10/2018,14/10/2018,Standard Class,CK-12760,Aurora,Illinois,60505.0,Central
CA-2017-124485,24/11/2017,26/11/2017,First Class,NC-18340,New York City,New York,10035.0,East
CA-2017-159212,01/11/2017,05/11/2017,Standard Class,KM-16375,Salem,Virginia,24153.0,South
US-2017-161396,19/04/2017,25/04/2017,Standard Class,GM-14455,Columbus,Ohio,43229.0,East
US-2015-118486,06/04/2015,08/04/2015,First Class,SD-20485,Philadelphia,Pennsylvania,19143.0,East
CA-2017-130407,02/09/2017,06/09/2017,Standard Class,KD-16270,New York City,New York,10024.0,East
US-2017-122245,25/09/2017,30/09/2017,Standard Class,AB-10105,Phoenix,Arizona,85023.0,West
CA-2018-105144,04/11/2018,11/11/2018,Standard Class,SZ-20035,Grand Prairie,Texas,75051.0,Central
CA-2017-136329,09/07/2017,13/07/2017,Standard Class,JD-15895,New York City,New York,10035.0,East
CA-2015-146640,30/06/2015,05/07/2015,Standard Class,HA-14905,New York City,New York,10024.0,East
CA-2018-115994,28/01/2018,31/01/2018,Second Class,BT-11305,Costa Mesa,California,92627.0,West
CA-2016-126697,21/09/2016,24/09/2016,First Class,SV-20815,Houston,Texas,77041.0,Central
CA-2016-124800,26/09/2016,30/09/2016,Standard Class,RW-19540,Mesa,Arizona,85204.0,West
US-2016-164448,31/10/2016,04/11/2016,Second Class,DK-12835,Salinas,California,93905.0,West
CA-2018-122700,26/11/2018,30/11/2018,Standard Class,LT-17110,Columbus,Ohio,43229.0,East
CA-2015-120768,19/12/2015,21/12/2015,Second Class,IM-15070,Florence,Alabama,35630.0,South
US-2017-153129,26/12/2017,30/12/2017,Standard Class,FP-14320,Seattle,Washington,98105.0,West
CA-2018-106852,20/06/2018,27/06/2018,Standard Class,ST-20530,Parma,Ohio,44134.0,East
CA-2016-139731,15/10/2016,15/10/2016,Same Day,JE-15745,Amarillo,Texas,79109.0,Central
CA-2018-122735,12/04/2018,15/04/2018,Second Class,BD-11320,Providence,Rhode Island,2908.0,East
CA-2018-128160,19/12/2018,24/12/2018,Second Class,MM-17920,San Francisco,California,94110.0,West
CA-2018-117695,05/08/2018,08/08/2018,First Class,PW-19030,Richmond,Kentucky,40475.0,South
CA-2016-166135,01/10/2016,06/10/2016,Standard Class,SC-20440,Aurora,Colorado,80013.0,West
CA-2017-133725,23/05/2017,28/05/2017,Standard Class,KL-16645,Chicago,Illinois,60623.0,Central
CA-2018-102337,13/06/2018,16/06/2018,First Class,SD-20485,Chicago,Illinois,60653.0,Central
US-2015-112564,23/04/2015,24/04/2015,First Class,TS-21160,Philadelphia,Pennsylvania,19134.0,East
CA-2016-145821,01/05/2016,07/05/2016,Standard Class,JB-15400,Los Angeles,California,90008.0,West
US-2016-160150,19/07/2016,20/07/2016,First Class,TS-21085,Phoenix,Arizona,85023.0,West
CA-2017-133711,26/11/2017,29/11/2017,First Class,MC-17425,Mobile,Alabama,36608.0,South
CA-2018-148474,12/06/2018,19/06/2018,Standard Class,ME-17320,Columbus,Georgia,31907.0,South
CA-2016-111297,17/08/2016,21/08/2016,Standard Class,SC-20440,New Bedford,Massachusetts,2740.0,East
CA-2017-123722,25/09/2017,01/10/2017,Standard Class,NH-18610,Irving,Texas,75061.0,Central
CA-2015-155271,04/05/2015,04/05/2015,Same Day,AA-10480,Middletown,Connecticut,6457.0,East
CA-2016-119907,01/12/2016,08/12/2016,Standard Class,LC-17140,Seattle,Washington,98103.0,West
US-2017-128902,11/03/2017,15/03/2017,Standard Class,MB-18085,Vineland,New Jersey,8360.0,East
CA-2017-152289,26/08/2017,28/08/2017,First Class,LC-16930,Pasadena,Texas,77506.0,Central
US-2017-104794,16/12/2017,19/12/2017,First Class,KD-16495,New York City,New York,10009.0,East
CA-2015-151708,08/08/2015,14/08/2015,Standard Class,MB-17305,Glendale,Arizona,85301.0,West
CA-2016-100769,16/05/2016,16/05/2016,Same Day,TH-21550,Jacksonville,Florida,32216.0,South
CA-2018-139199,09/12/2018,13/12/2018,Standard Class,DK-12835,Detroit,Michigan,48234.0,Central
US-2016-161466,24/09/2016,27/09/2016,Second Class,ON-18715,Philadelphia,Pennsylvania,19120.0,East
CA-2018-164959,11/07/2018,15/07/2018,Standard Class,KN-16390,Los Angeles,California,90004.0,West
US-2016-105676,01/12/2016,02/12/2016,Same Day,NM-18520,Houston,Texas,77036.0,Central
CA-2017-113138,19/11/2017,25/11/2017,Standard Class,NP-18685,Niagara Falls,New York,14304.0,East
US-2018-104955,19/03/2018,24/03/2018,Standard Class,CG-12040,New York City,New York,10024.0,East
CA-2017-121958,13/11/2017,17/11/2017,Standard Class,CS-12505,Thomasville,North Carolina,27360.0,South
CA-2018-121468,19/11/2018,20/11/2018,First Class,KD-16345,Westminster,California,92683.0,West
US-2017-108455,02/12/2017,08/12/2017,Standard Class,MK-18160,San Francisco,California,94122.0,West
CA-2018-101210,25/08/2018,28/08/2018,Second Class,DW-13540,Jackson,Tennessee,38301.0,South
US-2017-108098,14/10/2017,18/10/2017,Standard Class,CP-12340,Seattle,Washington,98115.0,West
CA-2015-119032,27/11/2015,03/12/2015,Standard Class,MS-17770,New York City,New York,10035.0,East
CA-2016-140410,03/11/2016,07/11/2016,Standard Class,CM-12655,Los Angeles,California,90008.0,West
CA-2015-136280,29/11/2015,06/12/2015,Standard Class,Co-12640,Philadelphia,Pennsylvania,19143.0,East
CA-2018-151911,30/04/2018,05/05/2018,Second Class,DL-13495,New York City,New York,10024.0,East
CA-2018-166436,24/11/2018,28/11/2018,Standard Class,TS-21370,New York City,New York,10035.0,East
CA-2018-139661,30/10/2018,03/11/2018,Standard Class,JW-15220,Vancouver,Washington,98661.0,West
CA-2015-123925,17/12/2015,19/12/2015,Second Class,RF-19840,Columbus,Georgia,31907.0,South
CA-2018-152485,04/09/2018,08/09/2018,Standard Class,JD-15790,Coppell,Texas,75019.0,Central
CA-2017-141586,17/10/2017,20/10/2017,First Class,NK-18490,San Francisco,California,94122.0,West
CA-2018-130386,12/11/2018,18/11/2018,Standard Class,NG-18430,Austin,Texas,78745.0,Central
CA-2017-100468,24/11/2017,01/12/2017,Standard Class,AT-10435,Los Angeles,California,90045.0,West
CA-2016-153388,01/08/2016,07/08/2016,Standard Class,PC-19000,Los Angeles,California,90004.0,West
CA-2018-154935,24/12/2018,29/12/2018,Standard Class,AR-10540,New York City,New York,10024.0,East
CA-2017-134208,17/09/2017,23/09/2017,Standard Class,CS-12505,Columbus,Georgia,31907.0,South
CA-2018-108294,10/12/2018,10/12/2018,Same Day,LS-16975,Omaha,Nebraska,68104.0,Central
CA-2018-103611,12/09/2018,15/09/2018,First Class,JM-15535,Los Angeles,California,90036.0,West
CA-2018-100384,24/06/2018,01/07/2018,Standard Class,NH-18610,Pomona,California,91767.0,West
CA-2018-112809,18/08/2018,22/08/2018,Standard Class,RA-19915,Dallas,Texas,75220.0,Central
US-2018-160759,11/12/2018,17/12/2018,Standard Class,AI-10855,Philadelphia,Pennsylvania,19120.0,East
CA-2018-148446,10/12/2018,14/12/2018,Second Class,MC-17845,North Las Vegas,Nevada,89031.0,West
CA-2015-111059,03/02/2015,06/02/2015,Second Class,TB-21400,Seattle,Washington,98105.0,West
CA-2018-116204,11/02/2018,14/02/2018,Second Class,VW-21775,San Francisco,California,94110.0,West
CA-2018-109946,16/04/2018,21/04/2018,Standard Class,PL-18925,Chicago,Illinois,60610.0,Central
CA-2016-144806,06/12/2016,11/12/2016,Standard Class,GH-14425,Tucson,Arizona,85705.0,West
CA-2017-122392,22/07/2017,27/07/2017,Standard Class,CJ-12010,Allentown,Pennsylvania,18103.0,East
CA-2016-148432,07/11/2016,10/11/2016,Second Class,MC-18130,Newark,Delaware,19711.0,East
CA-2016-103793,26/03/2016,31/03/2016,Standard Class,BV-11245,Miami,Florida,33142.0,South
CA-2018-159884,31/08/2018,05/09/2018,Standard Class,JF-15490,Tempe,Arizona,85281.0,West
CA-2017-139885,04/12/2017,08/12/2017,Standard Class,EB-13840,New York City,New York,10035.0,East
CA-2018-124086,10/02/2018,14/02/2018,Standard Class,MP-18175,Laguna Niguel,California,92677.0,West
CA-2017-112389,29/10/2017,02/11/2017,Standard Class,JM-15655,Bridgeton,New Jersey,8302.0,East
CA-2018-121888,15/09/2018,17/09/2018,Second Class,CL-11890,Everett,Massachusetts,2149.0,East
CA-2015-166884,11/03/2015,16/03/2015,Second Class,CK-12205,Columbus,Ohio,43229.0,East
CA-2015-107181,04/02/2015,08/02/2015,Standard Class,DB-13270,San Diego,California,92024.0,West
CA-2015-150245,31/12/2015,04/01/2016,Second Class,PC-18745,Watertown,New York,13601.0,East
CA-2016-111395,23/11/2016,27/11/2016,Standard Class,VB-21745,San Antonio,Texas,78207.0,Central
CA-2015-134278,06/07/2015,08/07/2015,First Class,EP-13915,New York City,New York,10011.0,East
US-2018-124926,13/11/2018,18/11/2018,Second Class,ME-17320,Houston,Texas,77095.0,Central
CA-2017-159345,17/06/2017,22/06/2017,Standard Class,IG-15085,San Diego,California,92024.0,West
CA-2015-130274,03/05/2015,05/05/2015,First Class,JS-15940,Appleton,Wisconsin,54915.0,Central
CA-2018-158386,16/10/2018,21/10/2018,Standard Class,BO-11425,Richmond,Kentucky,40475.0,South
CA-2016-111507,06/02/2016,13/02/2016,Standard Class,VW-21775,Bellevue,Washington,98006.0,West
CA-2018-120761,04/09/2018,08/09/2018,Standard Class,AB-10150,Long Beach,New York,11561.0,East
CA-2017-109176,09/05/2017,15/05/2017,Standard Class,JW-16075,Philadelphia,Pennsylvania,19140.0,East
CA-2016-112116,16/03/2016,18/03/2016,Second Class,JE-15475,Seattle,Washington,98103.0,West
CA-2017-126809,09/04/2017,13/04/2017,Standard Class,EB-13750,Seattle,Washington,98103.0,West
CA-2015-105172,04/04/2015,09/04/2015,Standard Class,PK-18910,San Francisco,California,94109.0,West
CA-2018-107293,05/09/2018,06/09/2018,First Class,CS-12400,Seattle,Washington,98115.0,West
US-2018-102890,30/06/2018,30/06/2018,Same Day,SG-20470,New York City,New York,10011.0,East
CA-2016-158554,09/11/2016,09/11/2016,Same Day,CM-12190,Philadelphia,Pennsylvania,19134.0,East
CA-2015-116239,04/03/2015,04/03/2015,Same Day,CL-12565,Columbia,South Carolina,29203.0,South
CA-2016-132101,19/03/2016,25/03/2016,Standard Class,JO-15550,Seattle,Washington,98105.0,West
CA-2016-129112,29/11/2016,30/11/2016,First Class,AW-10840,Allen,Texas,75002.0,Central
US-2018-152002,11/06/2018,11/06/2018,Same Day,DV-13465,Los Angeles,California,90004.0,West
CA-2018-165029,26/11/2018,30/11/2018,Standard Class,AH-10075,Atlanta,Georgia,30318.0,South
US-2015-157385,23/11/2015,25/11/2015,First Class,SC-20095,Los Angeles,California,90004.0,West
CA-2015-101602,15/12/2015,18/12/2015,First Class,MC-18100,El Paso,Texas,79907.0,Central
CA-2017-109057,22/04/2017,27/04/2017,Standard Class,TT-21460,Aurora,Illinois,60505.0,Central
CA-2017-154403,23/05/2017,27/05/2017,Standard Class,AP-10720,Florence,Alabama,35630.0,South
CA-2017-102456,27/02/2017,01/03/2017,First Class,DL-12865,New York City,New York,10011.0,East
CA-2016-131338,09/08/2016,12/08/2016,First Class,NP-18325,New York City,New York,10024.0,East
CA-2017-109911,12/05/2017,16/05/2017,Standard Class,VG-21805,Virginia Beach,Virginia,23464.0,South
US-2017-132423,15/04/2017,19/04/2017,Standard Class,MY-18295,Grapevine,Texas,76051.0,Central
CA-2016-122826,23/06/2016,25/06/2016,Second Class,RD-19480,Olympia,Washington,98502.0,West
CA-2015-117317,19/10/2015,19/10/2015,Same Day,JF-15490,Los Angeles,California,90032.0,West
CA-2016-118423,24/03/2016,27/03/2016,First Class,DP-13390,Peoria,Illinois,61604.0,Central
CA-2018-149181,08/05/2018,12/05/2018,Standard Class,MD-17350,Columbus,Ohio,43229.0,East
CA-2018-132234,16/10/2018,18/10/2018,First Class,MY-17380,New York City,New York,10011.0,East
CA-2018-158876,19/11/2018,21/11/2018,Second Class,AB-10150,Carrollton,Texas,75007.0,Central
CA-2017-164672,08/05/2017,13/05/2017,Second Class,GB-14530,Dover,Delaware,19901.0,East
US-2017-132857,11/12/2017,17/12/2017,Standard Class,CA-12775,Smyrna,Tennessee,37167.0,South
CA-2018-116645,30/11/2018,04/12/2018,Standard Class,ME-17725,Newark,Delaware,19711.0,East
US-2017-115819,19/04/2017,24/04/2017,Second Class,JO-15280,Los Angeles,California,90049.0,West
CA-2015-156349,26/05/2015,30/05/2015,Standard Class,ML-17395,Los Angeles,California,90008.0,West
CA-2018-138380,21/12/2018,25/12/2018,Standard Class,YS-21880,Oakland,California,94601.0,West
US-2017-113509,15/03/2017,19/03/2017,Standard Class,PL-18925,Philadelphia,Pennsylvania,19143.0,East
CA-2016-130022,10/08/2016,16/08/2016,Standard Class,JK-16120,Eagan,Minnesota,55122.0,Central
US-2017-118780,10/09/2017,14/09/2017,Second Class,PN-18775,New York City,New York,10011.0,East
CA-2018-108560,08/07/2018,15/07/2018,Standard Class,JC-15385,Kent,Washington,98031.0,West
CA-2016-157084,19/12/2016,24/12/2016,Standard Class,JG-15160,Los Angeles,California,90049.0,West
CA-2016-164539,16/11/2016,22/11/2016,Standard Class,PO-19180,New York City,New York,10011.0,East
CA-2016-143119,24/09/2016,30/09/2016,Standard Class,MC-17275,Lafayette,Louisiana,70506.0,South
CA-2018-101049,21/06/2018,25/06/2018,Second Class,AS-10240,Cleveland,Ohio,44105.0,East
CA-2017-106530,08/05/2017,08/05/2017,Same Day,CL-12565,Cleveland,Ohio,44105.0,East
CA-2015-168984,26/11/2015,02/12/2015,Standard Class,NW-18400,Tigard,Oregon,97224.0,West
CA-2017-157266,26/05/2017,01/06/2017,Standard Class,TB-21280,Washington,District of Columbia,20016.0,East
US-2015-134712,29/11/2015,04/12/2015,Standard Class,BS-11380,Skokie,Illinois,60076.0,Central
CA-2016-111829,19/03/2016,20/03/2016,First Class,FH-14365,Seattle,Washington,98115.0,West
CA-2016-105221,01/11/2016,03/11/2016,First Class,VM-21685,Philadelphia,Pennsylvania,19140.0,East
CA-2016-120341,26/09/2016,29/09/2016,Second Class,SF-20200,Philadelphia,Pennsylvania,19143.0,East
CA-2015-135699,29/08/2015,29/08/2015,Same Day,HH-15010,San Francisco,California,94110.0,West
US-2018-132444,18/11/2018,21/11/2018,First Class,CD-12280,Seattle,Washington,98105.0,West
CA-2015-127159,12/05/2015,15/05/2015,First Class,HL-15040,Milwaukee,Wisconsin,53209.0,Central
CA-2018-161809,20/01/2018,26/01/2018,Standard Class,TH-21100,Los Angeles,California,90045.0,West
CA-2018-127285,30/10/2018,06/11/2018,Standard Class,MM-18055,Seattle,Washington,98115.0,West
CA-2018-144526,30/04/2018,06/05/2018,Standard Class,QJ-19255,Philadelphia,Pennsylvania,19143.0,East
CA-2017-128531,24/11/2017,26/11/2017,Second Class,NS-18505,Dallas,Texas,75217.0,Central
US-2016-157154,10/01/2016,15/01/2016,Standard Class,MM-17920,New York City,New York,10011.0,East
CA-2018-159457,19/10/2018,26/10/2018,Standard Class,RD-19480,Houston,Texas,77095.0,Central
CA-2017-107615,22/03/2017,25/03/2017,First Class,RB-19645,North Las Vegas,Nevada,89031.0,West
CA-2018-111647,03/07/2018,07/07/2018,Standard Class,RD-19585,Plano,Texas,75023.0,Central
CA-2016-150560,11/12/2016,12/12/2016,First Class,SW-20455,Suffolk,Virginia,23434.0,South
CA-2016-143077,17/09/2016,21/09/2016,Standard Class,SF-20965,Houston,Texas,77041.0,Central
CA-2017-122728,18/05/2017,24/05/2017,Standard Class,EB-13930,San Francisco,California,94110.0,West
CA-2015-122882,07/09/2015,13/09/2015,Standard Class,SB-20290,Philadelphia,Pennsylvania,19134.0,East
US-2017-101497,29/09/2017,01/10/2017,Second Class,PS-18760,Los Angeles,California,90008.0,West
CA-2017-147585,07/11/2017,12/11/2017,Standard Class,CB-12535,San Francisco,California,94110.0,West
CA-2018-149489,24/04/2018,27/04/2018,First Class,DK-12835,Philadelphia,Pennsylvania,19143.0,East
CA-2018-143798,10/12/2018,12/12/2018,First Class,AW-10840,Philadelphia,Pennsylvania,19140.0,East
CA-2015-142839,16/08/2015,20/08/2015,Standard Class,TS-21610,Philadelphia,Pennsylvania,19143.0,East
CA-2018-129833,09/12/2018,15/12/2018,Standard Class,HF-14995,Indianapolis,Indiana,46203.0,Central
US-2017-154361,14/03/2017,19/03/2017,Standard Class,HZ-14950,Columbus,Ohio,43229.0,East
US-2017-158708,26/06/2017,29/06/2017,Second Class,AB-10255,Plano,Texas,75023.0,Central
CA-2016-156335,25/09/2016,28/09/2016,Second Class,PO-19195,Bayonne,New Jersey,7002.0,East
CA-2016-148376,27/12/2016,31/12/2016,Standard Class,AG-10900,Los Angeles,California,90008.0,West
CA-2015-135657,03/06/2015,07/06/2015,Second Class,SC-20725,Seattle,Washington,98115.0,West
CA-2016-114069,13/07/2016,15/07/2016,Second Class,ND-18370,New York City,New York,10035.0,East
CA-2015-139857,02/02/2015,06/02/2015,Standard Class,CD-12790,San Diego,California,92037.0,West
CA-2017-106306,08/03/2017,08/03/2017,Same Day,PG-18820,Glendale,Arizona,85301.0,West
CA-2016-100545,22/11/2016,26/11/2016,Standard Class,IM-15070,Philadelphia,Pennsylvania,19120.0,East
CA-2018-123491,30/10/2018,05/11/2018,Standard Class,JK-15205,San Francisco,California,94122.0,West
CA-2016-145401,30/01/2016,04/02/2016,Standard Class,JP-15520,Houston,Texas,77070.0,Central
US-2018-124968,08/09/2018,13/09/2018,Second Class,MM-18055,Chicago,Illinois,60610.0,Central
CA-2018-104003,07/10/2018,13/10/2018,Standard Class,DC-13285,San Francisco,California,94110.0,West
CA-2017-154788,30/04/2017,04/05/2017,Standard Class,JL-15835,New York City,New York,10011.0,East
CA-2017-169943,19/05/2017,24/05/2017,Standard Class,BN-11515,New York City,New York,10011.0,East
US-2016-123218,20/12/2016,25/12/2016,Standard Class,KD-16345,Chicago,Illinois,60623.0,Central
CA-2016-127453,19/12/2016,20/12/2016,First Class,JK-15370,Philadelphia,Pennsylvania,19143.0,East
US-2018-164056,29/04/2018,04/05/2018,Second Class,FM-14215,Dublin,Ohio,43017.0,East
CA-2017-106894,07/02/2017,07/02/2017,Same Day,CA-12265,Springfield,Virginia,22153.0,South
CA-2015-125136,28/09/2015,03/10/2015,Standard Class,KD-16495,Fayetteville,North Carolina,28314.0,South
US-2017-131149,10/07/2017,14/07/2017,Standard Class,LH-17155,Dallas,Texas,75081.0,Central
CA-2018-101483,29/07/2018,01/08/2018,Second Class,AG-10675,Jacksonville,North Carolina,28540.0,South
CA-2016-130204,03/09/2016,09/09/2016,Standard Class,DB-13120,San Francisco,California,94122.0,West
CA-2015-110527,09/08/2015,16/08/2015,Standard Class,ED-13885,San Diego,California,92037.0,West
CA-2018-152807,30/10/2018,03/11/2018,Standard Class,MC-18100,Philadelphia,Pennsylvania,19140.0,East
CA-2015-133270,06/06/2015,09/06/2015,First Class,BM-11785,Rochester,New York,14609.0,East
CA-2017-155670,13/08/2017,17/08/2017,Second Class,EM-14065,Jacksonville,North Carolina,28540.0,South
US-2015-157406,25/04/2015,29/04/2015,Standard Class,DA-13450,Houston,Texas,77095.0,Central
CA-2016-139094,22/11/2016,27/11/2016,Standard Class,MO-17800,San Antonio,Texas,78207.0,Central
CA-2018-168837,14/10/2018,17/10/2018,First Class,JW-15955,Oakland,California,94601.0,West
CA-2018-116715,02/12/2018,05/12/2018,First Class,VW-21775,San Francisco,California,94122.0,West
CA-2016-135622,08/12/2016,11/12/2016,Second Class,TT-21460,Fort Worth,Texas,76106.0,Central
US-2016-107349,13/07/2016,15/07/2016,First Class,SL-20155,Houston,Texas,77095.0,Central
CA-2015-139017,11/05/2015,17/05/2015,Standard Class,RM-19375,Houston,Texas,77095.0,Central
CA-2015-141817,05/01/2015,12/01/2015,Standard Class,MB-18085,Philadelphia,Pennsylvania,19143.0,East
CA-2016-130785,05/09/2016,09/09/2016,Standard Class,AG-10900,San Diego,California,92105.0,West
CA-2017-110254,04/08/2017,08/08/2017,Standard Class,ML-17755,Suffolk,Virginia,23434.0,South
US-2015-158057,22/03/2015,26/03/2015,Standard Class,CC-12685,Greensboro,North Carolina,27405.0,South
CA-2018-146024,02/03/2018,08/03/2018,Standard Class,SC-20770,Dallas,Texas,75081.0,Central
CA-2017-129686,27/11/2017,29/11/2017,Second Class,GG-14650,Chicago,Illinois,60623.0,Central
CA-2015-118976,28/04/2015,03/05/2015,Standard Class,MY-18295,Baltimore,Maryland,21215.0,East
CA-2016-105347,24/11/2016,28/11/2016,Standard Class,DP-13000,Los Angeles,California,90004.0,West
CA-2017-124667,11/11/2017,16/11/2017,Standard Class,BD-11770,New York City,New York,10011.0,East
CA-2016-111094,09/07/2016,13/07/2016,Standard Class,CB-12535,Franklin,Massachusetts,2038.0,East
CA-2018-166317,22/09/2018,26/09/2018,Standard Class,JE-15610,Milwaukee,Wisconsin,53209.0,Central
CA-2016-154326,15/02/2016,19/02/2016,Standard Class,RP-19855,Kenosha,Wisconsin,53142.0,Central
CA-2015-102008,30/09/2015,04/10/2015,Standard Class,RA-19915,New York City,New York,10011.0,East
CA-2015-120474,01/12/2015,03/12/2015,First Class,RP-19390,Madison,Wisconsin,53711.0,Central
CA-2015-104773,08/12/2015,13/12/2015,Standard Class,TB-21175,Houston,Texas,77041.0,Central
CA-2017-140774,05/09/2017,10/09/2017,Standard Class,BE-11455,Olathe,Kansas,66062.0,Central
US-2018-139465,27/08/2018,30/08/2018,First Class,MR-17545,New York City,New York,10024.0,East
CA-2017-100965,07/07/2017,11/07/2017,Standard Class,RM-19375,San Jose,California,95123.0,West
CA-2017-121034,08/08/2017,10/08/2017,Second Class,JF-15565,Dallas,Texas,75081.0,Central
CA-2017-149461,13/11/2017,19/11/2017,Standard Class,AS-10135,Auburn,Washington,98002.0,West
CA-2018-158379,22/09/2018,26/09/2018,Second Class,JA-15970,Philadelphia,Pennsylvania,19134.0,East
US-2017-116729,25/12/2017,28/12/2017,First Class,GK-14620,Los Angeles,California,90049.0,West
CA-2017-164938,11/02/2017,13/02/2017,First Class,PB-19210,Tulsa,Oklahoma,74133.0,Central
CA-2017-165484,23/10/2017,29/10/2017,Standard Class,HK-14890,Chicago,Illinois,60610.0,Central
CA-2015-132612,09/06/2015,11/06/2015,Second Class,FO-14305,Harrisonburg,Virginia,22801.0,South
US-2018-161193,20/11/2018,26/11/2018,Standard Class,BT-11680,Newark,Ohio,43055.0,East
CA-2016-131597,14/09/2016,18/09/2016,Standard Class,SP-20620,Los Angeles,California,90045.0,West
CA-2016-164833,04/06/2016,04/06/2016,Same Day,LL-16840,Seattle,Washington,98105.0,West
CA-2016-125423,13/12/2016,15/12/2016,Second Class,MC-17575,Los Angeles,California,90036.0,West
US-2015-130379,25/05/2015,29/05/2015,Standard Class,JL-15235,Chicago,Illinois,60623.0,Central
CA-2017-168956,16/02/2017,20/02/2017,Standard Class,EA-14035,Chicago,Illinois,60623.0,Central
CA-2017-167507,22/12/2017,28/12/2017,Standard Class,SA-20830,Redmond,Oregon,97756.0,West
CA-2017-109344,08/02/2017,11/02/2017,Second Class,CH-12070,Raleigh,North Carolina,27604.0,South
US-2016-140851,13/07/2016,15/07/2016,Second Class,ND-18460,Macon,Georgia,31204.0,South
CA-2015-103373,18/05/2015,24/05/2015,Standard Class,BS-11755,Cleveland,Ohio,44105.0,East
CA-2018-145884,21/10/2018,21/10/2018,Same Day,SL-20155,Muskogee,Oklahoma,74403.0,Central
CA-2016-131422,05/11/2016,09/11/2016,Standard Class,GB-14530,Monroe,North Carolina,28110.0,South
CA-2018-162691,01/08/2018,07/08/2018,Standard Class,AS-10045,Austin,Texas,78745.0,Central
CA-2015-141278,21/06/2015,24/06/2015,First Class,RM-19375,Meriden,Connecticut,6450.0,East
CA-2018-122693,19/02/2018,21/02/2018,Second Class,NH-18610,Roswell,Georgia,30076.0,South
CA-2015-117345,01/08/2015,05/08/2015,Standard Class,BF-10975,Charlotte,North Carolina,28205.0,South
CA-2017-157763,18/07/2017,23/07/2017,Standard Class,KH-16330,Bowling Green,Kentucky,42104.0,South
CA-2016-135391,09/02/2016,11/02/2016,Second Class,FA-14230,San Antonio,Texas,78207.0,Central
US-2018-113852,29/07/2018,02/08/2018,Standard Class,GW-14605,Seattle,Washington,98115.0,West
US-2018-158512,12/01/2018,17/01/2018,Second Class,DA-13450,Washington,District of Columbia,20016.0,East
CA-2018-128370,10/09/2018,10/09/2018,Same Day,FH-14275,Los Angeles,California,90004.0,West
CA-2016-160472,20/07/2016,25/07/2016,Second Class,RK-19300,South Bend,Indiana,46614.0,Central
CA-2015-114643,13/06/2015,17/06/2015,Standard Class,FM-14215,Los Angeles,California,90032.0,West
US-2018-158218,12/05/2018,15/05/2018,Second Class,AC-10420,Houston,Texas,77041.0,Central
CA-2016-121608,03/09/2016,05/09/2016,First Class,JB-15400,Bristol,Connecticut,6010.0,East
US-2018-121251,26/03/2018,27/03/2018,First Class,GM-14440,New York City,New York,10009.0,East
CA-2015-151078,12/11/2015,12/11/2015,Same Day,RF-19840,San Antonio,Texas,78207.0,Central
US-2017-100839,13/10/2017,17/10/2017,Standard Class,NC-18625,Aurora,Colorado,80013.0,West
US-2018-116659,12/11/2018,12/11/2018,Same Day,NG-18355,Newark,Ohio,43055.0,East
CA-2018-118857,15/04/2018,18/04/2018,First Class,AH-10075,Henderson,Nevada,89015.0,West
CA-2016-127110,25/06/2016,01/07/2016,Standard Class,CH-12070,Philadelphia,Pennsylvania,19143.0,East
CA-2017-148201,26/08/2017,29/08/2017,Second Class,CC-12145,Seattle,Washington,98103.0,West
CA-2015-116932,21/07/2015,25/07/2015,Standard Class,ME-18010,San Francisco,California,94122.0,West
CA-2018-142888,21/11/2018,25/11/2018,Standard Class,BP-11230,Spokane,Washington,99207.0,West
CA-2015-147914,04/06/2015,09/06/2015,Standard Class,MP-17470,Columbus,Ohio,43229.0,East
US-2017-112977,10/03/2017,16/03/2017,Standard Class,CJ-12010,Long Beach,New York,11561.0,East
CA-2018-112039,25/03/2018,29/03/2018,Standard Class,JC-15775,San Antonio,Texas,78207.0,Central
CA-2018-118885,29/12/2018,02/01/2019,Standard Class,JG-15160,Los Angeles,California,90049.0,West
US-2018-166611,28/03/2018,02/04/2018,Standard Class,CK-12760,Jacksonville,Florida,32216.0,South
CA-2016-109512,05/03/2016,05/03/2016,Same Day,LF-17185,New York City,New York,10011.0,East
CA-2017-118570,13/11/2017,17/11/2017,Standard Class,CC-12430,Philadelphia,Pennsylvania,19143.0,East
CA-2018-154718,19/01/2018,23/01/2018,Second Class,DL-12865,Keller,Texas,76248.0,Central
CA-2017-147578,22/04/2017,26/04/2017,Second Class,PG-18895,San Francisco,California,94122.0,West
CA-2015-140165,13/05/2015,15/05/2015,First Class,EH-14005,Hialeah,Florida,33012.0,South
CA-2015-142587,21/10/2015,22/10/2015,First Class,TB-21520,Fairfield,Ohio,45014.0,East
CA-2015-157623,14/03/2015,18/03/2015,Standard Class,DK-13225,Huntington Beach,California,92646.0,West
CA-2018-145310,22/12/2018,24/12/2018,Second Class,JP-15520,Port Orange,Florida,32127.0,South
CA-2017-100083,24/11/2017,29/11/2017,Standard Class,CD-11980,Medford,Oregon,97504.0,West
US-2018-108063,02/12/2018,05/12/2018,First Class,AS-10090,Charlottesville,Virginia,22901.0,South
CA-2016-109197,31/12/2016,04/01/2017,Standard Class,JO-15280,Missoula,Montana,59801.0,West
CA-2018-141789,03/10/2018,06/10/2018,First Class,AC-10450,Minneapolis,Minnesota,55407.0,Central
CA-2015-169775,29/08/2015,02/09/2015,Second Class,RA-19945,Miami,Florida,33178.0,South
CA-2017-140543,29/06/2017,03/07/2017,Second Class,Co-12640,Florence,South Carolina,29501.0,South
CA-2017-151141,20/08/2017,23/08/2017,First Class,DW-13480,Detroit,Michigan,48205.0,Central
CA-2018-167094,21/10/2018,22/10/2018,First Class,DK-12835,Springfield,Oregon,97477.0,West
CA-2018-154410,21/10/2018,24/10/2018,First Class,MD-17860,Indianapolis,Indiana,46203.0,Central
US-2017-150567,17/05/2017,21/05/2017,Standard Class,RP-19855,Apopka,Florida,32712.0,South
CA-2016-157959,03/02/2016,04/02/2016,First Class,RW-19540,Los Angeles,California,90008.0,West
CA-2018-105886,18/12/2018,23/12/2018,Standard Class,DB-13660,Oceanside,New York,11572.0,East
CA-2017-105963,15/11/2017,22/11/2017,Standard Class,SC-20770,Los Angeles,California,90008.0,West
CA-2018-121503,03/07/2018,06/07/2018,Second Class,FH-14275,Houston,Texas,77041.0,Central
CA-2015-103366,15/01/2015,17/01/2015,First Class,EH-13990,Roswell,Georgia,30076.0,South
CA-2018-124597,30/04/2018,05/05/2018,Standard Class,AS-10630,Boynton Beach,Florida,33437.0,South
CA-2016-105634,08/11/2016,14/11/2016,Standard Class,HA-14905,Franklin,Massachusetts,2038.0,East
CA-2016-123673,30/10/2016,01/11/2016,Second Class,CH-12070,Detroit,Michigan,48227.0,Central
US-2018-111423,17/08/2018,19/08/2018,First Class,EH-13765,Watertown,New York,13601.0,East
CA-2016-125178,03/10/2016,09/10/2016,Standard Class,MZ-17515,Reading,Pennsylvania,19601.0,East
CA-2017-156685,08/07/2017,10/07/2017,Second Class,SC-20230,Arlington,Texas,76017.0,Central
CA-2018-126865,05/12/2018,07/12/2018,Second Class,NP-18325,San Diego,California,92024.0,West
CA-2018-102834,09/03/2018,13/03/2018,Standard Class,LW-16990,San Francisco,California,94110.0,West
US-2017-139710,09/06/2017,15/06/2017,Standard Class,GM-14680,Los Angeles,California,90045.0,West
CA-2018-121538,28/11/2018,01/12/2018,First Class,RH-19495,Denver,Colorado,80219.0,West
US-2018-101539,16/03/2018,18/03/2018,Second Class,VM-21685,Seattle,Washington,98105.0,West
CA-2017-152121,27/11/2017,29/11/2017,Second Class,CC-12670,Scottsdale,Arizona,85254.0,West
CA-2018-161200,06/08/2018,10/08/2018,Second Class,SV-20365,Lafayette,Louisiana,70506.0,South
CA-2018-101245,27/11/2018,03/12/2018,Standard Class,LW-16990,San Francisco,California,94109.0,West
CA-2016-141768,25/05/2016,27/05/2016,Second Class,NP-18685,San Francisco,California,94109.0,West
CA-2017-112109,08/07/2017,12/07/2017,Standard Class,JE-15715,Broomfield,Colorado,80020.0,West
CA-2018-144064,29/08/2018,01/09/2018,First Class,CP-12085,Quincy,Illinois,62301.0,Central
CA-2017-108581,20/06/2017,26/06/2017,Standard Class,EA-14035,Carrollton,Texas,75007.0,Central
CA-2018-157987,02/09/2018,06/09/2018,Standard Class,AC-10615,New York City,New York,10009.0,East
CA-2018-110905,10/09/2018,15/09/2018,Second Class,RW-19690,Springfield,Missouri,65807.0,Central
CA-2018-165841,21/12/2018,28/12/2018,Standard Class,DB-13210,Paterson,New Jersey,7501.0,East
CA-2018-117485,23/09/2018,29/09/2018,Standard Class,BD-11320,Tulsa,Oklahoma,74133.0,Central
CA-2018-140242,06/05/2018,11/05/2018,Standard Class,ML-17755,Chicago,Illinois,60623.0,Central
CA-2015-148950,14/12/2015,19/12/2015,Standard Class,JD-16015,Chicago,Illinois,60610.0,Central
CA-2015-110408,18/10/2015,20/10/2015,Second Class,AS-10225,Montgomery,Alabama,36116.0,South
CA-2016-109939,08/05/2016,12/05/2016,Standard Class,AA-10375,Salem,Oregon,97301.0,West
CA-2017-112669,14/04/2017,14/04/2017,Same Day,KT-16465,Glendale,Arizona,85301.0,West
CA-2016-119592,14/12/2016,16/12/2016,Second Class,MM-18280,Columbus,Georgia,31907.0,South
CA-2015-122749,03/12/2015,09/12/2015,Standard Class,NG-18430,Oklahoma City,Oklahoma,73120.0,Central
CA-2015-164721,25/11/2015,27/11/2015,Second Class,LW-16825,Brentwood,California,94513.0,West
CA-2017-147417,25/07/2017,27/07/2017,First Class,CB-12415,Columbus,Ohio,43229.0,East
CA-2016-127509,09/11/2016,13/11/2016,Standard Class,AS-10090,Springfield,Missouri,65807.0,Central
CA-2018-111374,24/02/2018,28/02/2018,Standard Class,CB-12415,Philadelphia,Pennsylvania,19134.0,East
CA-2018-133648,25/06/2018,02/07/2018,Standard Class,ML-17755,Springfield,Oregon,97477.0,West
US-2018-147221,02/12/2018,04/12/2018,Second Class,JS-16030,Houston,Texas,77036.0,Central
CA-2015-131905,06/02/2015,09/02/2015,First Class,ND-18460,Chesapeake,Virginia,23320.0,South
CA-2018-166128,11/04/2018,18/04/2018,Standard Class,LW-17215,Pasadena,California,91104.0,West
CA-2018-163510,25/12/2018,28/12/2018,Second Class,JW-15955,Louisville,Kentucky,40214.0,South
US-2018-143028,11/04/2018,18/04/2018,Standard Class,SC-20050,Lubbock,Texas,79424.0,Central
CA-2015-111150,31/12/2015,04/01/2016,Standard Class,RW-19630,Columbia,Missouri,65203.0,Central
CA-2018-165386,03/08/2018,04/08/2018,First Class,CM-12190,Chicago,Illinois,60623.0,Central
CA-2015-116407,15/11/2015,21/11/2015,Standard Class,JF-15190,Johnson City,Tennessee,37604.0,South
CA-2016-155761,11/12/2016,11/12/2016,Same Day,SC-20800,Houston,Texas,77041.0,Central
CA-2017-145905,18/09/2017,23/09/2017,Standard Class,AM-10705,Auburn,Alabama,36830.0,South
CA-2016-113110,19/03/2016,23/03/2016,Standard Class,BK-11260,San Bernardino,California,92404.0,West
CA-2017-168354,19/09/2017,21/09/2017,First Class,RH-19510,Providence,Rhode Island,2908.0,East
US-2018-111241,20/08/2018,22/08/2018,Second Class,GM-14500,Fresno,California,93727.0,West
CA-2016-114237,13/03/2016,15/03/2016,First Class,MC-17275,Seattle,Washington,98103.0,West
CA-2017-113516,08/09/2017,10/09/2017,Second Class,VM-21685,Lancaster,California,93534.0,West
CA-2016-117961,26/11/2016,30/11/2016,Standard Class,GP-14740,Leominster,Massachusetts,1453.0,East
CA-2017-128923,09/12/2017,13/12/2017,Standard Class,GB-14530,Fort Worth,Texas,76106.0,Central
CA-2018-162481,25/09/2018,29/09/2018,Standard Class,CT-11995,Rochester,Minnesota,55901.0,Central
CA-2016-119214,23/01/2016,27/01/2016,Standard Class,CW-11905,Bozeman,Montana,59715.0,West
CA-2016-122287,18/06/2016,23/06/2016,Standard Class,SN-20560,Peoria,Arizona,85345.0,West
CA-2016-104493,02/10/2016,08/10/2016,Standard Class,EB-13705,San Diego,California,92105.0,West
US-2018-158946,18/11/2018,23/11/2018,Standard Class,JW-15220,Lakewood,Ohio,44107.0,East
CA-2015-129168,17/08/2015,23/08/2015,Standard Class,KB-16585,Houston,Texas,77095.0,Central
CA-2017-131835,17/07/2017,21/07/2017,Standard Class,MC-17590,Perth Amboy,New Jersey,8861.0,East
CA-2016-142237,11/07/2016,13/07/2016,First Class,CK-12595,Philadelphia,Pennsylvania,19134.0,East
CA-2017-136434,01/12/2017,07/12/2017,Standard Class,RD-19480,Richmond,Indiana,47374.0,Central
CA-2018-120376,22/12/2018,25/12/2018,First Class,TP-21130,Detroit,Michigan,48227.0,Central
CA-2015-106439,31/10/2015,04/11/2015,Standard Class,GG-14650,Los Angeles,California,90049.0,West
CA-2016-133452,13/04/2016,19/04/2016,Standard Class,ZC-21910,Pomona,California,91767.0,West
CA-2017-146521,21/07/2017,23/07/2017,Second Class,CC-12610,Philadelphia,Pennsylvania,19134.0,East
US-2018-110996,20/11/2018,25/11/2018,Standard Class,KA-16525,Ontario,California,91761.0,West
CA-2017-129693,26/11/2017,02/12/2017,Standard Class,TC-20980,Seattle,Washington,98105.0,West
CA-2018-122504,07/11/2018,12/11/2018,Second Class,DB-13270,Brentwood,California,94513.0,West
CA-2015-131051,01/12/2015,05/12/2015,Standard Class,TR-21325,San Francisco,California,94122.0,West
CA-2018-140676,12/09/2018,15/09/2018,First Class,BF-11080,Baltimore,Maryland,21215.0,East
CA-2016-120103,24/12/2016,29/12/2016,Standard Class,MS-17365,Phoenix,Arizona,85023.0,West
CA-2018-104647,23/02/2018,01/03/2018,Standard Class,CK-12595,Los Angeles,California,90008.0,West
CA-2015-110352,23/11/2015,29/11/2015,Standard Class,ED-13885,Houston,Texas,77036.0,Central
CA-2017-140501,23/06/2017,28/06/2017,Standard Class,IM-15070,New York City,New York,10009.0,East
CA-2016-139290,26/10/2016,30/10/2016,Standard Class,MY-17380,Rancho Cucamonga,California,91730.0,West
CA-2018-166142,15/07/2018,19/07/2018,Standard Class,MM-17260,Wilmington,Delaware,19805.0,East
CA-2015-145926,17/11/2015,21/11/2015,Standard Class,MP-17470,Moorhead,Minnesota,56560.0,Central
CA-2016-149678,13/04/2016,15/04/2016,Second Class,AW-10840,Farmington,New Mexico,87401.0,West
US-2016-164357,25/11/2016,29/11/2016,Standard Class,SF-20065,Wilmington,North Carolina,28403.0,South
US-2017-146570,15/05/2017,20/05/2017,Standard Class,SN-20710,Jackson,Mississippi,39212.0,South
CA-2018-124401,07/09/2018,12/09/2018,Standard Class,RD-19900,Portland,Oregon,97206.0,West
US-2015-140116,10/03/2015,17/03/2015,Standard Class,KT-16480,Denver,Colorado,80219.0,West
CA-2015-123295,18/07/2015,18/07/2015,Same Day,AH-10120,Tucson,Arizona,85705.0,West
CA-2018-167101,24/03/2018,28/03/2018,Second Class,BM-11650,New York City,New York,10009.0,East
US-2015-167633,30/09/2015,05/10/2015,Standard Class,BW-11200,Boynton Beach,Florida,33437.0,South
US-2015-152723,26/09/2015,26/09/2015,Same Day,HG-14965,Mesquite,Texas,75150.0,Central
CA-2016-164882,31/10/2016,31/10/2016,Same Day,SG-20080,Redlands,California,92374.0,West
CA-2016-159786,12/10/2016,17/10/2016,Second Class,RK-19300,Rochester,New York,14609.0,East
CA-2017-130267,19/09/2017,23/09/2017,Standard Class,SW-20245,Stockton,California,95207.0,West
CA-2018-155460,13/04/2018,15/04/2018,First Class,RW-19630,Seattle,Washington,98105.0,West
US-2018-168690,07/01/2018,13/01/2018,Standard Class,TS-21085,Ormond Beach,Florida,32174.0,South
CA-2018-158246,09/11/2018,11/11/2018,First Class,JB-15400,Sunnyvale,California,94086.0,West
CA-2018-167381,22/09/2018,24/09/2018,Second Class,EH-14005,Lansing,Michigan,48911.0,Central
CA-2018-144862,01/12/2018,05/12/2018,Standard Class,EH-14005,Philadelphia,Pennsylvania,19143.0,East
CA-2015-126032,23/06/2015,28/06/2015,Standard Class,BS-11665,Philadelphia,Pennsylvania,19143.0,East
CA-2016-134859,04/10/2016,09/10/2016,Standard Class,JK-16120,Philadelphia,Pennsylvania,19134.0,East
US-2015-114188,20/05/2015,22/05/2015,Second Class,RF-19345,Dover,New Hampshire,3820.0,East
CA-2016-156524,20/11/2016,26/11/2016,Standard Class,DL-12865,New York City,New York,10011.0,East
CA-2016-122210,30/11/2016,04/12/2016,Standard Class,WB-21850,Philadelphia,Pennsylvania,19134.0,East
CA-2016-156377,31/12/2016,05/01/2017,Standard Class,TB-21625,Grand Prairie,Texas,75051.0,Central
US-2018-157896,16/11/2018,16/11/2018,Same Day,CB-12415,New York City,New York,10009.0,East
CA-2015-159520,06/06/2015,11/06/2015,Standard Class,GT-14635,Long Beach,New York,11561.0,East
CA-2017-155481,01/09/2017,05/09/2017,Standard Class,DK-13225,Philadelphia,Pennsylvania,19140.0,East
US-2017-152051,25/06/2017,29/06/2017,Standard Class,TS-21160,York,Pennsylvania,17403.0,East
CA-2015-141607,12/12/2015,17/12/2015,Standard Class,WB-21850,Concord,California,94521.0,West
CA-2018-102771,31/03/2018,05/04/2018,Standard Class,DO-13435,New York City,New York,10035.0,East
US-2018-139969,19/11/2018,26/11/2018,Standard Class,AF-10870,College Station,Texas,77840.0,Central
CA-2015-167360,24/11/2015,29/11/2015,Second Class,RB-19435,Saint Louis,Missouri,63116.0,Central
CA-2016-123505,22/11/2016,26/11/2016,Standard Class,AR-10540,Quincy,Massachusetts,2169.0,East
CA-2017-117282,14/07/2017,18/07/2017,Standard Class,DR-12880,New York City,New York,10009.0,East
US-2017-120460,30/04/2017,05/05/2017,Standard Class,BF-11170,Dallas,Texas,75081.0,Central
CA-2017-111115,25/07/2017,27/07/2017,Second Class,LB-16735,Los Angeles,California,90032.0,West
CA-2015-124646,22/06/2015,24/06/2015,First Class,DV-13465,Minneapolis,Minnesota,55407.0,Central
CA-2018-148166,21/10/2018,26/10/2018,Standard Class,NK-18490,Deltona,Florida,32725.0,South
CA-2017-159737,03/09/2017,09/09/2017,Standard Class,CS-11950,Chicago,Illinois,60610.0,Central
CA-2017-141019,14/05/2017,14/05/2017,Same Day,LH-17155,Cincinnati,Ohio,45231.0,East
CA-2017-101938,07/01/2017,12/01/2017,Standard Class,DW-13480,Oakland,California,94601.0,West
CA-2018-166296,13/03/2018,19/03/2018,Standard Class,KF-16285,Manteca,California,95336.0,West
CA-2017-154018,13/10/2017,19/10/2017,Standard Class,HA-14920,Laredo,Texas,78041.0,Central
CA-2018-117870,27/01/2018,30/01/2018,Second Class,JH-15820,Kent,Ohio,44240.0,East
US-2018-137491,19/11/2018,25/11/2018,Standard Class,LC-16930,San Angelo,Texas,76903.0,Central
CA-2015-152296,01/08/2015,03/08/2015,First Class,IL-15100,San Francisco,California,94122.0,West
CA-2017-112025,30/07/2017,04/08/2017,Standard Class,LS-16975,Houston,Texas,77070.0,Central
CA-2016-132507,30/07/2016,03/08/2016,Second Class,CC-12610,Houston,Texas,77041.0,Central
CA-2017-125738,15/10/2017,21/10/2017,Standard Class,PB-18805,Salt Lake City,Utah,84106.0,West
CA-2017-128818,07/05/2017,11/05/2017,Standard Class,CJ-12010,New York City,New York,10009.0,East
CA-2018-124576,01/08/2018,04/08/2018,Second Class,HK-14890,Salinas,California,93905.0,West
CA-2017-101378,14/07/2017,14/07/2017,Same Day,RH-19600,Huntsville,Alabama,35810.0,South
CA-2018-143063,10/08/2018,15/08/2018,Standard Class,IL-15100,Columbus,Indiana,47201.0,Central
CA-2017-118913,25/06/2017,29/06/2017,Standard Class,AS-10240,Los Angeles,California,90049.0,West
CA-2017-128412,10/12/2017,17/12/2017,Standard Class,AP-10915,Seattle,Washington,98105.0,West
CA-2017-136483,01/12/2017,06/12/2017,Standard Class,AG-10390,Knoxville,Tennessee,37918.0,South
CA-2015-163013,28/11/2015,04/12/2015,Standard Class,BF-11080,Montgomery,Alabama,36116.0,South
CA-2016-135363,28/03/2016,02/04/2016,Standard Class,CK-12205,Philadelphia,Pennsylvania,19120.0,East
US-2015-165659,01/06/2015,06/06/2015,Standard Class,LT-17110,Little Rock,Arkansas,72209.0,South
CA-2016-138002,06/09/2016,12/09/2016,Standard Class,BT-11305,Seattle,Washington,98103.0,West
CA-2016-128860,29/06/2016,05/07/2016,Standard Class,SC-20725,Lancaster,Pennsylvania,17602.0,East
CA-2017-164350,10/09/2017,12/09/2017,Second Class,CG-12040,Bristol,Tennessee,37620.0,South
US-2015-103905,14/07/2015,20/07/2015,Standard Class,AW-10930,Aurora,Illinois,60505.0,Central
CA-2016-129854,22/08/2016,26/08/2016,Standard Class,RB-19705,New York City,New York,10009.0,East
CA-2015-125556,14/11/2015,16/11/2015,Second Class,ML-17410,Fairfield,Connecticut,6824.0,East
CA-2017-162313,27/11/2017,30/11/2017,First Class,VB-21745,Lincoln Park,Michigan,48146.0,Central
CA-2018-107874,21/11/2018,25/11/2018,Standard Class,SW-20275,New York City,New York,10035.0,East
CA-2018-129378,01/10/2018,02/10/2018,First Class,NS-18505,San Jose,California,95123.0,West
CA-2015-151953,20/09/2015,25/09/2015,Standard Class,DB-13555,Jacksonville,Florida,32216.0,South
CA-2018-130841,28/07/2018,01/08/2018,Standard Class,MH-17620,San Francisco,California,94110.0,West
CA-2016-131884,06/12/2016,06/12/2016,Same Day,DK-13375,Marion,Ohio,43302.0,East
CA-2018-121909,31/07/2018,05/08/2018,Standard Class,EA-14035,Philadelphia,Pennsylvania,19134.0,East
CA-2017-106383,19/03/2017,21/03/2017,Second Class,BT-11440,Littleton,Colorado,80122.0,West
CA-2018-130771,29/07/2018,03/08/2018,Standard Class,LA-16780,Austin,Texas,78745.0,Central
CA-2017-139157,01/10/2017,05/10/2017,Standard Class,GM-14680,New York City,New York,10024.0,East
CA-2015-128055,31/03/2015,05/04/2015,Standard Class,AA-10315,San Francisco,California,94122.0,West
CA-2018-157091,26/06/2018,01/07/2018,Standard Class,DB-13405,La Porte,Indiana,46350.0,Central
CA-2018-132122,09/07/2018,14/07/2018,Standard Class,JH-15820,Chicago,Illinois,60610.0,Central
CA-2016-123232,14/12/2016,16/12/2016,Second Class,DJ-13630,Portland,Oregon,97206.0,West
CA-2018-104066,05/12/2018,10/12/2018,Standard Class,QJ-19255,Burlington,Vermont,,East
CA-2016-145849,15/09/2016,17/09/2016,Second Class,CT-11995,Indianapolis,Indiana,46203.0,Central
CA-2017-122322,15/07/2017,21/07/2017,Standard Class,RH-19510,Provo,Utah,84604.0,West
CA-2018-166849,20/04/2018,26/04/2018,Standard Class,SJ-20125,Chicago,Illinois,60610.0,Central
CA-2017-146633,15/11/2017,17/11/2017,Second Class,TG-21310,Los Angeles,California,90049.0,West
US-2017-126893,26/11/2017,01/12/2017,Standard Class,CT-11995,Philadelphia,Pennsylvania,19134.0,East
CA-2018-103380,21/11/2018,25/11/2018,Standard Class,BF-11005,Pasadena,California,91104.0,West
CA-2016-116092,15/02/2016,18/02/2016,Second Class,JM-16195,Los Angeles,California,90004.0,West
CA-2017-117849,15/04/2017,17/04/2017,Second Class,JK-16120,San Diego,California,92105.0,West
CA-2016-169201,28/09/2016,01/10/2016,First Class,HG-14965,San Francisco,California,94110.0,West
CA-2017-164091,17/09/2017,22/09/2017,Standard Class,LA-16780,Bangor,Maine,4401.0,East
CA-2018-105214,16/06/2018,19/06/2018,First Class,TS-21610,San Francisco,California,94122.0,West
CA-2016-117611,08/11/2016,10/11/2016,Second Class,MZ-17335,San Diego,California,92024.0,West
US-2016-137960,18/12/2016,18/12/2016,Same Day,MW-18220,New York City,New York,10035.0,East
CA-2018-122994,06/02/2018,09/02/2018,First Class,MV-17485,Arlington,Virginia,22204.0,South
CA-2017-131065,14/11/2017,16/11/2017,Second Class,AA-10375,Atlanta,Georgia,30318.0,South
CA-2018-149146,12/10/2018,12/10/2018,Same Day,SM-20320,Monroe,North Carolina,28110.0,South
CA-2018-137470,17/09/2018,17/09/2018,Same Day,TP-21415,Seattle,Washington,98115.0,West
CA-2018-105480,20/12/2018,26/12/2018,Standard Class,DK-13225,Rochester,New York,14609.0,East
CA-2018-164917,02/12/2018,07/12/2018,Standard Class,MK-17905,Miami,Florida,33180.0,South
CA-2016-102036,21/09/2016,27/09/2016,Standard Class,CS-12130,Seattle,Washington,98105.0,West
CA-2016-142944,06/03/2016,11/03/2016,Standard Class,JL-15850,San Francisco,California,94122.0,West
CA-2015-157882,03/10/2015,08/10/2015,Second Class,AR-10405,Los Angeles,California,90036.0,West
CA-2015-104283,27/06/2015,01/07/2015,Standard Class,LM-17065,Southaven,Mississippi,38671.0,South
CA-2018-142622,30/10/2018,02/11/2018,First Class,JK-15625,Seattle,Washington,98115.0,West
CA-2017-132143,03/09/2017,05/09/2017,First Class,FM-14215,Middletown,Connecticut,6457.0,East
CA-2016-153108,05/03/2016,09/03/2016,Standard Class,SF-20200,New Castle,Indiana,47362.0,Central
CA-2017-112676,05/05/2017,08/05/2017,First Class,PJ-18835,Murfreesboro,Tennessee,37130.0,South
CA-2018-165687,17/11/2018,23/11/2018,Standard Class,CS-12355,Salem,Virginia,24153.0,South
US-2018-112928,01/06/2018,05/06/2018,Second Class,BB-10990,Toledo,Ohio,43615.0,East
CA-2018-143343,10/06/2018,13/06/2018,First Class,BW-11200,Los Angeles,California,90032.0,West
CA-2018-115154,08/01/2018,11/01/2018,First Class,RS-19420,Seattle,Washington,98115.0,West
CA-2016-149342,20/04/2016,25/04/2016,Standard Class,TS-21160,Columbus,Georgia,31907.0,South
CA-2016-130995,01/11/2016,06/11/2016,Standard Class,QJ-19255,New York City,New York,10009.0,East
CA-2018-127929,23/12/2018,27/12/2018,Standard Class,FM-14215,Middletown,Connecticut,6457.0,East
CA-2016-113145,01/11/2016,05/11/2016,Standard Class,VD-21670,New York City,New York,10011.0,East
CA-2015-162362,14/11/2015,18/11/2015,Standard Class,JL-15505,Midland,Michigan,48640.0,Central
CA-2017-106558,17/01/2017,21/01/2017,Standard Class,DL-13495,Columbus,Georgia,31907.0,South
CA-2018-157931,17/09/2018,22/09/2018,Second Class,MO-17800,Roswell,Georgia,30076.0,South
CA-2017-115574,23/12/2017,24/12/2017,First Class,BP-11185,Chicago,Illinois,60623.0,Central
CA-2016-160794,06/08/2016,08/08/2016,First Class,MS-17980,Houston,Texas,77041.0,Central
CA-2018-116225,05/11/2018,09/11/2018,Standard Class,SV-20935,New York City,New York,10009.0,East
US-2018-120418,11/06/2018,12/06/2018,First Class,BC-11125,Peoria,Arizona,85345.0,West
CA-2018-122035,20/07/2018,25/07/2018,Standard Class,EM-13825,Sioux Falls,South Dakota,57103.0,Central
CA-2016-117828,23/12/2016,26/12/2016,First Class,BD-11500,Richmond,Virginia,23223.0,South
CA-2018-165491,20/03/2018,24/03/2018,Standard Class,HW-14935,Seattle,Washington,98115.0,West
CA-2016-109470,31/12/2016,03/01/2017,Second Class,KC-16255,Henderson,Kentucky,42420.0,South
CA-2016-105102,15/09/2016,19/09/2016,Second Class,BM-11575,New York City,New York,10035.0,East
CA-2018-138422,23/09/2018,26/09/2018,First Class,KN-16705,Fort Collins,Colorado,80525.0,West
US-2016-147739,25/12/2016,29/12/2016,Standard Class,JD-16150,Philadelphia,Pennsylvania,19140.0,East
CA-2017-155187,24/09/2017,26/09/2017,Second Class,LA-16780,Los Angeles,California,90004.0,West
CA-2018-169285,21/03/2018,25/03/2018,Standard Class,RW-19690,Lafayette,Indiana,47905.0,Central
CA-2015-140886,30/09/2015,04/10/2015,Standard Class,KW-16570,Clarksville,Tennessee,37042.0,South
CA-2018-152695,10/12/2018,10/12/2018,Same Day,CC-12220,Fairfield,Connecticut,6824.0,East
CA-2015-110639,23/08/2015,23/08/2015,Same Day,RH-19495,New York City,New York,10009.0,East
CA-2015-121727,19/08/2015,24/08/2015,Standard Class,JK-15625,Columbus,Ohio,43229.0,East
CA-2017-137736,10/11/2017,15/11/2017,Standard Class,DC-13285,Warner Robins,Georgia,31088.0,South
US-2015-143231,31/12/2015,03/01/2016,First Class,GM-14455,Franklin,Massachusetts,2038.0,East
US-2015-155894,26/07/2015,30/07/2015,Second Class,CL-11890,Chicago,Illinois,60623.0,Central
CA-2017-119025,22/02/2017,28/02/2017,Standard Class,PV-18985,Milwaukee,Wisconsin,53209.0,Central
CA-2017-159373,13/03/2017,18/03/2017,Standard Class,LT-17110,San Antonio,Texas,78207.0,Central
CA-2018-109701,02/12/2018,03/12/2018,Same Day,AM-10360,Los Angeles,California,90032.0,West
CA-2016-111514,31/08/2016,02/09/2016,First Class,SC-20260,San Francisco,California,94122.0,West
US-2015-148838,17/03/2015,21/03/2015,Standard Class,CP-12340,New York City,New York,10024.0,East
CA-2018-136497,16/04/2018,20/04/2018,Standard Class,RF-19840,Columbus,Ohio,43229.0,East
US-2017-108637,13/03/2017,18/03/2017,Standard Class,AB-10060,Waynesboro,Virginia,22980.0,South
CA-2015-102295,24/11/2015,26/11/2015,Second Class,EH-13990,Sacramento,California,95823.0,West
CA-2018-123659,10/02/2018,13/02/2018,First Class,MN-17935,Clinton,Maryland,20735.0,East
US-2017-129469,23/09/2017,27/09/2017,Standard Class,KL-16555,Fairfield,Ohio,45014.0,East
CA-2018-155152,07/07/2018,09/07/2018,Second Class,MP-17965,Warwick,Rhode Island,2886.0,East
CA-2017-159940,07/07/2017,11/07/2017,Second Class,BF-11020,Aurora,Illinois,60505.0,Central
CA-2018-119669,24/01/2018,30/01/2018,Standard Class,TP-21130,Smyrna,Georgia,30080.0,South
US-2015-164616,19/08/2015,21/08/2015,Second Class,MS-17770,Columbus,Ohio,43229.0,East
CA-2016-148628,06/12/2016,11/12/2016,Standard Class,KM-16375,Thousand Oaks,California,91360.0,West
CA-2017-118052,06/05/2017,10/05/2017,Standard Class,BE-11455,Lorain,Ohio,44052.0,East
US-2018-117534,25/03/2018,26/03/2018,First Class,CV-12295,Fresno,California,93727.0,West
CA-2016-145065,12/12/2016,15/12/2016,First Class,DK-13375,San Diego,California,92105.0,West
US-2016-127040,06/12/2016,10/12/2016,Standard Class,SG-20605,New York City,New York,10009.0,East
CA-2017-128111,17/03/2017,23/03/2017,Standard Class,CS-12355,Malden,Massachusetts,2148.0,East
CA-2016-137897,14/11/2016,19/11/2016,Standard Class,PJ-18835,New York City,New York,10035.0,East
CA-2018-169264,14/08/2018,16/08/2018,Second Class,NP-18700,San Francisco,California,94109.0,West
CA-2018-147361,09/09/2018,15/09/2018,Standard Class,SB-20290,Florence,South Carolina,29501.0,South
CA-2018-145877,01/04/2018,04/04/2018,Second Class,AS-10090,Springfield,Missouri,65807.0,Central
US-2017-110170,27/09/2017,03/10/2017,Standard Class,HM-14860,Huntsville,Texas,77340.0,Central
CA-2018-108574,07/10/2018,11/10/2018,Standard Class,MG-18145,Los Angeles,California,90045.0,West
CA-2018-144589,20/01/2018,25/01/2018,Standard Class,TM-21010,San Francisco,California,94122.0,West
CA-2018-155985,23/03/2018,25/03/2018,First Class,BE-11335,San Francisco,California,94122.0,West
CA-2015-162684,01/08/2015,06/08/2015,Standard Class,AS-10630,Philadelphia,Pennsylvania,19120.0,East
CA-2016-142041,07/06/2016,09/06/2016,Second Class,EM-13810,Los Angeles,California,90036.0,West
CA-2015-151295,12/11/2015,16/11/2015,Standard Class,JA-15970,Los Angeles,California,90045.0,West
CA-2017-156300,29/12/2017,02/01/2018,Standard Class,TB-21595,Milwaukee,Wisconsin,53209.0,Central
CA-2016-146087,06/07/2016,11/07/2016,Standard Class,PP-18955,Holyoke,Massachusetts,1040.0,East
CA-2018-168655,12/10/2018,18/10/2018,Standard Class,ML-18040,Albuquerque,New Mexico,87105.0,West
CA-2017-107202,21/05/2017,28/05/2017,Standard Class,LC-16930,Sparks,Nevada,89431.0,West
CA-2018-159597,09/11/2018,14/11/2018,Standard Class,MC-17590,Coachella,California,92236.0,West
CA-2017-155551,18/04/2017,23/04/2017,Standard Class,CR-12580,Elmhurst,Illinois,60126.0,Central
US-2018-147669,25/12/2018,30/12/2018,Standard Class,SV-20935,Fairfield,Ohio,45014.0,East
CA-2017-169922,11/06/2017,17/06/2017,Standard Class,MZ-17515,Arlington,Texas,76017.0,Central
CA-2018-100748,13/05/2018,20/05/2018,Standard Class,RB-19795,San Francisco,California,94110.0,West
CA-2018-129805,28/12/2018,02/01/2019,Standard Class,HM-14860,Seattle,Washington,98103.0,West
CA-2015-148586,25/03/2015,01/04/2015,Standard Class,AZ-10750,New York City,New York,10009.0,East
US-2018-112613,28/05/2018,01/06/2018,Standard Class,JH-15910,Houston,Texas,77070.0,Central
CA-2016-154746,14/11/2016,17/11/2016,First Class,PJ-18835,Springfield,Virginia,22153.0,South
CA-2018-140053,03/07/2018,10/07/2018,Standard Class,CA-12265,Farmington,New Mexico,87401.0,West
CA-2015-164210,18/11/2015,20/11/2015,Second Class,PW-19240,Louisville,Colorado,80027.0,West
CA-2018-139948,17/07/2018,22/07/2018,Standard Class,SW-20455,Tampa,Florida,33614.0,South
CA-2017-146934,22/05/2017,27/05/2017,Standard Class,AF-10870,Passaic,New Jersey,7055.0,East
CA-2016-100573,25/09/2016,01/10/2016,Standard Class,AM-10705,Los Angeles,California,90004.0,West
CA-2017-119165,31/10/2017,06/11/2017,Standard Class,BD-11320,Philadelphia,Pennsylvania,19143.0,East
CA-2016-128027,14/09/2016,17/09/2016,Second Class,CM-12385,North Charleston,South Carolina,29406.0,South
CA-2017-140207,05/11/2017,10/11/2017,Standard Class,CS-12400,San Jose,California,95123.0,West
CA-2018-140949,17/03/2018,22/03/2018,Second Class,DB-13405,New York City,New York,10011.0,East
CA-2018-138548,15/08/2018,21/08/2018,Standard Class,JG-15160,Plainfield,New Jersey,7060.0,East
CA-2016-142419,11/07/2016,13/07/2016,Second Class,SC-20380,Seattle,Washington,98115.0,West
CA-2018-148691,03/12/2018,09/12/2018,Standard Class,CS-12460,New York City,New York,10009.0,East
CA-2018-128755,04/05/2018,08/05/2018,Standard Class,MK-18160,Newport News,Virginia,23602.0,South
US-2017-135923,22/01/2017,28/01/2017,Standard Class,CM-11935,Fayetteville,North Carolina,28314.0,South
CA-2017-114972,03/11/2017,06/11/2017,First Class,PF-19225,Los Angeles,California,90032.0,West
CA-2018-102750,04/09/2018,08/09/2018,Second Class,GM-14695,Los Angeles,California,90036.0,West
CA-2015-145212,13/09/2015,19/09/2015,Standard Class,DC-12850,New York City,New York,10011.0,East
CA-2018-141992,19/06/2018,25/06/2018,Standard Class,FO-14305,Dallas,Texas,75220.0,Central
CA-2018-147956,24/12/2018,31/12/2018,Standard Class,AH-10210,Seattle,Washington,98105.0,West
CA-2018-126067,28/08/2018,03/09/2018,Standard Class,KN-16705,Seattle,Washington,98105.0,West
CA-2016-104514,02/01/2016,04/01/2016,Second Class,CB-12535,Newark,Delaware,19711.0,East
CA-2016-141040,09/10/2016,13/10/2016,Second Class,TB-21250,New York City,New York,10024.0,East
CA-2015-113579,13/12/2015,15/12/2015,Second Class,KD-16345,Los Angeles,California,90049.0,West
CA-2015-144624,19/11/2015,23/11/2015,Standard Class,JM-15865,Jamestown,New York,14701.0,East
CA-2017-146206,10/09/2017,14/09/2017,Second Class,KT-16480,Houston,Texas,77095.0,Central
CA-2015-136644,16/06/2015,22/06/2015,Standard Class,SC-20575,Mishawaka,Indiana,46544.0,Central
CA-2016-122371,26/09/2016,01/10/2016,Standard Class,BS-11800,San Diego,California,92037.0,West
CA-2017-126935,19/05/2017,24/05/2017,Standard Class,BT-11395,San Francisco,California,94109.0,West
US-2018-133781,22/06/2018,23/06/2018,First Class,DC-12850,Miami,Florida,33178.0,South
CA-2018-131618,17/06/2018,20/06/2018,First Class,LS-17200,Skokie,Illinois,60076.0,Central
CA-2017-149482,14/11/2017,19/11/2017,Standard Class,RR-19315,San Francisco,California,94110.0,West
CA-2015-143917,25/07/2015,27/07/2015,Second Class,KL-16645,San Francisco,California,94122.0,West
CA-2016-120397,02/07/2016,02/07/2016,Same Day,RB-19435,Houston,Texas,77070.0,Central
CA-2018-163902,02/03/2018,08/03/2018,Standard Class,MY-17380,Los Angeles,California,90045.0,West
CA-2017-136812,18/11/2017,23/11/2017,Standard Class,AW-10930,Oklahoma City,Oklahoma,73120.0,Central
CA-2016-102722,18/04/2016,19/04/2016,First Class,KW-16570,Monroe,Louisiana,71203.0,South
CA-2018-155089,02/12/2018,06/12/2018,Standard Class,DB-12910,Tampa,Florida,33614.0,South
CA-2017-124506,11/11/2017,17/11/2017,Standard Class,BB-11545,Chicago,Illinois,60623.0,Central
CA-2015-106572,05/09/2015,10/09/2015,Standard Class,NP-18700,Bowling Green,Ohio,43402.0,East
CA-2015-128888,15/11/2015,22/11/2015,Standard Class,PB-19105,Houston,Texas,77095.0,Central
CA-2018-123134,02/05/2018,07/05/2018,Standard Class,DW-13585,Westfield,New Jersey,7090.0,East
CA-2017-124352,15/10/2017,21/10/2017,Standard Class,CD-12790,Oklahoma City,Oklahoma,73120.0,Central
CA-2016-124541,06/04/2016,10/04/2016,Standard Class,TT-21220,Houston,Texas,77041.0,Central
CA-2015-108707,24/10/2015,29/10/2015,Standard Class,DB-12910,Fort Lauderdale,Florida,33311.0,South
CA-2015-111500,17/08/2015,21/08/2015,Standard Class,DJ-13510,Little Rock,Arkansas,72209.0,South
US-2018-117723,15/08/2018,18/08/2018,Second Class,DL-13495,Philadelphia,Pennsylvania,19120.0,East
CA-2016-143238,06/09/2016,08/09/2016,First Class,LO-17170,La Quinta,California,92253.0,West
CA-2016-168746,27/01/2016,29/01/2016,Second Class,SV-20365,Cleveland,Ohio,44105.0,East
CA-2016-113404,16/07/2016,16/07/2016,Same Day,EM-13810,San Francisco,California,94122.0,West
CA-2017-144792,30/04/2017,04/05/2017,Standard Class,KD-16615,Scottsdale,Arizona,85254.0,West
CA-2015-164385,26/09/2015,01/10/2015,Second Class,NB-18580,Philadelphia,Pennsylvania,19134.0,East
US-2017-114174,08/09/2017,14/09/2017,Standard Class,AP-10720,Malden,Massachusetts,2148.0,East
CA-2018-108070,16/04/2018,20/04/2018,Standard Class,JE-15745,San Jose,California,95123.0,West
US-2016-128090,16/08/2016,22/08/2016,Standard Class,JM-15865,Phoenix,Arizona,85023.0,West
CA-2018-101042,19/11/2018,23/11/2018,Standard Class,AB-10105,Henderson,Kentucky,42420.0,South
CA-2017-155439,14/09/2017,18/09/2017,Standard Class,PN-18775,Columbia,South Carolina,29203.0,South
CA-2017-118626,15/08/2017,20/08/2017,Standard Class,JC-15775,Tallahassee,Florida,32303.0,South
CA-2016-111458,26/09/2016,30/09/2016,Standard Class,PF-19165,New York City,New York,10035.0,East
US-2017-126844,08/10/2017,14/10/2017,Standard Class,BW-11110,Houston,Texas,77070.0,Central
US-2016-112508,24/03/2016,30/03/2016,Standard Class,BP-11185,Coral Springs,Florida,33065.0,South
CA-2016-147788,31/05/2016,04/06/2016,Standard Class,TM-21010,Orem,Utah,84057.0,West
CA-2016-144288,25/12/2016,31/12/2016,Standard Class,MB-17305,Nashville,Tennessee,37211.0,South
CA-2016-110632,17/03/2016,22/03/2016,Second Class,HR-14830,New York City,New York,10009.0,East
CA-2018-109589,21/12/2018,24/12/2018,First Class,BD-11635,Bowling Green,Kentucky,42104.0,South
CA-2018-123967,01/11/2018,03/11/2018,Second Class,SF-20200,Bellingham,Washington,98226.0,West
CA-2018-148929,07/09/2018,11/09/2018,Standard Class,SP-20620,New York City,New York,10011.0,East
CA-2018-134404,27/12/2018,27/12/2018,Same Day,DR-12880,Newark,Ohio,43055.0,East
CA-2018-109778,16/07/2018,21/07/2018,Standard Class,VM-21685,Woodstock,Illinois,60098.0,Central
CA-2017-155845,12/08/2017,15/08/2017,Second Class,CM-12235,Carrollton,Texas,75007.0,Central
CA-2018-145128,09/07/2018,14/07/2018,Standard Class,SM-20320,Lafayette,Indiana,47905.0,Central
CA-2015-129091,22/11/2015,27/11/2015,Standard Class,RA-19885,Columbus,Georgia,31907.0,South
US-2015-155502,26/01/2015,31/01/2015,Standard Class,SD-20485,Alexandria,Virginia,22304.0,South
CA-2016-121041,03/11/2016,10/11/2016,Standard Class,CS-12250,Haltom City,Texas,76117.0,Central
CA-2018-131695,30/06/2018,06/07/2018,Standard Class,RA-19285,New York City,New York,10024.0,East
CA-2017-137729,05/05/2017,09/05/2017,Standard Class,BF-11005,Los Angeles,California,90004.0,West
US-2017-115455,08/09/2017,14/09/2017,Standard Class,SE-20110,Wheeling,Illinois,60090.0,Central
CA-2018-128300,24/11/2018,26/11/2018,Second Class,RS-19765,Summerville,South Carolina,29483.0,South
CA-2018-149048,13/05/2018,17/05/2018,Standard Class,BM-11650,Columbus,Indiana,47201.0,Central
CA-2018-108553,23/04/2018,29/04/2018,Standard Class,SK-19990,New York City,New York,10024.0,East
CA-2017-165848,04/06/2017,04/06/2017,Same Day,EN-13780,New York City,New York,10035.0,East
CA-2015-112718,16/12/2015,21/12/2015,Standard Class,KN-16450,Jacksonville,Florida,32216.0,South
CA-2017-154053,04/03/2017,10/03/2017,Standard Class,MG-17890,San Diego,California,92024.0,West
CA-2015-127446,25/11/2015,30/11/2015,Standard Class,MC-17590,Arlington,Texas,76017.0,Central
CA-2017-137204,28/04/2017,05/05/2017,Standard Class,BO-11350,Los Angeles,California,90045.0,West
CA-2015-147298,26/04/2015,03/05/2015,Standard Class,AG-10300,Los Angeles,California,90049.0,West
CA-2018-147942,01/04/2018,05/04/2018,Standard Class,MS-17365,San Francisco,California,94110.0,West
CA-2018-115931,22/12/2018,26/12/2018,Standard Class,JM-15655,Carlsbad,New Mexico,88220.0,West
CA-2015-164861,03/12/2015,06/12/2015,Second Class,MC-17635,Saint Louis,Missouri,63116.0,Central
CA-2018-127180,22/10/2018,24/10/2018,First Class,TA-21385,New York City,New York,10024.0,East
US-2018-165344,13/11/2018,15/11/2018,First Class,SB-20290,Springfield,Ohio,45503.0,East
CA-2016-168186,10/09/2016,15/09/2016,Standard Class,AB-10150,Tulsa,Oklahoma,74133.0,Central
US-2018-110604,15/05/2018,20/05/2018,Standard Class,JF-15295,Seattle,Washington,98103.0,West
CA-2016-116750,05/07/2016,10/07/2016,Second Class,BF-10975,Fayetteville,North Carolina,28314.0,South
CA-2016-162369,15/08/2016,19/08/2016,Standard Class,TT-21265,Los Angeles,California,90045.0,West
CA-2018-108441,12/06/2018,18/06/2018,Standard Class,SB-20170,New York City,New York,10035.0,East
CA-2016-169740,20/02/2016,25/02/2016,Standard Class,LM-17065,Hot Springs,Arkansas,71901.0,South
CA-2017-124051,29/12/2017,30/12/2017,First Class,KA-16525,Aurora,Illinois,60505.0,Central
CA-2017-149111,17/04/2017,21/04/2017,Second Class,BF-11170,Raleigh,North Carolina,27604.0,South
CA-2015-131002,07/09/2015,12/09/2015,Second Class,TB-21400,Tulsa,Oklahoma,74133.0,Central
US-2017-146794,26/09/2017,01/10/2017,Standard Class,SH-19975,Hesperia,California,92345.0,West
CA-2018-112515,17/09/2018,21/09/2018,Second Class,AS-10225,Provo,Utah,84604.0,West
CA-2017-150343,16/08/2017,20/08/2017,Standard Class,PK-19075,San Francisco,California,94110.0,West
CA-2016-135538,24/12/2016,28/12/2016,Standard Class,HR-14830,Gilbert,Arizona,85234.0,West
CA-2018-123372,28/11/2018,02/12/2018,Standard Class,DG-13300,New York City,New York,10035.0,East
CA-2018-159604,14/04/2018,15/04/2018,First Class,CL-12700,Springfield,Missouri,65807.0,Central
CA-2017-164784,01/05/2017,04/05/2017,First Class,HF-14995,Memphis,Tennessee,38109.0,South
CA-2017-111794,01/10/2017,01/10/2017,Same Day,HG-15025,Amarillo,Texas,79109.0,Central
US-2016-139759,25/08/2016,30/08/2016,Standard Class,NL-18310,Los Angeles,California,90045.0,West
CA-2015-126403,09/09/2015,12/09/2015,Second Class,RR-19525,Lowell,Massachusetts,1852.0,East
CA-2018-136875,03/12/2018,03/12/2018,Same Day,TC-21295,San Diego,California,92024.0,West
CA-2018-132185,27/11/2018,02/12/2018,Standard Class,DB-13615,Asheville,North Carolina,28806.0,South
US-2015-160780,21/06/2015,21/06/2015,Same Day,SV-20785,Pueblo,Colorado,81001.0,West
CA-2018-127026,21/01/2018,27/01/2018,Standard Class,MH-18115,Jackson,Michigan,49201.0,Central
CA-2018-137085,29/06/2018,06/07/2018,Standard Class,CT-11995,Los Angeles,California,90004.0,West
CA-2017-133123,06/09/2017,11/09/2017,Standard Class,KB-16315,Thomasville,North Carolina,27360.0,South
US-2017-128195,04/08/2017,05/08/2017,First Class,RA-19285,Peoria,Illinois,61604.0,Central
CA-2016-153220,12/11/2016,14/11/2016,First Class,YC-21895,Los Angeles,California,90032.0,West
CA-2015-123064,30/06/2015,02/07/2015,First Class,RA-19915,Chicago,Illinois,60653.0,Central
CA-2018-156412,04/12/2018,08/12/2018,Standard Class,CM-12160,Philadelphia,Pennsylvania,19134.0,East
US-2017-144211,28/08/2017,02/09/2017,Standard Class,CS-12130,Englewood,Colorado,80112.0,West
CA-2017-138079,22/01/2017,28/01/2017,Standard Class,AJ-10795,Seattle,Washington,98115.0,West
CA-2015-143182,15/10/2015,20/10/2015,Standard Class,DL-12865,Hialeah,Florida,33012.0,South
CA-2017-161662,07/02/2017,09/02/2017,First Class,BE-11410,Lancaster,Ohio,43130.0,East
CA-2015-145317,18/03/2015,23/03/2015,Standard Class,SM-20320,Jacksonville,Florida,32216.0,South
CA-2015-143413,24/05/2015,30/05/2015,Standard Class,RP-19390,Baltimore,Maryland,21215.0,East
CA-2018-156818,11/07/2018,13/07/2018,Second Class,JD-16015,New York City,New York,10009.0,East
CA-2018-155873,16/06/2018,21/06/2018,Standard Class,AB-10255,Carlsbad,New Mexico,88220.0,West
CA-2016-121797,30/01/2016,06/02/2016,Standard Class,CC-12145,Los Angeles,California,90049.0,West
US-2016-120572,11/12/2016,15/12/2016,Standard Class,GH-14425,Jacksonville,Florida,32216.0,South
CA-2018-132430,09/10/2018,11/10/2018,First Class,CP-12085,Lakewood,Ohio,44107.0,East
CA-2018-146031,29/07/2018,01/08/2018,Second Class,GM-14440,Troy,New York,12180.0,East
CA-2015-110100,25/04/2015,29/04/2015,Standard Class,LC-16885,Wilmington,North Carolina,28403.0,South
CA-2016-103723,01/12/2016,06/12/2016,Standard Class,BT-11305,Seattle,Washington,98105.0,West
CA-2015-127187,04/12/2015,08/12/2015,Standard Class,CP-12085,New York City,New York,10024.0,East
CA-2018-128475,26/08/2018,01/09/2018,Standard Class,SC-20680,Columbus,Georgia,31907.0,South
CA-2015-100006,07/09/2015,13/09/2015,Standard Class,DK-13375,New York City,New York,10024.0,East
CA-2018-144827,21/12/2018,27/12/2018,Standard Class,SE-20110,Costa Mesa,California,92627.0,West
CA-2015-110030,06/12/2015,08/12/2015,Second Class,LF-17185,Houston,Texas,77095.0,Central
CA-2015-121286,04/11/2015,08/11/2015,Second Class,ON-18715,Cary,North Carolina,27511.0,South
CA-2017-164735,14/04/2017,19/04/2017,Second Class,TB-21400,Alexandria,Virginia,22304.0,South
CA-2015-153479,04/10/2015,08/10/2015,Standard Class,DF-13135,Vallejo,California,94591.0,West
CA-2018-149888,07/11/2018,13/11/2018,Standard Class,EP-13915,Philadelphia,Pennsylvania,19120.0,East
CA-2018-119193,22/12/2018,24/12/2018,First Class,SK-19990,Toledo,Ohio,43615.0,East
CA-2018-104801,13/02/2018,19/02/2018,Standard Class,FH-14350,Seattle,Washington,98105.0,West
CA-2015-107594,02/07/2015,06/07/2015,Standard Class,EH-13945,Plainfield,New Jersey,7060.0,East
CA-2016-129770,21/02/2016,23/02/2016,Second Class,JE-15715,Las Cruces,New Mexico,88001.0,West
CA-2016-115798,13/11/2016,19/11/2016,Standard Class,KL-16645,Newark,Delaware,19711.0,East
CA-2018-122707,16/04/2018,18/04/2018,First Class,EB-13750,Hoover,Alabama,35244.0,South
CA-2017-165015,25/02/2017,27/02/2017,Second Class,BD-11725,Newark,Ohio,43055.0,East
CA-2015-149244,04/11/2015,08/11/2015,Standard Class,MS-17530,San Diego,California,92037.0,West
CA-2016-140144,20/06/2016,25/06/2016,Second Class,SC-20770,San Francisco,California,94122.0,West
CA-2018-163321,07/08/2018,11/08/2018,Second Class,FM-14380,Jacksonville,North Carolina,28540.0,South
CA-2015-155887,12/05/2015,17/05/2015,Standard Class,KT-16480,Franklin,Massachusetts,2038.0,East
US-2016-165449,22/11/2016,26/11/2016,Standard Class,AP-10720,Frisco,Texas,75034.0,Central
CA-2016-110247,04/12/2016,08/12/2016,Standard Class,RH-19555,Tallahassee,Florida,32303.0,South
US-2015-141257,08/06/2015,14/06/2015,Standard Class,CS-11950,Seattle,Washington,98115.0,West
CA-2015-154669,08/08/2015,11/08/2015,Second Class,TM-21010,Vacaville,California,95687.0,West
CA-2015-158029,26/05/2015,30/05/2015,Standard Class,HF-14995,Los Angeles,California,90008.0,West
CA-2016-155306,17/04/2016,21/04/2016,Standard Class,GA-14515,San Francisco,California,94122.0,West
CA-2017-127775,11/06/2017,13/06/2017,Second Class,ES-14020,New York City,New York,10035.0,East
CA-2017-146171,11/03/2017,15/03/2017,Standard Class,JP-16135,Columbus,Georgia,31907.0,South
CA-2015-129574,26/05/2015,29/05/2015,First Class,Dp-13240,Murray,Utah,84107.0,West
CA-2018-126536,12/10/2018,14/10/2018,First Class,NK-18490,San Francisco,California,94110.0,West
CA-2018-165757,22/06/2018,28/06/2018,Standard Class,PL-18925,Philadelphia,Pennsylvania,19140.0,East
CA-2018-167752,15/01/2018,18/01/2018,First Class,RW-19690,Philadelphia,Pennsylvania,19134.0,East
US-2016-122140,02/04/2016,07/04/2016,Standard Class,MO-17950,Dallas,Texas,75220.0,Central
CA-2017-163986,03/09/2017,10/09/2017,Standard Class,JJ-15445,Waukesha,Wisconsin,53186.0,Central
CA-2018-158967,10/12/2018,12/12/2018,First Class,BT-11680,Fort Lauderdale,Florida,33311.0,South
CA-2017-131576,22/11/2017,26/11/2017,Standard Class,RD-19585,Detroit,Michigan,48205.0,Central
CA-2018-143455,11/11/2018,18/11/2018,Standard Class,ML-17755,Springfield,Ohio,45503.0,East
CA-2017-144729,21/10/2017,25/10/2017,Standard Class,JE-15745,San Diego,California,92037.0,West
CA-2016-127019,21/12/2016,25/12/2016,Standard Class,ER-13855,Colorado Springs,Colorado,80906.0,West
CA-2016-138534,17/07/2016,19/07/2016,Second Class,JM-15535,Bakersfield,California,93309.0,West
CA-2018-108322,30/04/2018,05/05/2018,Standard Class,SS-20140,Pompano Beach,Florida,33068.0,South
CA-2018-167668,06/05/2018,08/05/2018,First Class,TC-21295,New York City,New York,10035.0,East
CA-2018-146724,20/11/2018,27/11/2018,Standard Class,HG-15025,Lakeville,Minnesota,55044.0,Central
CA-2017-139878,11/11/2017,16/11/2017,Standard Class,LD-17005,Detroit,Michigan,48234.0,Central
US-2017-106677,05/11/2017,10/11/2017,Standard Class,AS-10285,Philadelphia,Pennsylvania,19134.0,East
CA-2017-116974,09/10/2017,15/10/2017,Standard Class,MP-17965,Troy,Ohio,45373.0,East
CA-2016-149972,21/09/2016,23/09/2016,First Class,CD-12790,Los Angeles,California,90036.0,West
US-2015-117744,02/12/2015,06/12/2015,Standard Class,MD-17860,Corpus Christi,Texas,78415.0,Central
CA-2015-125514,21/09/2015,22/09/2015,First Class,BM-11650,Omaha,Nebraska,68104.0,Central
CA-2015-154599,12/04/2015,17/04/2015,Standard Class,KN-16450,Redondo Beach,California,90278.0,West
CA-2018-158743,20/10/2018,27/10/2018,Standard Class,IG-15085,Little Rock,Arkansas,72209.0,South
CA-2017-153318,25/10/2017,28/10/2017,First Class,JS-15595,Miami,Florida,33180.0,South
US-2016-110163,01/11/2016,04/11/2016,First Class,GA-14725,Salem,Oregon,97301.0,West
CA-2018-143329,03/11/2018,08/11/2018,Standard Class,DL-13330,Las Cruces,New Mexico,88001.0,West
CA-2016-159380,12/05/2016,16/05/2016,Standard Class,CS-12505,San Francisco,California,94122.0,West
CA-2016-122623,07/09/2016,11/09/2016,Standard Class,CC-12145,El Paso,Texas,79907.0,Central
CA-2016-148635,25/07/2016,27/07/2016,Second Class,MH-18025,Seattle,Washington,98115.0,West
CA-2016-135685,16/11/2016,18/11/2016,Second Class,MP-18175,Milwaukee,Wisconsin,53209.0,Central
CA-2016-104626,01/09/2016,08/09/2016,Standard Class,DR-12940,Franklin,Massachusetts,2038.0,East
CA-2017-160500,05/05/2017,08/05/2017,First Class,DM-13015,Encinitas,California,92024.0,West
CA-2017-100202,31/12/2017,05/01/2018,Standard Class,BD-11620,Anaheim,California,92804.0,West
CA-2018-131016,18/09/2018,20/09/2018,First Class,DC-12850,Arlington,Texas,76017.0,Central
US-2015-112914,25/09/2015,30/09/2015,Standard Class,MT-18070,Houston,Texas,77041.0,Central
CA-2017-124149,23/04/2017,26/04/2017,First Class,MJ-17740,Lancaster,Ohio,43130.0,East
CA-2015-148915,01/11/2015,05/11/2015,Standard Class,ND-18370,Portland,Oregon,97206.0,West
CA-2018-134649,26/01/2018,31/01/2018,Second Class,CA-11965,Hoover,Alabama,35244.0,South
CA-2018-110842,11/11/2018,16/11/2018,Standard Class,GA-14725,Los Angeles,California,90036.0,West
CA-2017-147368,09/06/2017,12/06/2017,First Class,TC-21295,Tallahassee,Florida,32303.0,South
US-2016-104185,03/09/2016,08/09/2016,Second Class,JB-15400,New York City,New York,10009.0,East
US-2015-125521,14/03/2015,19/03/2015,Standard Class,CK-12325,Chesapeake,Virginia,23320.0,South
US-2018-135062,31/08/2018,04/09/2018,Second Class,RL-19615,Fayetteville,North Carolina,28314.0,South
CA-2018-135650,23/03/2018,27/03/2018,Standard Class,AC-10660,Huntsville,Texas,77340.0,Central
CA-2018-112865,18/05/2018,22/05/2018,Standard Class,BH-11710,Philadelphia,Pennsylvania,19140.0,East
US-2017-162852,27/12/2017,31/12/2017,Standard Class,BG-11695,Woodstock,Illinois,60098.0,Central
CA-2018-138163,17/11/2018,20/11/2018,First Class,XP-21865,Everett,Massachusetts,2149.0,East
CA-2018-152093,10/09/2018,15/09/2018,Standard Class,SN-20560,Chicago,Illinois,60653.0,Central
CA-2018-157854,08/04/2018,15/04/2018,Standard Class,DM-13345,Roswell,Georgia,30076.0,South
CA-2017-123617,28/11/2017,03/12/2017,Standard Class,AJ-10780,Palm Coast,Florida,32137.0,South
US-2017-128293,02/06/2017,05/06/2017,First Class,KC-16255,Philadelphia,Pennsylvania,19120.0,East
CA-2018-107342,17/12/2018,22/12/2018,Standard Class,VF-21715,Columbus,Indiana,47201.0,Central
CA-2017-136371,19/03/2017,21/03/2017,Second Class,SV-20935,Oceanside,New York,11572.0,East
CA-2018-137344,20/08/2018,20/08/2018,Same Day,EM-13810,Franklin,Massachusetts,2038.0,East
CA-2018-169810,25/07/2018,31/07/2018,Standard Class,RB-19360,Sioux Falls,South Dakota,57103.0,Central
CA-2017-128594,26/08/2017,29/08/2017,First Class,DJ-13510,San Diego,California,92037.0,West
CA-2017-154690,15/08/2017,17/08/2017,Second Class,CC-12370,Fayetteville,North Carolina,28314.0,South
CA-2018-138975,19/05/2018,23/05/2018,Standard Class,SC-20380,Atlanta,Georgia,30318.0,South
CA-2018-106537,12/08/2018,17/08/2018,Standard Class,RH-19495,Orlando,Florida,32839.0,South
US-2018-103828,13/08/2018,13/08/2018,Same Day,JK-15370,San Francisco,California,94122.0,West
CA-2017-115588,10/11/2017,12/11/2017,Second Class,AF-10885,Toledo,Ohio,43615.0,East
CA-2018-143861,12/06/2018,19/06/2018,Standard Class,LC-16885,Saint Petersburg,Florida,33710.0,South
CA-2015-148040,22/03/2015,26/03/2015,Standard Class,BF-11275,Tucson,Arizona,85705.0,West
CA-2018-135167,15/06/2018,20/06/2018,Standard Class,SC-20800,Los Angeles,California,90036.0,West
CA-2018-137022,16/11/2018,22/11/2018,Standard Class,SW-20275,San Diego,California,92105.0,West
US-2018-102638,29/12/2018,31/12/2018,First Class,MC-17845,New York City,New York,10035.0,East
US-2017-167339,21/01/2017,23/01/2017,Second Class,TD-20995,San Diego,California,92037.0,West
CA-2017-152072,15/01/2017,19/01/2017,Standard Class,Dp-13240,Westfield,New Jersey,7090.0,East
CA-2017-102932,19/09/2017,23/09/2017,Second Class,SD-20485,Orange,New Jersey,7050.0,East
CA-2015-165540,21/02/2015,25/02/2015,Standard Class,TM-21010,Woodstock,Illinois,60098.0,Central
CA-2017-130799,11/11/2017,16/11/2017,Second Class,BK-11260,San Francisco,California,94110.0,West
CA-2017-164483,30/01/2017,03/02/2017,Standard Class,JF-15490,San Francisco,California,94122.0,West
US-2017-159856,18/10/2017,22/10/2017,Standard Class,EP-13915,Tempe,Arizona,85281.0,West
CA-2018-102099,18/12/2018,19/12/2018,First Class,EP-13915,Los Angeles,California,90008.0,West
CA-2018-164049,02/11/2018,06/11/2018,Standard Class,KH-16630,Seattle,Washington,98105.0,West
CA-2015-142727,29/04/2015,01/05/2015,Second Class,HG-14845,Lake Charles,Louisiana,70601.0,South
CA-2018-139913,23/10/2018,29/10/2018,Standard Class,JC-16105,Rochester,New York,14609.0,East
CA-2015-169033,30/03/2015,03/04/2015,Standard Class,KM-16720,Long Beach,New York,11561.0,East
US-2017-164630,04/01/2017,09/01/2017,Standard Class,EB-13975,Charlotte,North Carolina,28205.0,South
US-2016-114839,26/04/2016,30/04/2016,Standard Class,PW-19240,Houston,Texas,77036.0,Central
CA-2016-166464,12/09/2016,17/09/2016,Standard Class,PG-18895,New York City,New York,10035.0,East
CA-2018-124898,11/09/2018,15/09/2018,Standard Class,DB-12910,Columbus,Georgia,31907.0,South
CA-2017-164035,12/06/2017,17/06/2017,Standard Class,CR-12730,Chicago,Illinois,60610.0,Central
CA-2017-153577,27/06/2017,01/07/2017,Standard Class,KH-16330,Highland Park,Illinois,60035.0,Central
CA-2015-127586,26/09/2015,30/09/2015,Standard Class,CS-12400,Seattle,Washington,98115.0,West
CA-2018-121615,03/11/2018,09/11/2018,Standard Class,DL-12925,Eagan,Minnesota,55122.0,Central
CA-2018-166415,19/02/2018,23/02/2018,Standard Class,ME-17725,Seattle,Washington,98103.0,West
CA-2016-118444,05/11/2016,09/11/2016,Standard Class,VD-21670,Coral Springs,Florida,33065.0,South
CA-2015-113929,16/06/2015,21/06/2015,Standard Class,CK-12205,Hempstead,New York,11550.0,East
CA-2016-134747,12/10/2016,17/10/2016,Second Class,DL-12925,Noblesville,Indiana,46060.0,Central
CA-2018-155047,27/08/2018,30/08/2018,First Class,SE-20110,Dallas,Texas,75220.0,Central
CA-2017-160129,23/11/2017,23/11/2017,Same Day,LS-17200,Philadelphia,Pennsylvania,19140.0,East
CA-2018-164329,30/01/2018,30/01/2018,Same Day,MM-17920,San Francisco,California,94109.0,West
US-2016-141453,30/11/2016,03/12/2016,Second Class,DB-13270,Austin,Texas,78745.0,Central
CA-2015-156993,28/06/2015,04/07/2015,Standard Class,RW-19630,Detroit,Michigan,48234.0,Central
CA-2015-157721,02/09/2015,05/09/2015,First Class,JM-16195,Watertown,New York,13601.0,East
CA-2018-128629,10/07/2018,14/07/2018,Second Class,BP-11155,Columbus,Georgia,31907.0,South
CA-2018-158106,04/06/2018,10/06/2018,Standard Class,CT-11995,Apple Valley,Minnesota,55124.0,Central
US-2018-120390,19/10/2018,26/10/2018,Standard Class,TH-21550,Burlington,North Carolina,27217.0,South
CA-2018-143434,18/11/2018,24/11/2018,Standard Class,ME-17320,Saginaw,Michigan,48601.0,Central
CA-2016-168564,08/08/2016,08/08/2016,Same Day,TT-21220,San Francisco,California,94109.0,West
US-2017-169040,06/12/2017,12/12/2017,Standard Class,GT-14710,Seattle,Washington,98105.0,West
CA-2018-155880,25/03/2018,31/03/2018,Standard Class,JD-16150,Milwaukee,Wisconsin,53209.0,Central
CA-2018-126242,19/11/2018,24/11/2018,Standard Class,MC-18100,Los Angeles,California,90049.0,West
CA-2017-166443,04/11/2017,05/11/2017,First Class,LH-17020,San Francisco,California,94122.0,West
CA-2018-169859,14/12/2018,18/12/2018,Standard Class,MP-18175,San Diego,California,92024.0,West
CA-2018-134915,12/11/2018,12/11/2018,Same Day,EM-14140,Glendale,Arizona,85301.0,West
CA-2017-153353,18/08/2017,24/08/2017,Standard Class,GG-14650,New York City,New York,10035.0,East
CA-2018-123638,27/06/2018,04/07/2018,Standard Class,MA-17995,Watertown,New York,13601.0,East
CA-2018-168900,04/05/2018,09/05/2018,Standard Class,SH-20395,Springfield,Ohio,45503.0,East
CA-2016-158456,24/12/2016,29/12/2016,Standard Class,KT-16465,Los Angeles,California,90032.0,West
CA-2018-143665,26/04/2018,01/05/2018,Standard Class,PO-19180,Seattle,Washington,98115.0,West
CA-2018-137428,16/12/2018,21/12/2018,Second Class,AY-10555,Oceanside,California,92054.0,West
CA-2015-162866,27/12/2015,31/12/2015,Standard Class,Co-12640,Skokie,Illinois,60076.0,Central
CA-2018-167941,06/11/2018,09/11/2018,Second Class,JF-15565,Fayetteville,North Carolina,28314.0,South
CA-2018-111808,16/12/2018,20/12/2018,Standard Class,AR-10510,Tulsa,Oklahoma,74133.0,Central
CA-2016-137512,07/05/2016,12/05/2016,Standard Class,AG-10675,Allen,Texas,75002.0,Central
CA-2018-139773,04/12/2018,04/12/2018,Same Day,DV-13045,Philadelphia,Pennsylvania,19143.0,East
CA-2018-134607,03/10/2018,08/10/2018,Second Class,HL-15040,Rochester,New York,14609.0,East
CA-2015-109232,13/01/2015,16/01/2015,Second Class,ND-18370,Mount Pleasant,South Carolina,29464.0,South
CA-2016-139850,12/06/2016,17/06/2016,Standard Class,GB-14575,Philadelphia,Pennsylvania,19134.0,East
CA-2015-131310,12/07/2015,18/07/2015,Standard Class,CL-12565,Seattle,Washington,98115.0,West
US-2015-112872,06/12/2015,11/12/2015,Second Class,RC-19960,Springfield,Oregon,97477.0,West
CA-2017-139269,25/05/2017,30/05/2017,Standard Class,JB-16045,Columbus,Georgia,31907.0,South
CA-2017-139010,21/02/2017,26/02/2017,Second Class,MC-17635,Los Angeles,California,90032.0,West
CA-2017-134376,02/10/2017,06/10/2017,Standard Class,TT-21265,New York City,New York,10024.0,East
CA-2018-147291,11/03/2018,17/03/2018,Standard Class,MJ-17740,Detroit,Michigan,48227.0,Central
CA-2017-112893,09/09/2017,13/09/2017,Second Class,AT-10735,Stockton,California,95207.0,West
US-2015-150532,14/07/2015,21/07/2015,Standard Class,PB-19150,Phoenix,Arizona,85023.0,West
CA-2015-138317,21/06/2015,25/06/2015,Standard Class,NW-18400,Philadelphia,Pennsylvania,19120.0,East
CA-2016-130610,05/07/2016,10/07/2016,Standard Class,VP-21730,Sterling Heights,Michigan,48310.0,Central
CA-2018-104381,16/12/2018,23/12/2018,Standard Class,RD-19810,Rochester,New York,14609.0,East
CA-2017-131499,08/09/2017,10/09/2017,First Class,MG-17875,New York City,New York,10011.0,East
CA-2015-148761,17/05/2015,21/05/2015,Standard Class,PA-19060,Eau Claire,Wisconsin,54703.0,Central
CA-2018-116519,13/10/2018,15/10/2018,First Class,CR-12730,New York City,New York,10009.0,East
CA-2015-130729,24/10/2015,29/10/2015,Standard Class,AA-10375,Rancho Cucamonga,California,91730.0,West
CA-2017-124772,05/12/2017,06/12/2017,First Class,JG-15160,Murray,Kentucky,42071.0,South
CA-2017-115525,25/07/2017,29/07/2017,Standard Class,RR-19525,Toledo,Ohio,43615.0,East
CA-2018-134845,17/04/2018,23/04/2018,Standard Class,SR-20425,Louisville,Colorado,80027.0,West
US-2016-138919,17/09/2016,21/09/2016,Standard Class,LS-16975,New York City,New York,10035.0,East
US-2017-160528,23/08/2017,30/08/2017,Standard Class,MH-18115,Pharr,Texas,78577.0,Central
CA-2016-123568,08/11/2016,14/11/2016,Standard Class,SC-20095,West Jordan,Utah,84084.0,West
CA-2018-124674,17/11/2018,23/11/2018,Standard Class,JB-16000,Brownsville,Texas,78521.0,Central
CA-2016-164441,08/11/2016,13/11/2016,Standard Class,AC-10450,New York City,New York,10011.0,East
CA-2018-169054,22/04/2018,26/04/2018,Standard Class,MO-17800,Philadelphia,Pennsylvania,19140.0,East
CA-2015-106719,24/08/2015,24/08/2015,Same Day,RB-19645,Billings,Montana,59102.0,West
CA-2018-116855,17/12/2018,21/12/2018,Standard Class,AI-10855,Chesapeake,Virginia,23320.0,South
US-2017-164189,24/03/2017,28/03/2017,Standard Class,DR-12880,Gresham,Oregon,97030.0,West
CA-2016-168480,21/09/2016,27/09/2016,Standard Class,DM-12955,Lincoln Park,Michigan,48146.0,Central
US-2017-114293,21/11/2017,26/11/2017,Standard Class,JH-16180,Gresham,Oregon,97030.0,West
CA-2018-134173,16/09/2018,21/09/2018,Standard Class,AB-10060,Philadelphia,Pennsylvania,19143.0,East
US-2016-123960,11/06/2016,16/06/2016,Standard Class,BD-11605,Monroe,Louisiana,71203.0,South
CA-2018-101749,03/10/2018,08/10/2018,Standard Class,AS-10045,Pasadena,California,91104.0,West
US-2017-147991,05/05/2017,09/05/2017,Standard Class,ZD-21925,Chattanooga,Tennessee,37421.0,South
CA-2018-149559,11/09/2018,12/09/2018,Same Day,KF-16285,Long Beach,California,90805.0,West
CA-2016-135174,30/04/2016,02/05/2016,Second Class,BP-11230,Troy,Ohio,45373.0,East
CA-2018-125290,06/11/2018,10/11/2018,Second Class,CC-12430,Minneapolis,Minnesota,55407.0,Central
CA-2015-137351,30/09/2015,04/10/2015,Standard Class,DB-13615,Seattle,Washington,98105.0,West
CA-2018-121419,02/04/2018,04/04/2018,First Class,TC-21475,Columbus,Georgia,31907.0,South
US-2018-148054,06/10/2018,11/10/2018,Standard Class,NZ-18565,Meridian,Idaho,83642.0,West
CA-2017-128517,09/04/2017,14/04/2017,Second Class,SW-20350,Detroit,Michigan,48227.0,Central
US-2016-100377,28/08/2016,01/09/2016,Standard Class,TS-21370,Chicago,Illinois,60623.0,Central
CA-2018-131492,19/10/2018,24/10/2018,Second Class,HH-15010,San Francisco,California,94110.0,West
CA-2017-144554,07/11/2017,12/11/2017,Standard Class,DM-13345,Newark,Ohio,43055.0,East
CA-2018-127621,03/03/2018,07/03/2018,Standard Class,RE-19450,Dallas,Texas,75081.0,Central
CA-2016-145184,27/11/2016,29/11/2016,First Class,JD-16150,Newark,Delaware,19711.0,East
CA-2018-106859,13/03/2018,18/03/2018,Second Class,BF-11215,Albuquerque,New Mexico,87105.0,West
US-2018-120089,30/11/2018,30/11/2018,Same Day,ML-17755,Toledo,Ohio,43615.0,East
CA-2015-119375,17/11/2015,22/11/2015,Standard Class,YC-21895,Newark,Delaware,19711.0,East
CA-2017-125206,03/01/2017,05/01/2017,First Class,LR-16915,Los Angeles,California,90045.0,West
CA-2016-126137,03/10/2016,08/10/2016,Standard Class,BS-11755,Los Angeles,California,90032.0,West
CA-2015-143903,20/07/2015,24/07/2015,Standard Class,KM-16375,Dallas,Texas,75217.0,Central
CA-2015-104780,21/05/2015,25/05/2015,Standard Class,BT-11530,San Diego,California,92037.0,West
CA-2018-101182,04/09/2018,05/09/2018,First Class,KB-16405,Apple Valley,California,92307.0,West
US-2018-132297,27/05/2018,02/06/2018,Standard Class,DW-13480,Louisville,Kentucky,40214.0,South
CA-2015-100328,28/01/2015,03/02/2015,Standard Class,JC-15340,New York City,New York,10024.0,East
CA-2018-118773,09/02/2018,14/02/2018,Standard Class,TP-21415,Houston,Texas,77070.0,Central
US-2018-159205,31/03/2018,02/04/2018,Second Class,DB-12910,Henderson,Kentucky,42420.0,South
CA-2017-112123,03/03/2017,08/03/2017,Standard Class,BH-11710,Newark,Delaware,19711.0,East
CA-2016-114468,23/08/2016,23/08/2016,Same Day,TD-20995,Bolingbrook,Illinois,60440.0,Central
CA-2018-135692,27/04/2018,01/05/2018,Standard Class,CV-12805,Fort Worth,Texas,76106.0,Central
CA-2018-131233,14/04/2018,19/04/2018,Standard Class,CS-12355,New York City,New York,10024.0,East
CA-2018-119578,22/12/2018,27/12/2018,Second Class,JG-15310,Providence,Rhode Island,2908.0,East
CA-2017-124562,08/12/2017,12/12/2017,Standard Class,JP-16135,Columbus,Ohio,43229.0,East
US-2018-140074,23/03/2018,29/03/2018,Standard Class,EC-14050,New York City,New York,10024.0,East
CA-2017-103037,25/07/2017,29/07/2017,Standard Class,KH-16630,Houston,Texas,77070.0,Central
CA-2018-127460,10/07/2018,14/07/2018,Standard Class,FG-14260,Aurora,Illinois,60505.0,Central
CA-2017-121671,17/07/2017,22/07/2017,Standard Class,AA-10480,Springfield,Missouri,65807.0,Central
CA-2017-150350,23/08/2017,30/08/2017,Standard Class,MS-17770,Seattle,Washington,98105.0,West
CA-2016-121720,11/06/2016,12/06/2016,First Class,JE-15610,Lakeland,Florida,33801.0,South
CA-2018-149895,08/09/2018,12/09/2018,Standard Class,EB-14110,Philadelphia,Pennsylvania,19134.0,East
CA-2018-147564,02/10/2018,06/10/2018,Standard Class,BP-11155,New York City,New York,10011.0,East
CA-2015-136399,16/12/2015,17/12/2015,First Class,CC-12100,Los Angeles,California,90049.0,West
CA-2015-107916,24/08/2015,26/08/2015,First Class,JP-15460,Oceanside,New York,11572.0,East
CA-2018-164168,12/11/2018,18/11/2018,Standard Class,LS-16975,Dallas,Texas,75081.0,Central
CA-2016-112557,25/04/2016,28/04/2016,First Class,JL-15850,New York City,New York,10035.0,East
US-2015-122959,12/12/2015,12/12/2015,Same Day,CY-12745,San Antonio,Texas,78207.0,Central
CA-2018-162572,25/09/2018,27/09/2018,Second Class,RB-19360,Cincinnati,Ohio,45231.0,East
US-2017-148110,05/09/2017,11/09/2017,Standard Class,AR-10825,Austin,Texas,78745.0,Central
CA-2018-131828,11/02/2018,13/02/2018,Second Class,CS-11845,Seattle,Washington,98105.0,West
CA-2015-109218,30/06/2015,03/07/2015,Second Class,AR-10825,Los Angeles,California,90004.0,West
CA-2017-120558,07/06/2017,10/06/2017,First Class,RD-19810,New York City,New York,10035.0,East
US-2015-109036,20/12/2015,25/12/2015,Standard Class,KH-16510,Seattle,Washington,98103.0,West
CA-2016-147830,15/12/2016,18/12/2016,First Class,NF-18385,Newark,Ohio,43055.0,East
CA-2018-150497,20/07/2018,24/07/2018,Standard Class,SM-20950,Maple Grove,Minnesota,55369.0,Central
CA-2015-128986,03/08/2015,05/08/2015,Second Class,GH-14410,Glendale,Arizona,85301.0,West
CA-2016-139584,24/08/2016,28/08/2016,Standard Class,EM-13810,New York City,New York,10009.0,East
US-2017-162677,26/03/2017,27/03/2017,First Class,DB-13210,Jacksonville,North Carolina,28540.0,South
US-2015-150924,12/09/2015,16/09/2015,Second Class,PT-19090,Houston,Texas,77070.0,Central
CA-2015-153969,21/09/2015,25/09/2015,Standard Class,HF-14995,San Francisco,California,94109.0,West
CA-2017-146682,29/10/2017,31/10/2017,First Class,KW-16435,Lansing,Michigan,48911.0,Central
CA-2017-138695,28/05/2017,03/06/2017,Standard Class,KC-16675,Tallahassee,Florida,32303.0,South
CA-2018-107461,21/12/2018,26/12/2018,Second Class,PK-19075,Columbia,South Carolina,29203.0,South
US-2017-133879,21/03/2017,28/03/2017,Standard Class,KT-16465,Chicago,Illinois,60623.0,Central
CA-2018-157483,11/11/2018,18/11/2018,Standard Class,EP-13915,Detroit,Michigan,48227.0,Central
US-2018-132059,23/09/2018,29/09/2018,Standard Class,AP-10915,Fort Collins,Colorado,80525.0,West
CA-2018-122280,10/09/2018,10/09/2018,Same Day,SH-20395,New York City,New York,10024.0,East
CA-2018-105235,05/12/2018,11/12/2018,Standard Class,SM-20950,New York City,New York,10011.0,East
CA-2018-152912,09/11/2018,12/11/2018,Second Class,BM-11650,Columbia,Maryland,21044.0,East
CA-2015-123498,07/11/2015,09/11/2015,First Class,TC-20980,Houston,Texas,77041.0,Central
CA-2018-159352,12/03/2018,17/03/2018,Standard Class,KB-16585,Lowell,Massachusetts,1852.0,East
US-2018-146416,20/10/2018,22/10/2018,Second Class,JE-16165,Woodland,California,95695.0,West
US-2016-163783,27/12/2016,01/01/2017,Standard Class,DR-12940,Chicago,Illinois,60610.0,Central
CA-2018-123981,02/10/2018,08/10/2018,Standard Class,RW-19630,New York City,New York,10035.0,East
CA-2018-158953,04/06/2018,08/06/2018,Standard Class,ML-18040,Missouri City,Texas,77489.0,Central
CA-2015-165428,01/09/2015,04/09/2015,First Class,JL-15130,Houston,Texas,77036.0,Central
CA-2017-169026,08/08/2017,13/08/2017,Standard Class,CM-12655,Jackson,Mississippi,39212.0,South
CA-2018-109750,22/07/2018,28/07/2018,Standard Class,FH-14365,New York City,New York,10009.0,East
CA-2016-149384,10/07/2016,10/07/2016,Same Day,EH-13945,Tempe,Arizona,85281.0,West
CA-2015-131527,01/12/2015,07/12/2015,Standard Class,TB-21280,Jacksonville,North Carolina,28540.0,South
CA-2018-164000,18/12/2018,22/12/2018,Standard Class,AH-10030,Philadelphia,Pennsylvania,19134.0,East
CA-2015-164224,18/05/2015,20/05/2015,Second Class,TT-21070,Akron,Ohio,44312.0,East
CA-2015-158372,10/11/2015,16/11/2015,Standard Class,RD-19900,San Diego,California,92037.0,West
CA-2017-108882,09/01/2017,15/01/2017,Standard Class,LA-16780,Fresno,California,93727.0,West
US-2018-108245,22/09/2018,27/09/2018,Standard Class,SH-19975,Pearland,Texas,77581.0,Central
CA-2015-142314,23/12/2015,28/12/2015,Standard Class,SF-20200,Richmond,Indiana,47374.0,Central
CA-2017-132409,26/05/2017,01/06/2017,Standard Class,TH-21235,Philadelphia,Pennsylvania,19134.0,East
CA-2018-150189,08/07/2018,10/07/2018,First Class,VG-21790,San Mateo,California,94403.0,West
CA-2015-114433,13/05/2015,17/05/2015,Standard Class,NP-18325,Oakland,California,94601.0,West
CA-2018-104640,10/11/2018,16/11/2018,Standard Class,FH-14275,New York City,New York,10024.0,East
US-2016-137008,02/10/2016,08/10/2016,Standard Class,JP-15460,Lakewood,New Jersey,8701.0,East
CA-2015-108189,02/10/2015,05/10/2015,First Class,ES-14080,Tempe,Arizona,85281.0,West
CA-2015-154641,11/08/2015,16/08/2015,Standard Class,KL-16645,New York City,New York,10035.0,East
CA-2018-131625,01/09/2018,05/09/2018,Second Class,BN-11515,New York City,New York,10009.0,East
US-2018-156356,16/04/2018,22/04/2018,Standard Class,ND-18370,Houston,Texas,77095.0,Central
CA-2017-138933,24/04/2017,27/04/2017,First Class,JL-15130,Riverside,California,92503.0,West
CA-2017-140746,15/01/2017,15/01/2017,Same Day,RC-19825,Fairfield,Connecticut,6824.0,East
CA-2017-146836,02/05/2017,02/05/2017,Same Day,CC-12475,New York City,New York,10024.0,East
US-2017-127971,20/11/2017,27/11/2017,Standard Class,DW-13195,Houston,Texas,77095.0,Central
US-2017-140809,01/02/2017,03/02/2017,First Class,CK-12760,Arlington,Virginia,22204.0,South
CA-2018-114524,31/03/2018,05/04/2018,Second Class,EG-13900,Chicago,Illinois,60623.0,Central
CA-2018-113355,01/12/2018,05/12/2018,Standard Class,SJ-20215,Grand Prairie,Texas,75051.0,Central
US-2018-140907,10/12/2018,12/12/2018,Second Class,BP-11185,Seattle,Washington,98103.0,West
CA-2017-159730,17/09/2017,21/09/2017,Standard Class,SJ-20125,Seattle,Washington,98103.0,West
CA-2017-157868,23/12/2017,29/12/2017,Standard Class,MC-17590,Grand Rapids,Michigan,49505.0,Central
CA-2018-119389,17/04/2018,19/04/2018,First Class,BG-11740,Philadelphia,Pennsylvania,19120.0,East
CA-2018-110373,27/10/2018,30/10/2018,Second Class,MA-17560,Chicago,Illinois,60610.0,Central
CA-2017-155474,08/07/2017,14/07/2017,Standard Class,CC-12220,Seattle,Washington,98105.0,West
CA-2016-155453,09/08/2016,14/08/2016,Standard Class,RA-19885,Jacksonville,Florida,32216.0,South
US-2017-161844,09/12/2017,14/12/2017,Second Class,DK-12835,Franklin,Tennessee,37064.0,South
US-2017-162103,13/11/2017,17/11/2017,Standard Class,LB-16795,Highland Park,Illinois,60035.0,Central
CA-2015-151554,14/11/2015,15/11/2015,First Class,CM-11815,Pasadena,Texas,77506.0,Central
CA-2015-140662,17/11/2015,19/11/2015,First Class,TS-21205,San Francisco,California,94109.0,West
CA-2017-122518,04/03/2017,08/03/2017,Second Class,RF-19345,Miami,Florida,33180.0,South
US-2015-126571,11/10/2015,15/10/2015,Standard Class,JF-15565,Philadelphia,Pennsylvania,19120.0,East
CA-2015-143840,22/05/2015,29/05/2015,Standard Class,EH-14185,Decatur,Alabama,35601.0,South
CA-2015-115980,15/07/2015,19/07/2015,Standard Class,VW-21775,Sioux Falls,South Dakota,57103.0,Central
CA-2016-155145,27/12/2016,29/12/2016,Second Class,KN-16450,Visalia,California,93277.0,West
CA-2016-146038,09/02/2016,16/02/2016,Standard Class,SJ-20215,Los Angeles,California,90049.0,West
CA-2018-133865,08/05/2018,12/05/2018,Standard Class,PS-19045,Los Angeles,California,90032.0,West
CA-2018-116358,02/11/2018,06/11/2018,Standard Class,KM-16225,Overland Park,Kansas,66212.0,Central
CA-2015-102988,05/04/2015,09/04/2015,Second Class,GM-14695,Alexandria,Virginia,22304.0,South
US-2015-117170,17/09/2015,24/09/2015,Standard Class,KT-16465,Raleigh,North Carolina,27604.0,South
CA-2015-159478,30/09/2015,06/10/2015,Standard Class,MH-17785,New York City,New York,10035.0,East
CA-2015-103702,12/09/2015,17/09/2015,Standard Class,AF-10885,Fairfield,Ohio,45014.0,East
CA-2018-150525,20/02/2018,25/02/2018,Standard Class,JP-16135,Muskogee,Oklahoma,74403.0,Central
CA-2016-157770,13/12/2016,15/12/2016,First Class,RD-19585,Temecula,California,92592.0,West
CA-2017-167290,30/10/2017,04/11/2017,Standard Class,JF-15295,Sterling Heights,Michigan,48310.0,Central
CA-2015-106264,26/12/2015,30/12/2015,Standard Class,CK-12595,San Diego,California,92024.0,West
CA-2015-138023,15/08/2015,18/08/2015,First Class,KH-16510,Dallas,Texas,75081.0,Central
CA-2018-113418,01/10/2018,03/10/2018,First Class,CM-12655,New York City,New York,10035.0,East
US-2016-110569,23/05/2016,30/05/2016,Standard Class,EB-13870,Phoenix,Arizona,85023.0,West
CA-2018-136308,16/11/2018,16/11/2018,Same Day,MW-18235,San Francisco,California,94122.0,West
US-2015-159926,18/11/2015,22/11/2015,Standard Class,CS-11950,Philadelphia,Pennsylvania,19140.0,East
CA-2015-104738,30/12/2015,01/01/2016,Second Class,SP-20620,Laredo,Texas,78041.0,Central
CA-2016-144386,05/11/2016,11/11/2016,Standard Class,GT-14635,New York City,New York,10009.0,East
CA-2017-111416,17/09/2017,22/09/2017,Standard Class,LW-17215,New York City,New York,10035.0,East
CA-2017-162747,20/03/2017,25/03/2017,Second Class,AH-10030,Gulfport,Mississippi,39503.0,South
US-2015-133130,27/09/2015,01/10/2015,Standard Class,TH-21100,San Diego,California,92037.0,West
CA-2018-169978,24/12/2018,28/12/2018,Standard Class,HG-15025,Oceanside,New York,11572.0,East
CA-2018-161739,10/11/2018,15/11/2018,Second Class,EB-13750,Round Rock,Texas,78664.0,Central
CA-2016-165057,11/09/2016,15/09/2016,Standard Class,SC-20725,Redlands,California,92374.0,West
CA-2015-134551,20/12/2015,25/12/2015,Standard Class,TS-21505,Columbia,Tennessee,38401.0,South
CA-2016-120810,23/07/2016,27/07/2016,Standard Class,TH-21550,New York City,New York,10009.0,East
CA-2015-165309,11/11/2015,15/11/2015,Standard Class,KD-16270,Houston,Texas,77095.0,Central
CA-2018-122595,14/12/2018,20/12/2018,Standard Class,GM-14455,Chicago,Illinois,60653.0,Central
US-2018-109253,21/08/2018,22/08/2018,First Class,PR-18880,Oakland,California,94601.0,West
CA-2017-145982,27/08/2017,01/09/2017,Second Class,TB-21055,Quincy,Massachusetts,2169.0,East
CA-2016-112014,13/08/2016,20/08/2016,Standard Class,ON-18715,Yucaipa,California,92399.0,West
CA-2018-154732,05/11/2018,07/11/2018,First Class,AH-10195,Chicago,Illinois,60623.0,Central
US-2017-157308,17/08/2017,21/08/2017,Standard Class,NM-18520,Seattle,Washington,98105.0,West
CA-2017-147536,26/12/2017,31/12/2017,Standard Class,AR-10510,New York City,New York,10024.0,East
US-2015-134733,23/09/2015,28/09/2015,Standard Class,BM-11650,San Diego,California,92037.0,West
US-2015-150434,19/07/2015,24/07/2015,Standard Class,CA-12310,Bristol,Connecticut,6010.0,East
CA-2018-100335,07/09/2018,13/09/2018,Standard Class,NF-18595,Chicago,Illinois,60610.0,Central
CA-2017-139234,06/05/2017,10/05/2017,Standard Class,AF-10870,Chicago,Illinois,60610.0,Central
US-2016-142020,04/06/2016,08/06/2016,Second Class,TC-21535,New York City,New York,10024.0,East
CA-2016-139962,13/12/2016,20/12/2016,Standard Class,Dp-13240,Revere,Massachusetts,2151.0,East
CA-2017-130050,16/07/2017,18/07/2017,Second Class,MC-17425,Houston,Texas,77036.0,Central
CA-2015-115161,31/01/2015,02/02/2015,First Class,LC-17050,Mission Viejo,California,92691.0,West
CA-2015-165379,09/07/2015,15/07/2015,Standard Class,BM-11650,Dallas,Texas,75217.0,Central
CA-2016-115511,21/11/2016,25/11/2016,Standard Class,NW-18400,Las Vegas,Nevada,89115.0,West
CA-2017-134887,25/03/2017,25/03/2017,Same Day,TB-21280,Norman,Oklahoma,73071.0,Central
CA-2018-123778,23/09/2018,30/09/2018,Standard Class,BS-11755,San Francisco,California,94122.0,West
CA-2016-161718,04/12/2016,10/12/2016,Standard Class,SO-20335,Hempstead,New York,11550.0,East
CA-2017-100671,01/11/2017,04/11/2017,First Class,CS-12490,Conroe,Texas,77301.0,Central
CA-2018-142867,17/03/2018,21/03/2018,Standard Class,PO-19180,Houston,Texas,77095.0,Central
CA-2018-103156,23/11/2018,24/11/2018,First Class,TD-20995,Philadelphia,Pennsylvania,19120.0,East
US-2018-162208,27/08/2018,30/08/2018,First Class,SP-20620,Tampa,Florida,33614.0,South
CA-2016-130659,04/12/2016,09/12/2016,Second Class,MS-17365,New York City,New York,10035.0,East
CA-2018-148404,07/10/2018,11/10/2018,Standard Class,Dp-13240,Charlotte,North Carolina,28205.0,South
CA-2018-101077,25/03/2018,30/03/2018,Second Class,DB-13660,Dallas,Texas,75081.0,Central
CA-2015-166471,09/08/2015,13/08/2015,Standard Class,MG-17650,Seattle,Washington,98103.0,West
CA-2015-105340,22/11/2015,25/11/2015,First Class,EH-14185,Pasadena,Texas,77506.0,Central
US-2018-131583,10/06/2018,10/06/2018,Same Day,CL-11890,Philadelphia,Pennsylvania,19143.0,East
US-2018-148362,01/07/2018,08/07/2018,Standard Class,KF-16285,Indianapolis,Indiana,46203.0,Central
CA-2015-102274,21/11/2015,26/11/2015,Standard Class,DH-13075,Richmond,Kentucky,40475.0,South
CA-2016-129700,04/05/2016,05/05/2016,First Class,LA-16780,Tinley Park,Illinois,60477.0,Central
CA-2018-168739,29/05/2018,05/06/2018,Standard Class,HZ-14950,Houston,Texas,77095.0,Central
CA-2016-152527,17/10/2016,17/10/2016,Same Day,CM-12190,Los Angeles,California,90004.0,West
US-2015-150119,23/04/2015,27/04/2015,Standard Class,LB-16795,Columbus,Ohio,43229.0,East
US-2018-150847,30/04/2018,06/05/2018,Standard Class,JF-15490,Columbus,Ohio,43229.0,East
CA-2017-100244,20/09/2017,24/09/2017,Standard Class,GM-14695,San Francisco,California,94122.0,West
CA-2017-116540,02/09/2017,02/09/2017,Same Day,SS-20590,Madison,Wisconsin,53711.0,Central
CA-2016-151841,27/04/2016,02/05/2016,Standard Class,TC-21475,Aurora,Colorado,80013.0,West
CA-2016-150791,06/09/2016,13/09/2016,Standard Class,CC-12430,New York City,New York,10024.0,East
CA-2017-134803,28/05/2017,03/06/2017,Standard Class,CL-12565,Los Angeles,California,90004.0,West
CA-2016-153381,24/09/2016,28/09/2016,Standard Class,DE-13255,Dubuque,Iowa,52001.0,Central
US-2018-111024,03/07/2018,06/07/2018,Second Class,SZ-20035,Lancaster,Ohio,43130.0,East
CA-2018-148264,08/12/2018,09/12/2018,First Class,LF-17185,Inglewood,California,90301.0,West
CA-2018-131212,05/12/2018,09/12/2018,Standard Class,AB-10165,Bellevue,Washington,98006.0,West
US-2016-100531,27/09/2016,29/09/2016,First Class,NM-18520,Chicago,Illinois,60610.0,Central
CA-2018-152583,30/10/2018,30/10/2018,Same Day,RA-19945,Dallas,Texas,75217.0,Central
CA-2016-144099,29/11/2016,30/11/2016,Same Day,PO-19195,San Francisco,California,94122.0,West
CA-2015-158337,11/03/2015,14/03/2015,Second Class,KA-16525,New York City,New York,10024.0,East
CA-2018-168858,19/11/2018,23/11/2018,Standard Class,JD-16150,New York City,New York,10011.0,East
CA-2017-116344,29/07/2017,02/08/2017,Standard Class,JO-15145,Philadelphia,Pennsylvania,19140.0,East
CA-2016-131779,12/06/2016,17/06/2016,Standard Class,LE-16810,Newark,Delaware,19711.0,East
CA-2017-158869,06/08/2017,07/08/2017,First Class,AH-10690,New York City,New York,10024.0,East
CA-2018-102554,11/06/2018,15/06/2018,Standard Class,KN-16705,Auburn,Alabama,36830.0,South
CA-2017-162614,07/10/2017,13/10/2017,Standard Class,TB-21250,Los Angeles,California,90049.0,West
CA-2015-168592,08/09/2015,14/09/2015,Standard Class,DP-13390,San Francisco,California,94110.0,West
CA-2015-157609,16/03/2015,21/03/2015,Second Class,KN-16705,Raleigh,North Carolina,27604.0,South
CA-2016-153325,01/03/2016,02/03/2016,Second Class,ST-20530,Macon,Georgia,31204.0,South
CA-2016-153626,09/07/2016,14/07/2016,Standard Class,EB-13870,Nashville,Tennessee,37211.0,South
CA-2017-166485,20/02/2017,27/02/2017,Standard Class,AH-10210,Nashville,Tennessee,37211.0,South
CA-2018-136448,16/09/2018,18/09/2018,First Class,AS-10090,Philadelphia,Pennsylvania,19143.0,East
CA-2018-114258,05/11/2018,10/11/2018,Second Class,EM-13825,Dallas,Texas,75081.0,Central
CA-2016-152611,20/02/2016,23/02/2016,Second Class,KA-16525,Perth Amboy,New Jersey,8861.0,East
CA-2017-165470,25/11/2017,30/11/2017,Standard Class,HJ-14875,Jacksonville,Florida,32216.0,South
CA-2018-128699,03/12/2018,05/12/2018,Second Class,ND-18370,Jacksonville,Florida,32216.0,South
US-2016-147242,10/09/2016,14/09/2016,Standard Class,EH-13765,Revere,Massachusetts,2151.0,East
CA-2017-146143,14/12/2017,19/12/2017,Standard Class,MC-17845,Jackson,Mississippi,39212.0,South
CA-2016-100888,06/04/2016,10/04/2016,Standard Class,MH-17455,Jacksonville,North Carolina,28540.0,South
US-2017-150035,01/12/2017,05/12/2017,Standard Class,CL-11890,San Francisco,California,94122.0,West
CA-2018-122644,12/11/2018,17/11/2018,Standard Class,SF-20965,Columbus,Ohio,43229.0,East
CA-2018-111815,03/03/2018,10/03/2018,Standard Class,EP-13915,Dearborn Heights,Michigan,48127.0,Central
CA-2017-144911,27/11/2017,30/11/2017,First Class,RW-19630,Overland Park,Kansas,66212.0,Central
CA-2015-143385,31/08/2015,05/09/2015,Standard Class,SJ-20500,Santa Fe,New Mexico,87505.0,West
CA-2017-131289,08/12/2017,14/12/2017,Standard Class,SP-20620,San Francisco,California,94110.0,West
CA-2015-124023,07/04/2015,10/04/2015,First Class,PJ-19015,Mobile,Alabama,36608.0,South
CA-2015-124688,27/08/2015,29/08/2015,First Class,CC-12610,Springfield,Virginia,22153.0,South
CA-2017-151169,21/10/2017,26/10/2017,Standard Class,MY-18295,Newark,Delaware,19711.0,East
US-2017-134761,30/11/2017,30/11/2017,Same Day,DB-13210,Hickory,North Carolina,28601.0,South
CA-2018-120705,05/09/2018,11/09/2018,Standard Class,MG-17875,Fort Lauderdale,Florida,33311.0,South
CA-2016-157322,02/07/2016,06/07/2016,Standard Class,RH-19600,Carol Stream,Illinois,60188.0,Central
CA-2018-142034,24/09/2018,28/09/2018,Standard Class,KB-16240,Saint Cloud,Minnesota,56301.0,Central
CA-2017-107328,08/08/2017,15/08/2017,Standard Class,CA-12055,Los Angeles,California,90036.0,West
CA-2017-108616,29/09/2017,03/10/2017,Standard Class,JK-15730,Mobile,Alabama,36608.0,South
CA-2018-125115,10/04/2018,10/04/2018,Same Day,RD-19930,Austin,Texas,78745.0,Central
CA-2017-150945,18/12/2017,20/12/2017,Second Class,JK-16120,New York City,New York,10009.0,East
CA-2015-166863,20/06/2015,24/06/2015,Standard Class,SC-20020,Plano,Texas,75023.0,Central
CA-2018-140326,04/09/2018,06/09/2018,First Class,HW-14935,Chicago,Illinois,60653.0,Central
CA-2017-168536,20/12/2017,24/12/2017,Standard Class,SC-20800,Jackson,Mississippi,39212.0,South
US-2017-113649,09/08/2017,12/08/2017,First Class,HA-14920,Fayetteville,North Carolina,28314.0,South
CA-2016-124975,22/06/2016,25/06/2016,First Class,MG-17875,Aurora,Illinois,60505.0,Central
CA-2016-168767,10/04/2016,15/04/2016,Standard Class,DM-12955,Sacramento,California,95823.0,West
CA-2017-114482,21/11/2017,25/11/2017,Second Class,DM-13345,Des Moines,Iowa,50315.0,Central
CA-2017-137673,05/09/2017,10/09/2017,Standard Class,ML-17395,San Diego,California,92105.0,West
CA-2017-132731,24/11/2017,28/11/2017,Standard Class,GA-14515,Dallas,Texas,75081.0,Central
CA-2018-148922,10/12/2018,15/12/2018,Second Class,SU-20665,Jackson,Mississippi,39212.0,South
CA-2017-130680,24/06/2017,29/06/2017,Standard Class,BD-11320,San Diego,California,92024.0,West
CA-2016-141145,17/09/2016,23/09/2016,Standard Class,DB-13405,Orlando,Florida,32839.0,South
US-2017-152835,19/05/2017,23/05/2017,Standard Class,RP-19855,Lafayette,Indiana,47905.0,Central
CA-2017-155565,28/05/2017,28/05/2017,Same Day,EH-13765,New York City,New York,10035.0,East
CA-2015-110849,18/04/2015,23/04/2015,Standard Class,JL-15835,Los Angeles,California,90049.0,West
CA-2017-145842,17/06/2017,20/06/2017,Second Class,FM-14380,New York City,New York,10024.0,East
CA-2015-158771,09/05/2015,09/05/2015,Same Day,SB-20290,Henderson,Kentucky,42420.0,South
CA-2017-157511,18/09/2017,20/09/2017,First Class,SV-20365,Columbus,Ohio,43229.0,East
CA-2018-121216,23/12/2018,25/12/2018,Second Class,MM-17920,College Station,Texas,77840.0,Central
CA-2018-155292,30/10/2018,01/11/2018,First Class,RD-19810,Richmond,Kentucky,40475.0,South
CA-2017-152555,29/03/2017,02/04/2017,Second Class,ME-17320,Chicago,Illinois,60653.0,Central
CA-2018-107832,23/11/2018,26/11/2018,Second Class,FH-14275,Philadelphia,Pennsylvania,19120.0,East
CA-2015-120838,23/03/2015,26/03/2015,Second Class,PO-18865,Los Angeles,California,90036.0,West
CA-2018-118542,01/12/2018,05/12/2018,Standard Class,CC-12550,Los Angeles,California,90008.0,West
CA-2018-152737,07/11/2018,12/11/2018,Standard Class,TS-21505,San Francisco,California,94122.0,West
CA-2018-109757,04/09/2018,09/09/2018,Second Class,MD-17350,Akron,Ohio,44312.0,East
CA-2017-130029,03/07/2017,06/07/2017,First Class,GT-14755,Los Angeles,California,90049.0,West
CA-2018-103877,07/09/2018,14/09/2018,Standard Class,RD-19660,Independence,Missouri,64055.0,Central
CA-2017-137176,09/09/2017,14/09/2017,Second Class,DB-12910,Dallas,Texas,75220.0,Central
CA-2018-168109,03/07/2018,03/07/2018,Same Day,JK-15640,Seattle,Washington,98105.0,West
US-2018-126081,29/06/2018,04/07/2018,Standard Class,FC-14335,Mesquite,Texas,75150.0,Central
CA-2018-117023,07/08/2018,12/08/2018,Standard Class,JW-15955,Long Beach,New York,11561.0,East
CA-2016-143532,19/03/2016,24/03/2016,Standard Class,DC-12850,North Miami,Florida,33161.0,South
CA-2017-103163,07/06/2017,11/06/2017,Standard Class,FM-14290,Bakersfield,California,93309.0,West
CA-2017-104157,25/07/2017,29/07/2017,Standard Class,MT-17815,Jackson,Mississippi,39212.0,South
CA-2018-117807,01/10/2018,07/10/2018,Standard Class,DK-13090,Fremont,Nebraska,68025.0,Central
CA-2016-121650,10/12/2016,16/12/2016,Standard Class,KD-16495,Jackson,Michigan,49201.0,Central
CA-2018-161823,03/09/2018,08/09/2018,Standard Class,AG-10300,San Francisco,California,94122.0,West
CA-2018-121839,24/09/2018,28/09/2018,Standard Class,MH-18115,Lancaster,Ohio,43130.0,East
CA-2018-158729,19/12/2018,21/12/2018,First Class,AC-10450,Lafayette,Louisiana,70506.0,South
CA-2018-146535,24/11/2018,30/11/2018,Standard Class,FM-14290,Richmond,Kentucky,40475.0,South
CA-2015-154186,13/12/2015,15/12/2015,Second Class,RA-19285,Houston,Texas,77070.0,Central
CA-2017-108434,05/12/2017,07/12/2017,Second Class,JG-15160,New York City,New York,10024.0,East
CA-2017-164154,11/09/2017,17/09/2017,Standard Class,NZ-18565,Toledo,Ohio,43615.0,East
CA-2018-148012,09/12/2018,15/12/2018,Standard Class,KM-16225,Philadelphia,Pennsylvania,19143.0,East
CA-2015-102869,09/09/2015,14/09/2015,Second Class,LC-17140,Philadelphia,Pennsylvania,19140.0,East
CA-2018-138310,26/06/2018,30/06/2018,Standard Class,NP-18700,Denver,Colorado,80219.0,West
CA-2015-159835,17/11/2015,24/11/2015,Standard Class,RB-19330,Philadelphia,Pennsylvania,19143.0,East
CA-2018-112956,21/08/2018,27/08/2018,Standard Class,TH-21550,Columbia,Maryland,21044.0,East
CA-2017-119683,12/03/2017,16/03/2017,Second Class,CK-12595,New York City,New York,10024.0,East
CA-2015-163559,23/09/2015,28/09/2015,Second Class,ST-20530,New York City,New York,10035.0,East
CA-2015-140228,28/04/2015,03/05/2015,Standard Class,GB-14530,Newark,Ohio,43055.0,East
US-2017-131674,29/11/2017,01/12/2017,Second Class,NC-18535,Dallas,Texas,75217.0,Central
CA-2016-110093,03/12/2016,08/12/2016,Standard Class,AB-10255,Philadelphia,Pennsylvania,19134.0,East
CA-2018-112529,19/11/2018,21/11/2018,First Class,SC-20770,San Antonio,Texas,78207.0,Central
CA-2017-154536,05/09/2017,09/09/2017,Standard Class,JC-15340,Philadelphia,Pennsylvania,19120.0,East
CA-2018-141929,04/09/2018,08/09/2018,Standard Class,RA-19285,Los Angeles,California,90004.0,West
CA-2017-109743,22/09/2017,29/09/2017,Standard Class,SH-19975,Smyrna,Tennessee,37167.0,South
CA-2015-159184,14/09/2015,19/09/2015,Standard Class,JC-15775,Macon,Georgia,31204.0,South
CA-2018-113530,19/05/2018,21/05/2018,Second Class,BC-11125,San Francisco,California,94109.0,West
CA-2015-169726,09/08/2015,13/08/2015,Standard Class,JH-15985,Seattle,Washington,98103.0,West
CA-2018-155957,26/11/2018,30/11/2018,Standard Class,CC-12610,Columbus,Ohio,43229.0,East
CA-2018-132178,03/05/2018,08/05/2018,Second Class,DB-12970,Los Angeles,California,90004.0,West
CA-2017-145177,10/11/2017,14/11/2017,Standard Class,PP-18955,Springfield,Ohio,45503.0,East
CA-2015-156594,20/12/2015,23/12/2015,Second Class,MC-17845,Los Angeles,California,90008.0,West
CA-2015-146528,25/07/2015,27/07/2015,Second Class,VF-21715,Los Angeles,California,90045.0,West
CA-2016-168459,22/11/2016,27/11/2016,Standard Class,MC-17275,Memphis,Tennessee,38109.0,South
CA-2018-109960,09/12/2018,11/12/2018,Second Class,DB-13210,Detroit,Michigan,48234.0,Central
CA-2018-133004,31/08/2018,05/09/2018,Standard Class,AJ-10945,Lawrence,Indiana,46226.0,Central
CA-2018-168102,24/04/2018,30/04/2018,Standard Class,CP-12340,Jacksonville,Florida,32216.0,South
CA-2018-158036,08/09/2018,14/09/2018,Standard Class,DB-13555,Dublin,Ohio,43017.0,East
CA-2016-128083,12/03/2016,17/03/2016,Standard Class,EB-13750,Plantation,Florida,33317.0,South
CA-2017-161676,18/07/2017,23/07/2017,Standard Class,JP-15460,Glendale,Arizona,85301.0,West
CA-2017-155005,13/06/2017,15/06/2017,Second Class,SC-20050,Jackson,Michigan,49201.0,Central
US-2018-129777,03/07/2018,09/07/2018,Standard Class,FM-14290,Quincy,Massachusetts,2169.0,East
CA-2015-129364,08/12/2015,13/12/2015,Standard Class,TB-21250,Salem,Oregon,97301.0,West
CA-2017-104969,08/04/2017,14/04/2017,Standard Class,EH-14125,Troy,Ohio,45373.0,East
CA-2018-154109,06/11/2018,11/11/2018,Standard Class,ML-17410,Philadelphia,Pennsylvania,19143.0,East
CA-2016-156440,05/12/2016,09/12/2016,Standard Class,MH-17620,San Diego,California,92105.0,West
CA-2016-132626,09/07/2016,14/07/2016,Standard Class,BT-11680,Clinton,Maryland,20735.0,East
CA-2017-102792,13/12/2017,19/12/2017,Standard Class,JC-15340,Riverside,California,92503.0,West
CA-2017-108567,20/05/2017,24/05/2017,Standard Class,DB-13210,Port Saint Lucie,Florida,34952.0,South
CA-2018-140760,02/06/2018,05/06/2018,Second Class,DO-13435,Mesa,Arizona,85204.0,West
US-2016-131359,30/10/2016,02/11/2016,Second Class,FA-14230,Denver,Colorado,80219.0,West
CA-2017-142097,15/10/2017,20/10/2017,Standard Class,QJ-19255,Springfield,Virginia,22153.0,South
CA-2016-151680,19/11/2016,21/11/2016,Second Class,TC-21475,Seattle,Washington,98115.0,West
CA-2015-140039,13/09/2015,17/09/2015,Standard Class,ON-18715,Tempe,Arizona,85281.0,West
CA-2018-160416,13/11/2018,18/11/2018,Second Class,AD-10180,Yonkers,New York,10701.0,East
CA-2018-169411,24/12/2018,29/12/2018,Standard Class,AC-10615,Rochester,New York,14609.0,East
CA-2017-126543,09/01/2017,13/01/2017,Second Class,MF-17665,Toledo,Ohio,43615.0,East
CA-2016-104941,13/06/2016,19/06/2016,Standard Class,DH-13075,Decatur,Alabama,35601.0,South
CA-2018-160087,18/03/2018,22/03/2018,Standard Class,EN-13780,Dallas,Texas,75220.0,Central
CA-2015-120544,23/11/2015,27/11/2015,Standard Class,SS-20140,Mesquite,Texas,75150.0,Central
CA-2018-113670,15/10/2018,17/10/2018,First Class,RS-19765,Los Angeles,California,90045.0,West
CA-2018-166198,21/04/2018,24/04/2018,First Class,JW-15955,Seattle,Washington,98103.0,West
CA-2015-135608,08/12/2015,10/12/2015,Second Class,JK-15625,Olympia,Washington,98502.0,West
CA-2018-144568,29/05/2018,02/06/2018,Standard Class,JO-15550,Omaha,Nebraska,68104.0,Central
CA-2017-142370,19/09/2017,23/09/2017,Standard Class,TP-21130,Columbus,Georgia,31907.0,South
CA-2017-105900,17/09/2017,23/09/2017,Standard Class,BS-11590,Columbus,Indiana,47201.0,Central
CA-2017-151155,20/12/2017,24/12/2017,Standard Class,AB-10255,Jackson,Mississippi,39212.0,South
CA-2018-144036,22/11/2018,26/11/2018,Standard Class,FO-14305,Houston,Texas,77070.0,Central
US-2015-169789,30/12/2015,04/01/2016,Standard Class,MF-17665,Phoenix,Arizona,85023.0,West
CA-2018-127264,03/04/2018,05/04/2018,First Class,SA-20830,Chicago,Illinois,60653.0,Central
CA-2017-151512,26/12/2017,02/01/2018,Standard Class,SH-19975,Denver,Colorado,80219.0,West
CA-2017-165169,05/06/2017,11/06/2017,Standard Class,JL-15235,Newark,Delaware,19711.0,East
CA-2016-109575,18/09/2016,23/09/2016,Standard Class,KH-16630,Clinton,Maryland,20735.0,East
CA-2018-168193,06/03/2018,11/03/2018,Second Class,RM-19750,New York City,New York,10011.0,East
CA-2017-115476,17/03/2017,17/03/2017,Same Day,VM-21835,Newark,Delaware,19711.0,East
CA-2017-133340,09/12/2017,13/12/2017,Standard Class,LH-17155,Jackson,Michigan,49201.0,Central
CA-2017-137848,15/01/2017,21/01/2017,Standard Class,WB-21850,New York City,New York,10011.0,East
CA-2015-113047,24/10/2015,24/10/2015,Same Day,AP-10915,Rock Hill,South Carolina,29730.0,South
CA-2017-149979,23/09/2017,28/09/2017,Second Class,RA-19915,Columbus,Georgia,31907.0,South
CA-2018-161956,27/08/2018,29/08/2018,Second Class,DR-12880,Inglewood,California,90301.0,West
CA-2017-116799,03/03/2017,06/03/2017,First Class,JG-15310,Odessa,Texas,79762.0,Central
CA-2017-111283,28/02/2017,04/03/2017,Standard Class,LC-16870,Newark,Ohio,43055.0,East
CA-2016-167745,18/09/2016,23/09/2016,Standard Class,GB-14530,Los Angeles,California,90049.0,West
CA-2018-104577,12/05/2018,17/05/2018,Standard Class,CK-12205,Everett,Massachusetts,2149.0,East
CA-2017-156251,13/08/2017,18/08/2017,Second Class,TS-21160,West Allis,Wisconsin,53214.0,Central
CA-2018-125878,25/02/2018,02/03/2018,Standard Class,MH-18025,Chicago,Illinois,60623.0,Central
CA-2017-163153,21/03/2017,25/03/2017,Standard Class,DM-12955,Houston,Texas,77036.0,Central
CA-2016-103205,08/12/2016,10/12/2016,Second Class,JJ-15760,Houston,Texas,77036.0,Central
CA-2015-153913,16/12/2015,20/12/2015,Second Class,KB-16585,Hialeah,Florida,33012.0,South
CA-2017-155530,17/12/2017,21/12/2017,Standard Class,CM-12160,San Francisco,California,94122.0,West
US-2017-101196,12/05/2017,17/05/2017,Standard Class,FM-14215,Philadelphia,Pennsylvania,19140.0,East
CA-2015-115357,06/08/2015,11/08/2015,Second Class,RF-19735,Columbia,South Carolina,29203.0,South
US-2015-102715,11/04/2015,13/04/2015,Second Class,JK-15370,Miami,Florida,33180.0,South
CA-2016-107937,03/05/2016,08/05/2016,Standard Class,JB-16045,Chula Vista,California,91911.0,West
US-2018-148768,30/11/2018,02/12/2018,Second Class,PN-18775,Miami,Florida,33180.0,South
CA-2018-118521,16/02/2018,20/02/2018,Standard Class,LF-17185,New York City,New York,10035.0,East
CA-2015-149643,16/11/2015,20/11/2015,Standard Class,RH-19510,Manhattan,Kansas,66502.0,Central
CA-2016-135314,09/07/2016,14/07/2016,Second Class,MC-17575,Philadelphia,Pennsylvania,19120.0,East
CA-2018-165204,13/11/2018,16/11/2018,Second Class,MN-17935,Memphis,Tennessee,38109.0,South
CA-2018-125752,31/07/2018,04/08/2018,Standard Class,EH-14125,Fort Lauderdale,Florida,33311.0,South
CA-2018-112487,26/12/2018,30/12/2018,Standard Class,TC-21535,Columbus,Ohio,43229.0,East
CA-2017-144218,31/10/2017,04/11/2017,Standard Class,JD-15895,Los Angeles,California,90045.0,West
CA-2017-169971,04/09/2017,09/09/2017,Standard Class,IL-15100,Houston,Texas,77041.0,Central
US-2017-133508,17/04/2017,21/04/2017,Standard Class,SW-20350,Omaha,Nebraska,68104.0,Central
CA-2015-107139,05/07/2015,11/07/2015,Standard Class,DP-13390,Los Angeles,California,90004.0,West
CA-2016-111325,27/02/2016,28/02/2016,First Class,BT-11395,Altoona,Pennsylvania,16602.0,East
CA-2016-163762,27/11/2016,01/12/2016,Standard Class,JE-15475,New York City,New York,10024.0,East
US-2015-117163,27/01/2015,02/02/2015,Standard Class,EJ-13720,San Diego,California,92037.0,West
CA-2018-121314,23/09/2018,26/09/2018,First Class,BE-11410,Miami,Florida,33178.0,South
CA-2018-147760,04/11/2018,05/11/2018,First Class,KL-16555,Greensboro,North Carolina,27405.0,South
CA-2017-156503,14/10/2017,20/10/2017,Standard Class,NC-18415,Jacksonville,North Carolina,28540.0,South
CA-2016-113628,12/11/2016,19/11/2016,Standard Class,AH-10690,Plantation,Florida,33317.0,South
CA-2018-147753,05/03/2018,05/03/2018,Same Day,PK-19075,Milwaukee,Wisconsin,53209.0,Central
CA-2016-103961,05/11/2016,09/11/2016,Standard Class,NG-18430,Quincy,Illinois,62301.0,Central
CA-2017-152471,08/07/2017,08/07/2017,Same Day,ZD-21925,Jacksonville,Florida,32216.0,South
CA-2016-102582,15/09/2016,19/09/2016,Standard Class,NW-18400,Mobile,Alabama,36608.0,South
CA-2018-141873,09/10/2018,14/10/2018,Standard Class,HG-14845,New York City,New York,10024.0,East
CA-2016-140984,14/09/2016,18/09/2016,Standard Class,CC-12685,New York City,New York,10011.0,East
CA-2015-132801,07/10/2015,12/10/2015,Standard Class,JG-15805,Dallas,Texas,75217.0,Central
CA-2018-141733,07/05/2018,11/05/2018,Standard Class,RW-19540,Detroit,Michigan,48234.0,Central
US-2016-111927,14/11/2016,19/11/2016,Standard Class,LS-17230,Dover,Delaware,19901.0,East
CA-2015-105984,24/11/2015,24/11/2015,Same Day,MY-18295,Columbus,Ohio,43229.0,East
CA-2015-100363,08/04/2015,15/04/2015,Standard Class,JM-15655,Glendale,Arizona,85301.0,West
CA-2015-126760,26/07/2015,02/08/2015,Standard Class,KM-16720,North Las Vegas,Nevada,89031.0,West
US-2015-109162,08/06/2015,12/06/2015,Standard Class,KE-16420,Bristol,Tennessee,37620.0,South
CA-2015-101931,28/10/2015,31/10/2015,First Class,TS-21370,Los Angeles,California,90049.0,West
CA-2018-129000,25/11/2018,27/11/2018,Second Class,SZ-20035,Canton,Michigan,48187.0,Central
CA-2018-161053,22/09/2018,23/09/2018,First Class,JE-15745,Fayetteville,Arkansas,72701.0,South
CA-2016-142377,04/12/2016,09/12/2016,Standard Class,MS-17980,Springfield,Missouri,65807.0,Central
CA-2016-127593,21/09/2016,21/09/2016,Same Day,DH-13675,Quincy,Massachusetts,2169.0,East
CA-2018-130526,26/11/2018,29/11/2018,First Class,GT-14755,Rockford,Illinois,61107.0,Central
US-2018-131849,06/06/2018,10/06/2018,Standard Class,GH-14410,San Francisco,California,94122.0,West
US-2018-105389,23/10/2018,28/10/2018,Second Class,DM-13015,San Antonio,Texas,78207.0,Central
CA-2015-140816,20/12/2015,20/12/2015,Same Day,TC-21295,Thornton,Colorado,80229.0,West
CA-2018-154039,17/02/2018,22/02/2018,Standard Class,JK-16120,Chicago,Illinois,60653.0,Central
CA-2015-135755,03/05/2015,10/05/2015,Standard Class,NC-18415,Yonkers,New York,10701.0,East
CA-2018-123246,17/10/2018,19/10/2018,Second Class,AJ-10960,San Diego,California,92037.0,West
CA-2016-157133,28/11/2016,03/12/2016,Standard Class,LC-16885,Champaign,Illinois,61821.0,Central
CA-2015-124709,27/07/2015,29/07/2015,Second Class,GW-14605,San Francisco,California,94122.0,West
CA-2018-146360,23/04/2018,25/04/2018,Second Class,SC-20305,Lawrence,Indiana,46226.0,Central
CA-2016-132486,23/10/2016,27/10/2016,Second Class,JF-15355,San Diego,California,92105.0,West
CA-2017-136231,05/09/2017,07/09/2017,Second Class,DM-13015,Johnson City,Tennessee,37604.0,South
CA-2017-140641,28/10/2017,02/11/2017,Standard Class,EP-13915,Tampa,Florida,33614.0,South
CA-2015-151001,05/04/2015,07/04/2015,First Class,JG-15805,Decatur,Illinois,62521.0,Central
CA-2016-129896,15/06/2016,20/06/2016,Standard Class,PF-19120,Gilbert,Arizona,85234.0,West
CA-2015-152849,05/07/2015,12/07/2015,Standard Class,DW-13195,Knoxville,Tennessee,37918.0,South
US-2018-127341,29/01/2018,02/02/2018,Standard Class,CK-12595,Chicago,Illinois,60653.0,Central
CA-2017-167759,03/03/2017,08/03/2017,Second Class,CC-12670,Bloomington,Indiana,47401.0,Central
CA-2015-100895,02/06/2015,06/06/2015,Standard Class,SV-20785,Roswell,Georgia,30076.0,South
US-2017-163881,24/11/2017,30/11/2017,Standard Class,SP-20860,Los Angeles,California,90036.0,West
US-2017-144547,10/11/2017,14/11/2017,Standard Class,MS-17770,Houston,Texas,77036.0,Central
US-2015-112200,22/11/2015,28/11/2015,Standard Class,TC-21475,Bolingbrook,Illinois,60440.0,Central
CA-2018-110212,01/05/2018,05/05/2018,Standard Class,SJ-20125,Texarkana,Arkansas,71854.0,South
CA-2018-134285,07/12/2018,12/12/2018,Standard Class,DS-13180,San Antonio,Texas,78207.0,Central
CA-2018-102267,30/11/2018,04/12/2018,Standard Class,SC-20800,Edinburg,Texas,78539.0,Central
CA-2018-157980,07/12/2018,09/12/2018,First Class,SH-20395,Toledo,Ohio,43615.0,East
CA-2016-121097,03/01/2016,08/01/2016,Standard Class,SF-20965,Baytown,Texas,77520.0,Central
CA-2016-151043,14/11/2016,20/11/2016,Standard Class,MG-17680,Philadelphia,Pennsylvania,19143.0,East
US-2016-119312,02/10/2016,07/10/2016,Second Class,CS-12400,Los Angeles,California,90045.0,West
CA-2016-167010,05/04/2016,10/04/2016,Standard Class,VT-21700,Philadelphia,Pennsylvania,19143.0,East
CA-2018-126788,05/06/2018,06/06/2018,First Class,AB-10105,Pearland,Texas,77581.0,Central
CA-2018-148068,18/09/2018,25/09/2018,Standard Class,MM-18280,New York City,New York,10035.0,East
US-2018-142573,18/07/2018,23/07/2018,Standard Class,ML-17410,Phoenix,Arizona,85023.0,West
US-2016-148817,01/12/2016,07/12/2016,Standard Class,KD-16495,Chesapeake,Virginia,23320.0,South
CA-2017-110044,28/06/2017,02/07/2017,Second Class,RF-19735,Chicago,Illinois,60610.0,Central
CA-2018-146920,28/08/2018,01/09/2018,Standard Class,SC-20305,Chicago,Illinois,60623.0,Central
CA-2015-103940,17/09/2015,21/09/2015,Standard Class,BN-11515,Seattle,Washington,98103.0,West
CA-2017-162082,14/03/2017,17/03/2017,First Class,JS-15880,Harlingen,Texas,78550.0,Central
CA-2017-132094,26/08/2017,02/09/2017,Standard Class,VG-21805,Philadelphia,Pennsylvania,19140.0,East
CA-2018-123001,02/09/2018,08/09/2018,Standard Class,AW-10840,Bakersfield,California,93309.0,West
CA-2016-118955,16/06/2016,20/06/2016,Standard Class,LS-17230,Grand Prairie,Texas,75051.0,Central
US-2017-143448,10/12/2017,10/12/2017,Same Day,MH-17455,Greenwood,Indiana,46142.0,Central
CA-2018-117863,18/05/2018,23/05/2018,Standard Class,TS-21340,New York City,New York,10024.0,East
CA-2018-160458,27/05/2018,29/05/2018,Second Class,EH-13945,Memphis,Tennessee,38109.0,South
US-2017-142685,23/06/2017,30/06/2017,Standard Class,MG-17695,Buffalo,New York,14215.0,East
CA-2017-133144,16/05/2017,21/05/2017,Second Class,DO-13435,Los Angeles,California,90036.0,West
CA-2018-167871,18/11/2018,23/11/2018,Standard Class,AF-10870,Homestead,Florida,33030.0,South
CA-2017-119963,18/11/2017,22/11/2017,Standard Class,SN-20710,Pasadena,Texas,77506.0,Central
CA-2015-121167,28/11/2015,30/11/2015,Second Class,MO-17500,Freeport,New York,11520.0,East
US-2017-151862,01/03/2017,08/03/2017,Standard Class,ON-18715,Denver,Colorado,80219.0,West
CA-2018-152961,15/01/2018,19/01/2018,Standard Class,SC-20095,Quincy,Massachusetts,2169.0,East
CA-2015-133228,04/04/2015,09/04/2015,Standard Class,MS-17710,Detroit,Michigan,48205.0,Central
CA-2017-114951,26/06/2017,03/07/2017,Standard Class,DN-13690,San Francisco,California,94109.0,West
CA-2017-156573,29/05/2017,02/06/2017,Standard Class,RB-19360,Nashville,Tennessee,37211.0,South
CA-2016-113901,19/10/2016,24/10/2016,Standard Class,NH-18610,Detroit,Michigan,48227.0,Central
CA-2018-134838,19/02/2018,20/02/2018,First Class,ED-13885,Los Angeles,California,90045.0,West
CA-2017-120257,22/09/2017,28/09/2017,Standard Class,PW-19240,Philadelphia,Pennsylvania,19140.0,East
CA-2015-164910,12/11/2015,17/11/2015,Second Class,DM-13345,Asheville,North Carolina,28806.0,South
CA-2017-149902,01/04/2017,06/04/2017,Standard Class,DW-13540,New York City,New York,10024.0,East
CA-2017-146010,20/05/2017,23/05/2017,First Class,EH-14125,Colorado Springs,Colorado,80906.0,West
US-2016-163685,01/06/2016,05/06/2016,Standard Class,KE-16420,San Antonio,Texas,78207.0,Central
CA-2015-135090,22/11/2015,26/11/2015,Standard Class,SP-20920,Los Angeles,California,90036.0,West
CA-2016-132374,22/02/2016,24/02/2016,Second Class,PS-19045,Sterling Heights,Michigan,48310.0,Central
CA-2017-167556,29/03/2017,02/04/2017,Standard Class,JM-15250,New York City,New York,10009.0,East
US-2017-116400,22/10/2017,24/10/2017,First Class,EB-13930,Richmond,Virginia,23223.0,South
CA-2018-101308,02/10/2018,07/10/2018,Standard Class,FG-14260,Seattle,Washington,98105.0,West
CA-2015-114517,23/12/2015,27/12/2015,Standard Class,TH-21235,New York City,New York,10024.0,East
CA-2018-119564,15/12/2018,20/12/2018,Standard Class,PL-18925,Seattle,Washington,98115.0,West
CA-2017-135265,07/07/2017,09/07/2017,Second Class,CC-12370,Los Angeles,California,90045.0,West
CA-2017-108735,17/04/2017,21/04/2017,Standard Class,JM-15535,Lakewood,California,90712.0,West
CA-2018-112333,08/04/2018,14/04/2018,Standard Class,KF-16285,Plainfield,New Jersey,7060.0,East
US-2017-159415,17/04/2017,22/04/2017,Standard Class,CS-12175,Columbia,Tennessee,38401.0,South
CA-2015-122588,25/11/2015,27/11/2015,Second Class,AR-10540,Woonsocket,Rhode Island,2895.0,East
CA-2015-137589,03/11/2015,08/11/2015,Standard Class,MS-17770,Lancaster,Pennsylvania,17602.0,East
CA-2016-161998,01/05/2016,05/05/2016,Standard Class,DB-13120,Tampa,Florida,33614.0,South
CA-2016-105627,08/03/2016,12/03/2016,Standard Class,DK-12895,Kenosha,Wisconsin,53142.0,Central
US-2016-149629,17/07/2016,20/07/2016,Second Class,MP-17965,Port Saint Lucie,Florida,34952.0,South
CA-2015-116834,11/10/2015,16/10/2015,Standard Class,Dp-13240,Seattle,Washington,98115.0,West
CA-2017-145730,03/03/2017,08/03/2017,Standard Class,CC-12220,San Antonio,Texas,78207.0,Central
US-2016-168732,10/12/2016,16/12/2016,Standard Class,KM-16660,Roswell,Georgia,30076.0,South
CA-2016-107468,18/12/2016,22/12/2016,Standard Class,MK-17905,Louisville,Colorado,80027.0,West
CA-2018-144463,01/01/2018,05/01/2018,Standard Class,SC-20725,Los Angeles,California,90036.0,West
CA-2018-100811,21/11/2018,24/11/2018,First Class,CC-12475,Philadelphia,Pennsylvania,19143.0,East
CA-2016-153612,22/12/2016,27/12/2016,Standard Class,BT-11305,Superior,Wisconsin,54880.0,Central
CA-2016-165624,23/08/2016,28/08/2016,Standard Class,FH-14350,Atlanta,Georgia,30318.0,South
CA-2015-154963,22/06/2015,27/06/2015,Standard Class,AA-10645,Chester,Pennsylvania,19013.0,East
CA-2018-130764,27/10/2018,28/10/2018,First Class,JO-15145,San Francisco,California,94110.0,West
CA-2018-139311,11/08/2018,13/08/2018,First Class,SF-20965,Bedford,Texas,76021.0,Central
CA-2018-124296,24/12/2018,28/12/2018,Standard Class,CS-12355,Lafayette,Louisiana,70506.0,South
CA-2017-169957,26/09/2017,30/09/2017,Standard Class,SN-20710,Covington,Washington,98042.0,West
US-2017-108777,12/12/2017,12/12/2017,Same Day,JM-15655,Lorain,Ohio,44052.0,East
CA-2016-148859,28/12/2016,01/01/2017,Standard Class,FH-14350,Chicago,Illinois,60623.0,Central
CA-2015-110786,29/12/2015,02/01/2016,Standard Class,AJ-10795,San Francisco,California,94110.0,West
CA-2016-137750,25/06/2016,30/06/2016,Standard Class,JF-15565,San Francisco,California,94110.0,West
CA-2016-136378,02/04/2016,07/04/2016,Standard Class,CS-11845,Houston,Texas,77070.0,Central
CA-2018-100356,21/10/2018,25/10/2018,Standard Class,SP-20920,Chicago,Illinois,60653.0,Central
US-2016-166520,16/07/2016,19/07/2016,First Class,KE-16420,New York City,New York,10035.0,East
CA-2018-136350,24/06/2018,26/06/2018,Second Class,GA-14515,New York City,New York,10011.0,East
CA-2015-122931,29/09/2015,03/10/2015,Standard Class,SM-20950,Philadelphia,Pennsylvania,19134.0,East
CA-2015-163034,24/11/2015,28/11/2015,Standard Class,DK-12985,Chicago,Illinois,60610.0,Central
CA-2016-124058,20/11/2016,24/11/2016,Standard Class,LC-16885,Oakland,California,94601.0,West
CA-2017-129196,01/11/2017,07/11/2017,Standard Class,XP-21865,Chicago,Illinois,60610.0,Central
US-2016-138716,17/09/2016,20/09/2016,First Class,CS-11845,Seattle,Washington,98105.0,West
US-2017-122182,10/03/2017,14/03/2017,Standard Class,BD-11770,Philadelphia,Pennsylvania,19143.0,East
US-2015-130358,23/06/2015,26/06/2015,First Class,DL-13330,Concord,North Carolina,28027.0,South
CA-2015-102673,01/11/2015,05/11/2015,Standard Class,KH-16630,Charlotte,North Carolina,28205.0,South
CA-2017-145303,28/08/2017,31/08/2017,First Class,TP-21415,Dallas,Texas,75081.0,Central
CA-2016-156104,06/12/2016,08/12/2016,Second Class,NP-18685,Indianapolis,Indiana,46203.0,Central
US-2016-164308,24/09/2016,27/09/2016,First Class,SC-20680,Broken Arrow,Oklahoma,74012.0,Central
CA-2018-108112,15/11/2018,20/11/2018,Standard Class,DK-12895,Miramar,Florida,33023.0,South
CA-2016-100685,19/12/2016,21/12/2016,Second Class,SM-20950,Omaha,Nebraska,68104.0,Central
CA-2016-165414,21/12/2016,24/12/2016,First Class,LS-17245,Jacksonville,North Carolina,28540.0,South
CA-2017-140417,25/09/2017,29/09/2017,Standard Class,KE-16420,Tigard,Oregon,97224.0,West
US-2018-151316,24/06/2018,30/06/2018,Standard Class,MC-17635,Decatur,Illinois,62521.0,Central
CA-2018-163692,07/09/2018,09/09/2018,First Class,Dp-13240,Phoenix,Arizona,85023.0,West
CA-2017-111913,04/08/2017,06/08/2017,Second Class,LC-16930,Sacramento,California,95823.0,West
US-2015-156559,19/08/2015,26/08/2015,Standard Class,LH-16900,Jonesboro,Arkansas,72401.0,South
CA-2017-161473,01/04/2017,05/04/2017,Standard Class,TB-21175,New York City,New York,10035.0,East
CA-2018-166576,16/05/2018,18/05/2018,First Class,JM-15865,Akron,Ohio,44312.0,East
CA-2016-102491,24/08/2016,28/08/2016,Standard Class,KW-16435,Florence,Kentucky,41042.0,South
CA-2015-116904,23/09/2015,28/09/2015,Standard Class,SC-20095,Minneapolis,Minnesota,55407.0,Central
US-2018-102288,19/06/2018,23/06/2018,Standard Class,ZC-21910,Houston,Texas,77095.0,Central
CA-2018-137456,21/12/2018,21/12/2018,Same Day,RB-19465,Fremont,Nebraska,68025.0,Central
US-2018-155999,07/08/2018,13/08/2018,Standard Class,JK-15370,San Diego,California,92105.0,West
US-2017-148334,22/08/2017,26/08/2017,Standard Class,DD-13570,Houston,Texas,77041.0,Central
CA-2016-105599,07/09/2016,07/09/2016,Same Day,MC-17275,New York City,New York,10011.0,East
CA-2016-153717,25/12/2016,01/01/2017,Standard Class,DL-13495,Detroit,Michigan,48227.0,Central
CA-2016-116687,02/05/2016,07/05/2016,Standard Class,NC-18625,Houston,Texas,77095.0,Central
CA-2017-163573,24/11/2017,27/11/2017,First Class,AC-10450,Seattle,Washington,98105.0,West
CA-2016-153416,24/11/2016,29/11/2016,Standard Class,TS-21340,Los Angeles,California,90036.0,West
CA-2018-117394,04/09/2018,10/09/2018,Standard Class,MM-17920,Philadelphia,Pennsylvania,19120.0,East
CA-2018-133823,11/05/2018,12/05/2018,Same Day,LP-17080,Seattle,Washington,98103.0,West
CA-2015-127523,11/05/2015,18/05/2015,Standard Class,BG-11695,Watertown,New York,13601.0,East
CA-2018-123239,27/07/2018,31/07/2018,Second Class,MG-18145,Jacksonville,Florida,32216.0,South
CA-2018-156769,06/05/2018,09/05/2018,First Class,GZ-14470,Arlington,Virginia,22204.0,South
CA-2015-127299,19/09/2015,24/09/2015,Standard Class,JL-15835,Charlotte,North Carolina,28205.0,South
CA-2016-121272,29/03/2016,04/04/2016,Standard Class,DO-13435,Seattle,Washington,98103.0,West
CA-2015-115336,18/11/2015,25/11/2015,Standard Class,AB-10600,Chicago,Illinois,60623.0,Central
CA-2016-111703,02/07/2016,09/07/2016,Standard Class,KB-16315,Hollywood,Florida,33021.0,South
CA-2015-128839,08/09/2015,13/09/2015,Standard Class,TT-21070,Chesapeake,Virginia,23320.0,South
CA-2018-105914,02/10/2018,08/10/2018,Standard Class,PV-18985,Los Angeles,California,90036.0,West
CA-2018-110926,19/11/2018,23/11/2018,Standard Class,DD-13570,Alexandria,Virginia,22304.0,South
CA-2017-117226,30/12/2017,01/01/2018,First Class,KD-16495,Deer Park,Texas,77536.0,Central
CA-2018-127313,01/12/2018,04/12/2018,First Class,RA-19285,Philadelphia,Pennsylvania,19120.0,East
CA-2017-136287,13/06/2017,17/06/2017,Standard Class,SS-20590,Wichita,Kansas,67212.0,Central
US-2015-107699,19/05/2015,23/05/2015,Standard Class,JH-15820,Midland,Michigan,48640.0,Central
CA-2018-112725,30/01/2018,06/02/2018,Standard Class,EH-14125,San Francisco,California,94110.0,West
CA-2016-136196,28/11/2016,04/12/2016,Standard Class,TP-21415,Freeport,New York,11520.0,East
CA-2018-106068,23/10/2018,28/10/2018,Standard Class,RB-19330,Austin,Texas,78745.0,Central
CA-2018-100160,07/09/2018,11/09/2018,Standard Class,CB-12025,Philadelphia,Pennsylvania,19134.0,East
CA-2017-139689,29/12/2017,03/01/2018,Standard Class,MP-17965,Bristol,Tennessee,37620.0,South
CA-2016-101091,05/12/2016,09/12/2016,Second Class,SW-20245,Philadelphia,Pennsylvania,19140.0,East
CA-2015-126907,01/11/2015,08/11/2015,Standard Class,SM-20950,Chicago,Illinois,60610.0,Central
US-2017-164588,16/04/2017,23/04/2017,Standard Class,AP-10915,Columbus,Georgia,31907.0,South
CA-2018-115546,14/05/2018,18/05/2018,Standard Class,AH-10465,New York City,New York,10035.0,East
CA-2016-163587,14/03/2016,18/03/2016,Standard Class,EP-13915,Dover,New Hampshire,3820.0,East
US-2018-106131,14/01/2018,16/01/2018,First Class,TP-21565,Aurora,Colorado,80013.0,West
CA-2016-160213,08/03/2016,13/03/2016,Standard Class,AR-10825,Long Beach,New York,11561.0,East
CA-2015-157924,11/10/2015,13/10/2015,First Class,HA-14920,Pasadena,California,91104.0,West
CA-2016-100216,13/04/2016,14/04/2016,First Class,HJ-14875,Mesa,Arizona,85204.0,West
CA-2018-100601,16/11/2018,20/11/2018,Standard Class,JK-15370,Fresno,California,93727.0,West
CA-2017-152163,01/07/2017,01/07/2017,Same Day,JF-15355,Columbia,South Carolina,29203.0,South
CA-2016-154340,29/11/2016,30/11/2016,First Class,EK-13795,Santa Ana,California,92704.0,West
CA-2015-128846,07/04/2015,12/04/2015,Standard Class,RS-19765,Columbia,South Carolina,29203.0,South
CA-2017-148593,16/06/2017,18/06/2017,Second Class,BD-11320,Los Angeles,California,90045.0,West
US-2018-119039,06/03/2018,10/03/2018,Standard Class,BF-11170,San Francisco,California,94109.0,West
CA-2018-128426,07/10/2018,11/10/2018,Standard Class,JK-15730,Houston,Texas,77036.0,Central
US-2018-136868,06/10/2018,12/10/2018,Standard Class,CR-12820,New York City,New York,10035.0,East
CA-2017-143749,05/12/2017,07/12/2017,First Class,AG-10300,Franklin,Massachusetts,2038.0,East
CA-2017-111493,21/10/2017,22/10/2017,First Class,CM-12160,Baltimore,Maryland,21215.0,East
CA-2018-112536,18/05/2018,23/05/2018,Standard Class,SG-20890,Mcallen,Texas,78501.0,Central
CA-2017-157714,26/09/2017,01/10/2017,Second Class,CS-12175,Iowa City,Iowa,52240.0,Central
CA-2018-166709,17/11/2018,22/11/2018,Standard Class,HL-15040,Newark,Delaware,19711.0,East
CA-2016-129392,08/07/2016,08/07/2016,Same Day,DM-13015,Houston,Texas,77070.0,Central
CA-2016-150875,16/11/2016,20/11/2016,Standard Class,HK-14890,Boise,Idaho,83704.0,West
CA-2016-154200,18/06/2016,22/06/2016,Standard Class,BG-11740,San Diego,California,92105.0,West
CA-2017-124233,08/04/2017,14/04/2017,Standard Class,CK-12595,Los Angeles,California,90032.0,West
US-2016-134271,18/04/2016,23/04/2016,Second Class,RF-19735,New York City,New York,10024.0,East
US-2017-161683,03/12/2017,08/12/2017,Standard Class,CJ-12010,Philadelphia,Pennsylvania,19134.0,East
CA-2016-143105,10/12/2016,10/12/2016,Same Day,MA-17560,New York City,New York,10024.0,East
CA-2015-145387,31/10/2015,02/11/2015,Second Class,AM-10705,Cranston,Rhode Island,2920.0,East
CA-2018-109715,09/12/2018,14/12/2018,Standard Class,AH-10585,Chicago,Illinois,60623.0,Central
CA-2015-166457,05/05/2015,09/05/2015,Second Class,PF-19120,Richmond,Kentucky,40475.0,South
CA-2017-164637,04/03/2017,08/03/2017,Standard Class,RD-19480,Mishawaka,Indiana,46544.0,Central
CA-2015-103590,30/11/2015,04/12/2015,Standard Class,JL-15505,Mount Vernon,New York,10550.0,East
CA-2016-111234,18/02/2016,22/02/2016,Standard Class,AB-10600,Los Angeles,California,90004.0,West
CA-2018-149881,01/04/2018,03/04/2018,First Class,NC-18535,San Francisco,California,94110.0,West
CA-2018-134565,11/06/2018,13/06/2018,Second Class,TB-21400,Seattle,Washington,98103.0,West
CA-2017-108644,30/09/2017,03/10/2017,First Class,SJ-20215,Quincy,Illinois,62301.0,Central
US-2015-102631,13/12/2015,17/12/2015,Standard Class,EB-13840,Chicago,Illinois,60623.0,Central
CA-2018-120327,11/11/2018,16/11/2018,Standard Class,WB-21850,Urbandale,Iowa,50322.0,Central
CA-2016-154970,05/01/2016,10/01/2016,Standard Class,SR-20740,Seattle,Washington,98103.0,West
CA-2017-113803,24/03/2017,26/03/2017,First Class,VG-21805,Richmond,Indiana,47374.0,Central
CA-2018-100223,05/07/2018,10/07/2018,Standard Class,LS-16945,Dallas,Texas,75220.0,Central
CA-2015-168823,21/09/2015,24/09/2015,First Class,MA-17560,Philadelphia,Pennsylvania,19143.0,East
CA-2017-162404,23/07/2017,27/07/2017,Standard Class,NF-18475,Rockford,Illinois,61107.0,Central
CA-2018-104024,29/08/2018,03/09/2018,Second Class,MD-17860,Philadelphia,Pennsylvania,19134.0,East
CA-2018-147144,26/03/2018,28/03/2018,First Class,MZ-17335,Seattle,Washington,98105.0,West
CA-2018-158673,29/12/2018,04/01/2019,Standard Class,KB-16600,Grand Rapids,Michigan,49505.0,Central
CA-2015-133704,20/09/2015,26/09/2015,Standard Class,MA-17995,Los Angeles,California,90004.0,West
CA-2017-159142,04/04/2017,05/04/2017,First Class,ME-17320,Springfield,Virginia,22153.0,South
CA-2015-138436,26/03/2015,30/03/2015,Standard Class,JD-15895,Los Angeles,California,90036.0,West
CA-2018-117702,28/11/2018,04/12/2018,Standard Class,LS-16975,Baltimore,Maryland,21215.0,East
CA-2017-157336,01/12/2017,05/12/2017,Second Class,SJ-20500,Fairfield,Connecticut,6824.0,East
CA-2015-168130,19/09/2015,19/09/2015,Same Day,BS-11365,New York City,New York,10011.0,East
CA-2016-155068,23/10/2016,23/10/2016,Same Day,RA-19285,Lakeland,Florida,33801.0,South
CA-2018-163160,13/10/2018,16/10/2018,First Class,TS-21610,Freeport,Illinois,61032.0,Central
CA-2016-101924,04/09/2016,09/09/2016,Standard Class,KB-16585,Medford,Oregon,97504.0,West
CA-2017-124793,14/03/2017,16/03/2017,First Class,MM-18280,Seattle,Washington,98103.0,West
CA-2018-118367,28/10/2018,02/11/2018,Second Class,LO-17170,New York City,New York,10035.0,East
CA-2018-164819,15/10/2018,19/10/2018,Second Class,RS-19420,Fairfield,Connecticut,6824.0,East
CA-2018-158344,07/08/2018,11/08/2018,Standard Class,CC-12475,Moorhead,Minnesota,56560.0,Central
CA-2018-123351,21/09/2018,25/09/2018,Standard Class,KT-16480,Columbus,Georgia,31907.0,South
CA-2018-110429,03/11/2018,08/11/2018,Standard Class,DM-13015,Philadelphia,Pennsylvania,19143.0,East
US-2017-131611,05/11/2017,09/11/2017,Standard Class,EP-13915,Houston,Texas,77036.0,Central
US-2018-124821,25/06/2018,29/06/2018,Second Class,AM-10705,Seattle,Washington,98115.0,West
CA-2016-166975,26/11/2016,30/11/2016,Standard Class,SH-20635,Jackson,Tennessee,38301.0,South
CA-2017-123806,24/11/2017,27/11/2017,Second Class,LA-16780,Baltimore,Maryland,21215.0,East
US-2018-158505,21/07/2018,21/07/2018,Same Day,SF-20200,Murray,Utah,84107.0,West
CA-2016-142692,23/10/2016,28/10/2016,Standard Class,AG-10495,Seattle,Washington,98105.0,West
CA-2016-123456,09/07/2016,13/07/2016,Standard Class,KN-16450,Dallas,Texas,75220.0,Central
CA-2018-151358,18/08/2018,22/08/2018,Standard Class,NF-18595,Seattle,Washington,98105.0,West
US-2017-107440,16/04/2017,20/04/2017,Standard Class,BS-11365,Lakewood,New Jersey,8701.0,East
CA-2015-166989,14/11/2015,18/11/2015,Standard Class,RM-19675,New York City,New York,10011.0,East
CA-2015-103100,20/12/2015,23/12/2015,First Class,AB-10105,Indianapolis,Indiana,46203.0,Central
CA-2016-105690,21/11/2016,26/11/2016,Second Class,CA-11965,Port Arthur,Texas,77642.0,Central
CA-2018-127516,28/12/2018,03/01/2019,Standard Class,EH-14005,Nashville,Tennessee,37211.0,South
US-2016-117184,17/05/2016,21/05/2016,Standard Class,ON-18715,Houston,Texas,77095.0,Central
CA-2018-102407,09/12/2018,13/12/2018,Second Class,AT-10435,Los Angeles,California,90004.0,West
CA-2018-130967,10/03/2018,16/03/2018,Standard Class,EB-13870,Philadelphia,Pennsylvania,19140.0,East
CA-2018-101581,22/10/2018,27/10/2018,Standard Class,DW-13195,Redmond,Oregon,97756.0,West
CA-2018-169124,03/07/2018,10/07/2018,Standard Class,MB-17305,Citrus Heights,California,95610.0,West
CA-2018-117261,04/09/2018,10/09/2018,Standard Class,TH-21235,Los Angeles,California,90032.0,West
CA-2018-129021,23/08/2018,26/08/2018,Second Class,PO-18850,Tallahassee,Florida,32303.0,South
CA-2015-123253,22/08/2015,25/08/2015,Second Class,DE-13255,Lakewood,Ohio,44107.0,East
CA-2017-121601,04/10/2017,04/10/2017,Same Day,MO-17500,The Colony,Texas,75056.0,Central
CA-2015-162278,26/10/2015,30/10/2015,Second Class,AH-10585,Seattle,Washington,98105.0,West
CA-2017-161095,28/06/2017,28/06/2017,Same Day,CS-12250,Los Angeles,California,90032.0,West
CA-2015-125829,04/11/2015,11/11/2015,Standard Class,WB-21850,Los Angeles,California,90045.0,West
CA-2015-123127,08/09/2015,12/09/2015,Standard Class,SP-20620,Long Beach,New York,11561.0,East
CA-2016-115945,25/06/2016,01/07/2016,Standard Class,AB-10165,Los Angeles,California,90045.0,West
CA-2016-136735,26/07/2016,02/08/2016,Standard Class,HA-14920,San Francisco,California,94110.0,West
US-2018-136189,07/12/2018,11/12/2018,Standard Class,DC-13285,Richmond,Virginia,23223.0,South
CA-2015-152345,29/12/2015,03/01/2016,Second Class,ST-20530,Albuquerque,New Mexico,87105.0,West
US-2016-147662,14/02/2016,19/02/2016,Standard Class,KB-16315,Akron,Ohio,44312.0,East
CA-2017-153346,25/01/2017,27/01/2017,First Class,TB-21355,Plainfield,New Jersey,7060.0,East
CA-2018-118360,01/04/2018,07/04/2018,Standard Class,JC-15775,New York City,New York,10011.0,East
CA-2018-149853,03/10/2018,09/10/2018,Standard Class,PO-18850,Hialeah,Florida,33012.0,South
CA-2018-107909,01/09/2018,06/09/2018,Standard Class,SS-20875,Redmond,Washington,98052.0,West
CA-2016-112375,21/12/2016,27/12/2016,Standard Class,RD-19720,Daytona Beach,Florida,32114.0,South
CA-2016-154795,20/12/2016,24/12/2016,Standard Class,GZ-14470,Bullhead City,Arizona,86442.0,West
CA-2016-125234,27/11/2016,01/12/2016,Standard Class,SN-20710,Los Angeles,California,90049.0,West
CA-2018-133501,27/08/2018,01/09/2018,Standard Class,DK-12895,Franklin,Tennessee,37064.0,South
US-2015-129609,22/03/2015,22/03/2015,Same Day,VM-21835,Portage,Indiana,46368.0,Central
CA-2018-130309,17/12/2018,21/12/2018,Standard Class,GB-14575,Arlington,Virginia,22204.0,South
CA-2018-105410,19/03/2018,22/03/2018,First Class,ND-18370,San Francisco,California,94110.0,West
CA-2017-120355,18/09/2017,25/09/2017,Standard Class,MM-17260,New Rochelle,New York,10801.0,East
CA-2018-169894,24/11/2018,29/11/2018,Second Class,MV-17485,Mesa,Arizona,85204.0,West
US-2018-100482,11/04/2018,15/04/2018,Standard Class,JL-15130,Lancaster,Ohio,43130.0,East
CA-2018-107748,10/12/2018,12/12/2018,Second Class,AG-10330,Stockton,California,95207.0,West
CA-2018-153654,24/11/2018,26/11/2018,Second Class,MD-17860,Asheville,North Carolina,28806.0,South
CA-2016-155600,04/12/2016,07/12/2016,Second Class,RO-19780,Clarksville,Tennessee,37042.0,South
CA-2018-162565,11/12/2018,11/12/2018,Same Day,RR-19315,Aurora,Illinois,60505.0,Central
CA-2017-127642,21/05/2017,23/05/2017,First Class,CP-12340,Warwick,Rhode Island,2886.0,East
US-2018-163195,17/02/2018,21/02/2018,Second Class,LL-16840,Lafayette,Louisiana,70506.0,South
CA-2018-111332,20/05/2018,22/05/2018,Second Class,NC-18340,Fargo,North Dakota,58103.0,Central
CA-2018-117044,11/09/2018,13/09/2018,Second Class,HA-14920,Chicago,Illinois,60623.0,Central
US-2017-165078,05/11/2017,10/11/2017,Standard Class,MA-17995,Lawrence,Indiana,46226.0,Central
US-2018-169320,23/07/2018,25/07/2018,Second Class,LH-16900,Elkhart,Indiana,46514.0,Central
CA-2017-158575,18/11/2017,24/11/2017,Standard Class,SB-20290,Kent,Ohio,44240.0,East
CA-2015-166954,25/04/2015,30/04/2015,Standard Class,BT-11305,San Gabriel,California,91776.0,West
CA-2016-140830,30/11/2016,02/12/2016,Second Class,PS-18970,Henderson,Kentucky,42420.0,South
CA-2016-152891,25/10/2016,30/10/2016,Standard Class,TB-21625,San Francisco,California,94110.0,West
US-2016-122784,20/07/2016,27/07/2016,Standard Class,RA-19915,Highland Park,Illinois,60035.0,Central
CA-2017-156811,27/10/2017,02/11/2017,Standard Class,BP-11095,San Francisco,California,94122.0,West
CA-2018-111556,20/11/2018,22/11/2018,First Class,CD-11920,New York City,New York,10035.0,East
CA-2017-108868,08/09/2017,12/09/2017,Standard Class,KB-16585,Dallas,Texas,75081.0,Central
CA-2015-142965,20/07/2015,20/07/2015,Same Day,SW-20245,Springfield,Ohio,45503.0,East
CA-2017-148740,15/11/2017,19/11/2017,Standard Class,AH-10690,San Diego,California,92024.0,West
US-2015-138758,07/07/2015,11/07/2015,Standard Class,JL-15835,Philadelphia,Pennsylvania,19120.0,East
CA-2017-131737,17/03/2017,17/03/2017,Same Day,GZ-14470,Columbia,Maryland,21044.0,East
CA-2017-114538,26/12/2017,27/12/2017,First Class,RC-19825,Colorado Springs,Colorado,80906.0,West
CA-2015-127936,02/09/2015,04/09/2015,First Class,CL-12565,New York City,New York,10009.0,East
CA-2016-164336,05/07/2016,10/07/2016,Standard Class,MW-18220,Philadelphia,Pennsylvania,19140.0,East
CA-2017-100041,20/11/2017,25/11/2017,Standard Class,BF-10975,Columbus,Indiana,47201.0,Central
US-2015-154879,06/05/2015,11/05/2015,Standard Class,SN-20710,Los Angeles,California,90004.0,West
CA-2015-130624,21/06/2015,24/06/2015,First Class,TB-21280,New York City,New York,10024.0,East
CA-2018-132339,19/08/2018,23/08/2018,Standard Class,JB-15400,Lawrence,Massachusetts,1841.0,East
CA-2015-153983,29/11/2015,06/12/2015,Standard Class,AH-10210,San Francisco,California,94122.0,West
CA-2018-112900,09/04/2018,12/04/2018,Second Class,KL-16645,Detroit,Michigan,48205.0,Central
CA-2015-160157,20/12/2015,27/12/2015,Standard Class,MH-17455,Hamilton,Ohio,45011.0,East
CA-2015-139633,17/12/2015,24/12/2015,Standard Class,EC-14050,Columbus,Ohio,43229.0,East
CA-2016-163090,17/11/2016,21/11/2016,Second Class,GH-14665,Chicago,Illinois,60610.0,Central
CA-2015-117016,04/03/2015,09/03/2015,Standard Class,SC-20095,Margate,Florida,33063.0,South
CA-2018-159464,18/05/2018,19/05/2018,First Class,TB-21355,Sandy Springs,Georgia,30328.0,South
US-2018-103226,22/09/2018,28/09/2018,Standard Class,DW-13195,Albuquerque,New Mexico,87105.0,West
CA-2018-119452,21/03/2018,27/03/2018,Standard Class,CL-12565,Tulsa,Oklahoma,74133.0,Central
CA-2018-147725,14/09/2018,14/09/2018,Same Day,LT-17110,Orange,New Jersey,7050.0,East
CA-2017-168893,03/11/2017,08/11/2017,Second Class,AP-10915,Henderson,Kentucky,42420.0,South
CA-2017-163398,03/05/2017,08/05/2017,Standard Class,CB-12415,Chicago,Illinois,60653.0,Central
CA-2017-162726,27/12/2017,02/01/2018,Standard Class,MT-17815,Port Arthur,Texas,77642.0,Central
US-2017-111290,22/07/2017,26/07/2017,Standard Class,DK-13375,Westland,Michigan,48185.0,Central
US-2015-147704,16/11/2015,21/11/2015,Standard Class,SR-20740,Bloomington,Indiana,47401.0,Central
CA-2016-121965,19/06/2016,23/06/2016,Standard Class,LH-17155,Los Angeles,California,90032.0,West
CA-2017-147137,04/07/2017,06/07/2017,First Class,AA-10645,San Francisco,California,94109.0,West
US-2016-146745,03/09/2016,08/09/2016,Standard Class,AS-10630,San Francisco,California,94110.0,West
CA-2018-115175,07/08/2018,12/08/2018,Standard Class,MC-17575,San Jose,California,95123.0,West
CA-2018-105851,13/03/2018,20/03/2018,Standard Class,SE-20110,Denver,Colorado,80219.0,West
US-2018-125717,28/09/2018,01/10/2018,First Class,DS-13030,Aurora,Colorado,80013.0,West
CA-2016-163895,07/08/2016,11/08/2016,Standard Class,NS-18640,Boise,Idaho,83704.0,West
CA-2018-168641,24/11/2018,01/12/2018,Standard Class,KA-16525,New York City,New York,10035.0,East
CA-2018-156895,08/05/2018,12/05/2018,Standard Class,DJ-13510,Philadelphia,Pennsylvania,19140.0,East
CA-2018-121300,29/09/2018,29/09/2018,Same Day,MG-17680,Mentor,Ohio,44060.0,East
CA-2018-130211,22/10/2018,22/10/2018,Same Day,BD-11620,Lawton,Oklahoma,73505.0,Central
CA-2015-147235,24/03/2015,28/03/2015,Standard Class,CD-11920,New York City,New York,10024.0,East
CA-2017-109365,03/11/2017,08/11/2017,Standard Class,XP-21865,Los Angeles,California,90049.0,West
CA-2016-162621,05/09/2016,11/09/2016,Standard Class,CA-12055,Houston,Texas,77036.0,Central
CA-2018-105921,14/08/2018,21/08/2018,Standard Class,JM-15250,Los Angeles,California,90032.0,West
CA-2015-150798,01/12/2015,03/12/2015,Second Class,JK-15730,Columbus,Ohio,43229.0,East
CA-2018-112753,18/06/2018,23/06/2018,Standard Class,CC-12670,Los Angeles,California,90032.0,West
CA-2018-155075,02/12/2018,09/12/2018,Standard Class,GW-14605,Philadelphia,Pennsylvania,19140.0,East
CA-2015-103401,21/11/2015,26/11/2015,Standard Class,GR-14560,San Francisco,California,94110.0,West
CA-2017-124814,10/04/2017,16/04/2017,Standard Class,FM-14215,Bakersfield,California,93309.0,West
CA-2015-116757,30/06/2015,04/07/2015,Standard Class,MS-17980,Houston,Texas,77095.0,Central
US-2015-138247,24/12/2015,29/12/2015,Standard Class,BF-11170,Los Angeles,California,90045.0,West
CA-2018-167003,23/05/2018,29/05/2018,Standard Class,VS-21820,Los Angeles,California,90036.0,West
CA-2017-119935,10/11/2017,14/11/2017,Standard Class,KM-16225,Springfield,Missouri,65807.0,Central
CA-2017-118969,02/10/2017,03/10/2017,First Class,LP-17095,Phoenix,Arizona,85023.0,West
CA-2017-145240,06/09/2017,08/09/2017,First Class,BG-11740,Houston,Texas,77070.0,Central
CA-2017-120873,27/10/2017,01/11/2017,Second Class,BW-11200,Hampton,Virginia,23666.0,South
US-2018-111920,22/10/2018,26/10/2018,Standard Class,PS-18970,Tulsa,Oklahoma,74133.0,Central
US-2017-128678,15/09/2017,20/09/2017,Standard Class,RB-19570,Seattle,Washington,98105.0,West
CA-2017-101385,25/09/2017,01/10/2017,Standard Class,JW-16075,San Francisco,California,94109.0,West
CA-2018-107167,10/06/2018,14/06/2018,Standard Class,ND-18460,Jacksonville,Florida,32216.0,South
CA-2015-109491,20/02/2015,26/02/2015,Standard Class,LC-16930,Richmond,Indiana,47374.0,Central
CA-2018-105445,20/02/2018,25/02/2018,Second Class,BP-11095,Louisville,Colorado,80027.0,West
CA-2015-107454,02/11/2015,06/11/2015,Standard Class,RD-19720,New York City,New York,10024.0,East
US-2018-105046,17/07/2018,23/07/2018,Standard Class,BE-11335,Rome,New York,13440.0,East
CA-2018-152856,08/09/2018,10/09/2018,Second Class,RS-19765,Marion,Ohio,43302.0,East
CA-2017-134691,14/11/2017,18/11/2017,Standard Class,KC-16540,Houston,Texas,77041.0,Central
CA-2017-118759,14/11/2017,17/11/2017,First Class,MB-17305,New York City,New York,10009.0,East
CA-2015-140403,10/10/2015,10/10/2015,Same Day,TN-21040,Manteca,California,95336.0,West
CA-2016-163104,19/03/2016,26/03/2016,Standard Class,MC-18130,Los Angeles,California,90004.0,West
CA-2018-138464,08/07/2018,12/07/2018,Standard Class,VF-21715,Seattle,Washington,98115.0,West
CA-2016-104129,27/02/2016,02/03/2016,Standard Class,ES-14080,Providence,Rhode Island,2908.0,East
US-2018-132206,16/06/2018,21/06/2018,Standard Class,MK-17905,Chicago,Illinois,60653.0,Central
CA-2018-113474,30/03/2018,31/03/2018,First Class,TM-21490,Oklahoma City,Oklahoma,73120.0,Central
CA-2016-126557,12/07/2016,17/07/2016,Second Class,RL-19615,Chicago,Illinois,60610.0,Central
US-2018-107636,30/04/2018,02/05/2018,First Class,NM-18520,Manchester,Connecticut,6040.0,East
US-2015-165862,13/07/2015,17/07/2015,Standard Class,GK-14620,Los Angeles,California,90049.0,West
US-2015-106334,27/12/2015,02/01/2016,Standard Class,JF-15490,San Francisco,California,94122.0,West
CA-2017-101448,27/02/2017,01/03/2017,Second Class,EB-13930,La Crosse,Wisconsin,54601.0,Central
CA-2016-130218,23/03/2016,26/03/2016,First Class,SG-20470,Florence,South Carolina,29501.0,South
US-2018-117331,21/10/2018,28/10/2018,Standard Class,ND-18370,Glendale,Arizona,85301.0,West
CA-2015-127383,31/12/2015,05/01/2016,Standard Class,CM-11815,El Paso,Texas,79907.0,Central
CA-2015-110219,05/05/2015,08/05/2015,First Class,EB-13870,San Antonio,Texas,78207.0,Central
CA-2016-118871,04/12/2016,09/12/2016,Second Class,HM-14860,Los Angeles,California,90049.0,West
CA-2018-129490,26/09/2018,30/09/2018,Standard Class,SJ-20125,Miramar,Florida,33023.0,South
CA-2015-101175,09/12/2015,14/12/2015,Standard Class,DM-12955,Mesa,Arizona,85204.0,West
US-2018-149510,03/12/2018,10/12/2018,Standard Class,MC-17575,Fayetteville,North Carolina,28314.0,South
CA-2016-111990,08/11/2016,13/11/2016,Standard Class,DB-13660,Houston,Texas,77095.0,Central
CA-2015-169460,19/04/2015,21/04/2015,Second Class,NF-18595,San Jose,California,95123.0,West
US-2016-152128,25/05/2016,27/05/2016,Second Class,NM-18445,Wichita,Kansas,67212.0,Central
CA-2018-126662,17/07/2018,21/07/2018,Standard Class,AB-10255,Los Angeles,California,90036.0,West
CA-2017-139395,12/12/2017,18/12/2017,Standard Class,MG-17650,Jackson,Michigan,49201.0,Central
US-2015-121734,11/04/2015,16/04/2015,Standard Class,SE-20110,Lewiston,Idaho,83501.0,West
CA-2016-110947,09/06/2016,15/06/2016,Standard Class,AG-10765,Hampton,Virginia,23666.0,South
US-2015-150126,27/07/2015,02/08/2015,Standard Class,AS-10045,New York City,New York,10035.0,East
CA-2016-164427,31/07/2016,06/08/2016,Standard Class,AR-10405,Hattiesburg,Mississippi,39401.0,South
CA-2017-120250,19/09/2017,22/09/2017,First Class,AP-10720,Philadelphia,Pennsylvania,19140.0,East
CA-2017-121993,10/06/2017,12/06/2017,First Class,JB-16000,Philadelphia,Pennsylvania,19140.0,East
US-2017-100405,26/08/2017,28/08/2017,Second Class,TS-21430,Los Angeles,California,90045.0,West
US-2018-163790,02/11/2018,04/11/2018,Second Class,NL-18310,Danville,California,94526.0,West
CA-2017-129868,26/12/2017,31/12/2017,Standard Class,MC-18130,Los Angeles,California,90004.0,West
CA-2017-140564,05/12/2017,10/12/2017,Second Class,TC-21475,Washington,District of Columbia,20016.0,East
US-2018-169502,28/08/2018,01/09/2018,Standard Class,MG-17650,Milwaukee,Wisconsin,53209.0,Central
CA-2016-146948,16/07/2016,20/07/2016,Standard Class,MG-17890,Baltimore,Maryland,21215.0,East
US-2016-113327,26/05/2016,29/05/2016,Second Class,BF-11170,Jacksonville,North Carolina,28540.0,South
CA-2016-135020,28/05/2016,02/06/2016,Standard Class,MS-17770,Rochester,New York,14609.0,East
US-2018-141852,09/11/2018,14/11/2018,Standard Class,JE-15745,Oceanside,California,92054.0,West
CA-2017-109407,24/01/2017,26/01/2017,Second Class,HG-14965,Gulfport,Mississippi,39503.0,South
US-2017-165953,31/12/2017,06/01/2018,Standard Class,EP-13915,Jacksonville,Florida,32216.0,South
CA-2017-144540,05/09/2017,10/09/2017,Standard Class,GH-14410,Houston,Texas,77070.0,Central
CA-2016-159863,04/09/2016,07/09/2016,Second Class,DS-13180,Houston,Texas,77095.0,Central
CA-2016-117800,21/09/2016,26/09/2016,Standard Class,TH-21550,Everett,Massachusetts,2149.0,East
CA-2018-145219,24/12/2018,25/12/2018,First Class,RM-19675,Los Angeles,California,90049.0,West
CA-2016-161214,05/10/2016,08/10/2016,Second Class,SF-20965,Wilmington,Delaware,19805.0,East
CA-2018-147228,09/09/2018,14/09/2018,Standard Class,SO-20335,Columbia,Tennessee,38401.0,South
CA-2017-101336,13/11/2017,18/11/2017,Standard Class,CK-12760,New York City,New York,10011.0,East
US-2016-126235,15/10/2016,15/10/2016,Same Day,GA-14725,Mount Pleasant,Michigan,48858.0,Central
CA-2018-168396,03/08/2018,08/08/2018,Second Class,BD-11725,San Francisco,California,94122.0,West
CA-2016-130456,21/08/2016,26/08/2016,Standard Class,DS-13180,San Francisco,California,94122.0,West
CA-2018-116288,12/03/2018,17/03/2018,Standard Class,BS-11380,San Francisco,California,94122.0,West
CA-2018-168228,27/04/2018,29/04/2018,First Class,AP-10915,Los Angeles,California,90045.0,West
CA-2017-102162,11/09/2017,16/09/2017,Standard Class,JF-15565,Newport News,Virginia,23602.0,South
CA-2018-130141,22/10/2018,24/10/2018,Second Class,HA-14905,Fort Collins,Colorado,80525.0,West
CA-2016-147501,02/08/2016,06/08/2016,Standard Class,Co-12640,Seattle,Washington,98105.0,West
CA-2017-143910,12/08/2017,16/08/2017,Standard Class,BC-11125,New York City,New York,10011.0,East
CA-2015-146885,30/05/2015,05/06/2015,Standard Class,EB-13840,Richmond,Virginia,23223.0,South
CA-2017-139556,26/04/2017,01/05/2017,Standard Class,DB-13360,New York City,New York,10009.0,East
CA-2018-129357,14/05/2018,19/05/2018,Standard Class,KB-16585,Seattle,Washington,98103.0,West
CA-2018-150987,08/04/2018,12/04/2018,Standard Class,AH-10120,San Francisco,California,94110.0,West
CA-2018-132647,17/02/2018,23/02/2018,Standard Class,GH-14410,Perth Amboy,New Jersey,8861.0,East
CA-2018-159107,24/06/2018,26/06/2018,Second Class,KT-16480,San Francisco,California,94110.0,West
CA-2015-160738,05/05/2015,10/05/2015,Standard Class,KH-16330,Freeport,Illinois,61032.0,Central
CA-2016-112130,03/05/2016,07/05/2016,Standard Class,SV-20785,Philadelphia,Pennsylvania,19140.0,East
CA-2017-111409,18/09/2017,22/09/2017,Standard Class,PO-18850,Jacksonville,Florida,32216.0,South
CA-2017-116232,22/09/2017,26/09/2017,Standard Class,AC-10450,Pembroke Pines,Florida,33024.0,South
CA-2017-116547,10/01/2017,17/01/2017,Standard Class,KB-16585,Seattle,Washington,98115.0,West
US-2018-133200,06/05/2018,11/05/2018,Standard Class,DB-13555,Fort Worth,Texas,76106.0,Central
CA-2017-133550,31/07/2017,06/08/2017,Standard Class,KL-16645,Detroit,Michigan,48205.0,Central
CA-2018-139416,27/03/2018,29/03/2018,Second Class,AG-10270,Philadelphia,Pennsylvania,19120.0,East
CA-2015-114510,14/03/2015,19/03/2015,Standard Class,JF-15295,Logan,Utah,84321.0,West
CA-2017-169215,14/07/2017,18/07/2017,Second Class,RE-19450,Auburn,New York,13021.0,East
CA-2017-127698,01/12/2017,01/12/2017,Same Day,MV-18190,Raleigh,North Carolina,27604.0,South
CA-2017-159912,29/08/2017,03/09/2017,Standard Class,GB-14530,Philadelphia,Pennsylvania,19120.0,East
CA-2017-101987,24/06/2017,30/06/2017,Standard Class,HL-15040,Richmond,Indiana,47374.0,Central
US-2018-154851,30/03/2018,03/04/2018,Standard Class,BP-11155,Lancaster,Pennsylvania,17602.0,East
CA-2015-138681,20/12/2015,22/12/2015,First Class,CT-11995,Tucson,Arizona,85705.0,West
US-2016-138121,17/12/2016,17/12/2016,Same Day,JL-15835,Detroit,Michigan,48205.0,Central
CA-2018-140298,11/05/2018,17/05/2018,Standard Class,JK-16120,Austin,Texas,78745.0,Central
CA-2017-166240,24/06/2017,28/06/2017,Standard Class,DH-13075,Houston,Texas,77095.0,Central
CA-2017-158435,17/05/2017,18/05/2017,First Class,AG-10900,Waterbury,Connecticut,6708.0,East
CA-2018-138149,29/06/2018,30/06/2018,First Class,WB-21850,Los Angeles,California,90049.0,West
CA-2015-112403,31/03/2015,31/03/2015,Same Day,JO-15280,Philadelphia,Pennsylvania,19120.0,East
CA-2015-108273,16/12/2015,21/12/2015,Standard Class,EJ-13720,Huntsville,Texas,77340.0,Central
CA-2018-121643,18/05/2018,20/05/2018,First Class,AB-10105,Portland,Oregon,97206.0,West
US-2016-122910,12/05/2016,16/05/2016,Standard Class,LT-16765,Louisville,Colorado,80027.0,West
CA-2018-143126,03/12/2018,07/12/2018,Second Class,CM-12655,Seattle,Washington,98115.0,West
CA-2016-129042,12/12/2016,17/12/2016,Standard Class,EM-13960,Baltimore,Maryland,21215.0,East
CA-2016-109736,10/10/2016,11/10/2016,First Class,DJ-13420,San Francisco,California,94109.0,West
CA-2016-142601,18/04/2016,20/04/2016,Second Class,DE-13255,Los Angeles,California,90004.0,West
CA-2015-106229,07/06/2015,11/06/2015,Second Class,NR-18550,Aurora,Illinois,60505.0,Central
US-2018-135230,01/09/2018,07/09/2018,Standard Class,CK-12325,Seattle,Washington,98103.0,West
CA-2017-159653,22/05/2017,22/05/2017,Same Day,JF-15490,Athens,Georgia,30605.0,South
CA-2017-131968,11/11/2017,15/11/2017,Standard Class,LB-16795,Apopka,Florida,32712.0,South
CA-2015-119151,25/11/2015,29/11/2015,Second Class,MP-18175,New York City,New York,10009.0,East
CA-2015-123323,07/11/2015,12/11/2015,Standard Class,LH-16900,San Francisco,California,94110.0,West
CA-2017-124681,18/07/2017,23/07/2017,Second Class,SV-20935,Dallas,Texas,75217.0,Central
US-2016-103996,29/03/2016,31/03/2016,Second Class,RB-19435,San Diego,California,92105.0,West
CA-2017-120530,07/04/2017,12/04/2017,Standard Class,Dl-13600,New York City,New York,10035.0,East
CA-2016-155054,13/06/2016,19/06/2016,Standard Class,PS-19045,Lewiston,Maine,4240.0,East
CA-2016-105725,18/02/2016,24/02/2016,Standard Class,GT-14755,Long Beach,California,90805.0,West
CA-2018-164364,12/11/2018,16/11/2018,Standard Class,CS-12355,Seattle,Washington,98115.0,West
CA-2018-168123,05/03/2018,05/03/2018,Same Day,JD-16060,Rochester,Minnesota,55901.0,Central
CA-2017-120005,03/03/2017,03/03/2017,Same Day,TS-21160,San Francisco,California,94110.0,West
CA-2017-123526,24/12/2017,25/12/2017,First Class,BV-11245,Seattle,Washington,98103.0,West
CA-2017-127649,07/10/2017,09/10/2017,First Class,DL-13495,Spokane,Washington,99207.0,West
CA-2017-159989,09/12/2017,13/12/2017,Standard Class,EB-13870,Franklin,Tennessee,37064.0,South
CA-2018-103499,20/11/2018,24/11/2018,Standard Class,ES-14020,Jackson,Tennessee,38301.0,South
US-2016-167220,12/12/2016,16/12/2016,Standard Class,JB-15925,Austin,Texas,78745.0,Central
CA-2018-126354,03/02/2018,08/02/2018,Standard Class,SC-20380,Pembroke Pines,Florida,33024.0,South
CA-2018-169817,21/09/2018,25/09/2018,Standard Class,EB-13870,Philadelphia,Pennsylvania,19143.0,East
US-2018-144582,30/04/2018,05/05/2018,Standard Class,TC-21475,Danville,Illinois,61832.0,Central
CA-2015-121573,03/11/2015,07/11/2015,Standard Class,SG-20605,New York City,New York,10009.0,East
CA-2017-117660,30/12/2017,04/01/2018,Standard Class,BM-11785,Columbus,Ohio,43229.0,East
CA-2015-112851,17/09/2015,21/09/2015,Standard Class,NR-18550,Chula Vista,California,91911.0,West
CA-2018-123701,24/11/2018,27/11/2018,First Class,PG-18820,San Francisco,California,94110.0,West
CA-2016-118227,24/04/2016,28/04/2016,Standard Class,DB-13270,New York City,New York,10009.0,East
CA-2016-123155,09/03/2016,12/03/2016,First Class,NS-18640,San Antonio,Texas,78207.0,Central
CA-2018-158883,02/06/2018,03/06/2018,Same Day,CS-11860,Jacksonville,North Carolina,28540.0,South
US-2017-114888,19/09/2017,24/09/2017,Second Class,CC-12430,San Francisco,California,94109.0,West
US-2015-167262,31/10/2015,03/11/2015,Second Class,AC-10450,Avondale,Arizona,85323.0,West
CA-2018-119746,23/11/2018,27/11/2018,Standard Class,CM-12385,Chicago,Illinois,60610.0,Central
CA-2018-108091,16/11/2018,21/11/2018,Standard Class,EK-13795,Escondido,California,92025.0,West
CA-2017-101630,19/02/2017,23/02/2017,Second Class,CK-12760,Long Beach,New York,11561.0,East
CA-2018-132346,07/11/2018,11/11/2018,Standard Class,PK-19075,Newark,Delaware,19711.0,East
CA-2015-150301,08/07/2015,10/07/2015,First Class,MH-18025,Buffalo,New York,14215.0,East
CA-2015-159310,07/11/2015,12/11/2015,Standard Class,SC-20725,Houston,Texas,77070.0,Central
US-2018-147984,28/01/2018,01/02/2018,Standard Class,GB-14575,Wichita,Kansas,67212.0,Central
CA-2016-104346,11/12/2016,16/12/2016,Standard Class,IM-15070,Colorado Springs,Colorado,80906.0,West
US-2016-141684,29/06/2016,04/07/2016,Standard Class,MM-18055,New York City,New York,10011.0,East
CA-2016-144722,16/03/2016,23/03/2016,Standard Class,MF-18250,Los Angeles,California,90036.0,West
CA-2016-120516,13/08/2016,17/08/2016,Standard Class,CK-12595,Marietta,Georgia,30062.0,South
US-2017-148901,14/05/2017,19/05/2017,Standard Class,MK-17905,Jacksonville,Florida,32216.0,South
CA-2018-136364,13/07/2018,17/07/2018,Second Class,MH-17455,Philadelphia,Pennsylvania,19140.0,East
CA-2016-137708,22/11/2016,25/11/2016,Second Class,NG-18430,Los Angeles,California,90008.0,West
CA-2015-149055,23/11/2015,28/11/2015,Standard Class,PB-19210,Philadelphia,Pennsylvania,19134.0,East
CA-2016-151589,27/12/2016,30/12/2016,First Class,RE-19450,Eau Claire,Wisconsin,54703.0,Central
CA-2017-121370,14/11/2017,19/11/2017,Second Class,EB-14110,Philadelphia,Pennsylvania,19134.0,East
CA-2017-111696,08/05/2017,10/05/2017,First Class,TB-21625,Los Angeles,California,90004.0,West
CA-2015-139598,26/12/2015,31/12/2015,Standard Class,MG-17695,Philadelphia,Pennsylvania,19134.0,East
CA-2018-117436,08/06/2018,14/06/2018,Standard Class,LW-17125,Norwich,Connecticut,6360.0,East
CA-2016-140025,07/04/2016,11/04/2016,Standard Class,PF-19120,San Antonio,Texas,78207.0,Central
CA-2017-134222,10/07/2017,11/07/2017,Same Day,NZ-18565,Yuma,Arizona,85364.0,West
CA-2017-140018,21/11/2017,26/11/2017,Standard Class,CK-12205,Columbus,Ohio,43229.0,East
US-2018-136707,12/11/2018,15/11/2018,First Class,JE-15610,Los Angeles,California,90036.0,West
CA-2015-152562,01/11/2015,08/11/2015,Standard Class,JO-15145,Richmond,Kentucky,40475.0,South
CA-2017-152408,15/05/2017,21/05/2017,Standard Class,TT-21220,New York City,New York,10035.0,East
CA-2015-120278,07/11/2015,12/11/2015,Standard Class,MS-17365,Wausau,Wisconsin,54401.0,Central
CA-2018-167661,05/10/2018,10/10/2018,Standard Class,MP-18175,San Francisco,California,94110.0,West
CA-2018-106831,01/06/2018,03/06/2018,First Class,FH-14350,Dublin,Ohio,43017.0,East
CA-2018-154123,20/11/2018,25/11/2018,Standard Class,SC-20050,Henderson,Kentucky,42420.0,South
CA-2017-136049,23/12/2017,28/12/2017,Standard Class,NM-18520,Bowling Green,Ohio,43402.0,East
CA-2018-118402,29/09/2018,04/10/2018,Standard Class,JO-15280,Memphis,Tennessee,38109.0,South
US-2017-139388,07/11/2017,09/11/2017,First Class,CC-12475,Lakewood,New Jersey,8701.0,East
US-2015-128685,04/04/2015,05/04/2015,First Class,MZ-17515,Los Angeles,California,90008.0,West
CA-2016-124044,23/07/2016,26/07/2016,Second Class,MS-17830,Rochester,New York,14609.0,East
CA-2015-164469,25/06/2015,27/06/2015,Second Class,GK-14620,Salem,Oregon,97301.0,West
CA-2015-107818,08/09/2015,14/09/2015,Standard Class,MC-17275,Pasco,Washington,99301.0,West
CA-2015-113320,12/12/2015,15/12/2015,Second Class,LH-17155,Oakland,California,94601.0,West
CA-2016-137526,13/01/2016,17/01/2016,Standard Class,PB-19150,Los Angeles,California,90004.0,West
CA-2018-136063,15/12/2018,19/12/2018,Standard Class,SS-20140,Oak Park,Illinois,60302.0,Central
CA-2017-101546,18/12/2017,24/12/2017,Standard Class,GK-14620,Morristown,New Jersey,7960.0,East
CA-2015-138940,11/04/2015,16/04/2015,Second Class,GM-14455,Austin,Texas,78745.0,Central
CA-2017-125164,10/11/2017,14/11/2017,Standard Class,SH-19975,New York City,New York,10011.0,East
CA-2018-163531,26/06/2018,30/06/2018,Standard Class,SC-20725,New York City,New York,10024.0,East
CA-2018-122490,13/11/2018,18/11/2018,Standard Class,TT-21070,Seattle,Washington,98103.0,West
CA-2018-131366,24/11/2018,29/11/2018,Standard Class,SC-20440,Lancaster,Pennsylvania,17602.0,East
CA-2018-164042,23/05/2018,27/05/2018,Standard Class,KL-16645,Houston,Texas,77095.0,Central
CA-2015-132864,02/12/2015,07/12/2015,Standard Class,KN-16390,Columbus,Ohio,43229.0,East
US-2015-155817,03/10/2015,09/10/2015,Standard Class,SL-20155,Durham,North Carolina,27707.0,South
US-2017-131891,29/07/2017,31/07/2017,First Class,PW-19240,Pensacola,Florida,32503.0,South
CA-2018-143567,02/11/2018,05/11/2018,Second Class,TB-21175,Henderson,Kentucky,42420.0,South
CA-2018-104080,08/03/2018,15/03/2018,Standard Class,AH-10210,Anaheim,California,92804.0,West
CA-2015-151379,16/12/2015,20/12/2015,Standard Class,SC-20695,Detroit,Michigan,48227.0,Central
CA-2017-163167,28/11/2017,01/12/2017,Second Class,RF-19345,Marietta,Georgia,30062.0,South
CA-2017-135776,23/12/2017,30/12/2017,Standard Class,EH-13765,Seattle,Washington,98103.0,West
US-2015-122021,15/10/2015,17/10/2015,First Class,AC-10660,Parma,Ohio,44134.0,East
CA-2017-130484,22/08/2017,27/08/2017,Standard Class,SG-20470,Gresham,Oregon,97030.0,West
CA-2018-120936,17/12/2018,21/12/2018,Standard Class,CA-12310,Anaheim,California,92804.0,West
CA-2018-110884,07/03/2018,12/03/2018,Standard Class,SH-20395,New York City,New York,10035.0,East
US-2015-161613,01/12/2015,03/12/2015,Second Class,MC-17605,Houston,Texas,77070.0,Central
US-2015-146353,14/10/2015,16/10/2015,Second Class,JE-15610,Concord,New Hampshire,3301.0,East
CA-2015-133809,18/11/2015,23/11/2015,Second Class,MS-17530,Fairfield,Ohio,45014.0,East
CA-2018-127306,14/01/2018,18/01/2018,Standard Class,BH-11710,Johnson City,Tennessee,37604.0,South
CA-2016-161830,24/09/2016,26/09/2016,Second Class,ME-17725,Seattle,Washington,98105.0,West
CA-2018-163125,09/10/2018,11/10/2018,Second Class,MB-17305,League City,Texas,77573.0,Central
CA-2017-160304,02/01/2017,07/01/2017,Standard Class,BM-11575,Gaithersburg,Maryland,20877.0,East
CA-2018-101728,19/08/2018,23/08/2018,Standard Class,SC-20575,Chicago,Illinois,60653.0,Central
CA-2018-114055,25/12/2018,29/12/2018,Second Class,MH-18115,Huntsville,Alabama,35810.0,South
CA-2018-126438,10/09/2018,13/09/2018,First Class,AR-10345,Lawrence,Massachusetts,1841.0,East
CA-2018-117653,19/10/2018,23/10/2018,Standard Class,MO-17500,Chicago,Illinois,60623.0,Central
CA-2018-143245,01/12/2018,06/12/2018,Standard Class,AD-10180,Fairfield,Connecticut,6824.0,East
US-2015-138828,02/09/2015,03/09/2015,First Class,KD-16345,New York City,New York,10009.0,East
CA-2018-143651,25/03/2018,30/03/2018,Standard Class,FM-14215,Seattle,Washington,98103.0,West
CA-2016-106978,28/09/2016,04/10/2016,Standard Class,ZC-21910,Aurora,Colorado,80013.0,West
CA-2016-155124,15/03/2016,21/03/2016,Standard Class,KS-16300,Lehi,Utah,84043.0,West
CA-2018-150931,06/01/2018,13/01/2018,Standard Class,DP-13390,Tuscaloosa,Alabama,35401.0,South
CA-2015-157147,13/01/2015,18/01/2015,Standard Class,BD-11605,San Francisco,California,94109.0,West
CA-2016-156482,06/02/2016,13/02/2016,Standard Class,IL-15100,Wilmington,Delaware,19805.0,East
CA-2018-106782,21/12/2018,27/12/2018,Standard Class,LP-17095,Lafayette,Indiana,47905.0,Central
CA-2017-151372,05/09/2017,06/09/2017,First Class,JH-15985,Redondo Beach,California,90278.0,West
CA-2015-102085,04/10/2015,09/10/2015,Standard Class,JD-16015,Seattle,Washington,98115.0,West
CA-2018-107125,27/11/2018,02/12/2018,Standard Class,BD-11320,Los Angeles,California,90045.0,West
CA-2017-125815,28/10/2017,01/11/2017,Second Class,DL-13330,New York City,New York,10009.0,East
CA-2016-144190,09/06/2016,13/06/2016,Standard Class,NC-18415,Royal Oak,Michigan,48073.0,Central
CA-2018-117926,08/12/2018,12/12/2018,Second Class,AS-10225,San Francisco,California,94109.0,West
CA-2016-153906,16/03/2016,20/03/2016,Standard Class,MS-17980,New York City,New York,10009.0,East
CA-2015-160262,09/06/2015,13/06/2015,Second Class,TS-21205,North Las Vegas,Nevada,89031.0,West
CA-2016-127607,20/03/2016,26/03/2016,Standard Class,JK-15730,Carrollton,Texas,75007.0,Central
CA-2017-166226,18/11/2017,22/11/2017,Standard Class,TC-21535,Los Angeles,California,90008.0,West
CA-2015-156587,07/03/2015,08/03/2015,First Class,AB-10015,Seattle,Washington,98103.0,West
CA-2017-141180,15/05/2017,19/05/2017,Second Class,DP-13000,Fort Lauderdale,Florida,33311.0,South
CA-2016-109708,25/05/2016,28/05/2016,Second Class,CY-12745,Columbia,Tennessee,38401.0,South
CA-2016-122406,02/08/2016,05/08/2016,Second Class,BE-11455,Providence,Rhode Island,2908.0,East
US-2017-153815,06/11/2017,09/11/2017,First Class,KL-16555,Jacksonville,Florida,32216.0,South
CA-2017-164896,07/11/2017,12/11/2017,Standard Class,PS-19045,Oceanside,California,92054.0,West
CA-2016-142202,18/09/2016,23/09/2016,Second Class,JR-16210,Jacksonville,Florida,32216.0,South
CA-2016-165050,07/12/2016,09/12/2016,First Class,AH-10210,New York City,New York,10024.0,East
US-2017-131114,09/12/2017,13/12/2017,Second Class,RW-19630,Chicago,Illinois,60610.0,Central
CA-2015-160066,16/11/2015,22/11/2015,Standard Class,AH-10075,Huntington Beach,California,92646.0,West
CA-2017-109925,06/11/2017,10/11/2017,Second Class,IM-15070,San Diego,California,92105.0,West
CA-2016-160696,06/09/2016,10/09/2016,Standard Class,CK-12760,Nashville,Tennessee,37211.0,South
CA-2015-125171,03/09/2015,03/09/2015,Same Day,AG-10390,New York City,New York,10009.0,East
CA-2017-149279,24/04/2017,28/04/2017,Standard Class,CL-12700,Colorado Springs,Colorado,80906.0,West
CA-2018-107321,31/08/2018,04/09/2018,Standard Class,AW-10930,San Francisco,California,94110.0,West
US-2018-122714,07/12/2018,13/12/2018,Standard Class,HG-14965,Chicago,Illinois,60653.0,Central
CA-2016-153038,18/12/2016,25/12/2016,Standard Class,RB-19645,Memphis,Tennessee,38109.0,South
CA-2015-132227,04/11/2015,10/11/2015,Standard Class,SZ-20035,New York City,New York,10011.0,East
CA-2018-155824,10/03/2018,15/03/2018,Standard Class,KS-16300,Raleigh,North Carolina,27604.0,South
CA-2017-129238,31/01/2017,04/02/2017,Standard Class,SC-20050,Los Angeles,California,90045.0,West
CA-2018-159688,07/05/2018,12/05/2018,Standard Class,AB-10060,Los Angeles,California,90004.0,West
CA-2017-136126,24/05/2017,24/05/2017,Same Day,EH-14125,Newport News,Virginia,23602.0,South
CA-2017-155033,07/10/2017,12/10/2017,Standard Class,CC-12475,Los Angeles,California,90032.0,West
CA-2015-156006,30/04/2015,02/05/2015,Second Class,TM-21010,Jackson,Mississippi,39212.0,South
CA-2016-158659,10/11/2016,14/11/2016,Second Class,SC-20695,Richmond,Indiana,47374.0,Central
CA-2016-169796,09/11/2016,14/11/2016,Standard Class,Dp-13240,New York City,New York,10035.0,East
CA-2016-102876,07/09/2016,14/09/2016,Standard Class,LR-17035,Philadelphia,Pennsylvania,19134.0,East
US-2018-139647,11/05/2018,13/05/2018,First Class,TS-21370,Phoenix,Arizona,85023.0,West
US-2018-160465,21/07/2018,26/07/2018,Standard Class,SW-20350,Cleveland,Ohio,44105.0,East
CA-2015-153850,24/11/2015,29/11/2015,Standard Class,TH-21100,Toledo,Ohio,43615.0,East
CA-2015-127558,15/11/2015,18/11/2015,First Class,SS-20410,Los Angeles,California,90008.0,West
CA-2018-136511,23/03/2018,25/03/2018,Second Class,MZ-17515,New York City,New York,10011.0,East
CA-2017-133795,18/12/2017,24/12/2017,Standard Class,JE-15475,San Diego,California,92037.0,West
US-2018-130953,29/07/2018,03/08/2018,Standard Class,RF-19735,Oklahoma City,Oklahoma,73120.0,Central
CA-2015-151792,02/09/2015,07/09/2015,Second Class,CV-12295,Chicago,Illinois,60653.0,Central
CA-2018-139304,29/01/2018,02/02/2018,Standard Class,VG-21790,San Francisco,California,94109.0,West
CA-2017-155166,26/12/2017,02/01/2018,Standard Class,BB-11545,Vineland,New Jersey,8360.0,East
CA-2016-103954,09/08/2016,13/08/2016,Second Class,HR-14770,Milwaukee,Wisconsin,53209.0,Central
CA-2015-169803,06/04/2015,12/04/2015,Standard Class,SC-20260,Seattle,Washington,98115.0,West
CA-2018-141719,17/11/2018,21/11/2018,Second Class,EG-13900,Naperville,Illinois,60540.0,Central
CA-2016-136469,11/07/2016,12/07/2016,First Class,TS-21370,Wilmington,Delaware,19805.0,East
CA-2017-158694,10/11/2017,13/11/2017,Second Class,AI-10855,Los Angeles,California,90036.0,West
US-2015-104759,31/03/2015,04/04/2015,Standard Class,DD-13570,Chicago,Illinois,60610.0,Central
CA-2016-150511,18/09/2016,24/09/2016,Standard Class,AB-10060,Des Moines,Washington,98198.0,West
CA-2016-134922,07/11/2016,11/11/2016,Standard Class,KB-16240,Philadelphia,Pennsylvania,19140.0,East
US-2018-120607,19/05/2018,19/05/2018,Same Day,JC-15775,Atlanta,Georgia,30318.0,South
CA-2016-141243,03/01/2016,08/01/2016,Second Class,AH-10465,Dallas,Texas,75217.0,Central
CA-2016-162166,08/09/2016,11/09/2016,First Class,NM-18520,Moreno Valley,California,92553.0,West
CA-2017-120796,03/04/2017,07/04/2017,Standard Class,CS-11950,Philadelphia,Pennsylvania,19140.0,East
CA-2017-109722,05/12/2017,07/12/2017,Second Class,TP-21130,Georgetown,Kentucky,40324.0,South
CA-2016-136798,08/05/2016,12/05/2016,Standard Class,DL-12925,Minneapolis,Minnesota,55407.0,Central
CA-2018-122196,22/09/2018,24/09/2018,First Class,CA-12265,Wilmington,Delaware,19805.0,East
CA-2018-142090,30/11/2018,07/12/2018,Standard Class,SC-20380,Burlington,North Carolina,27217.0,South
CA-2018-160934,15/01/2018,19/01/2018,Standard Class,TT-21460,Los Angeles,California,90008.0,West
CA-2015-124478,08/08/2015,12/08/2015,Standard Class,MA-17560,Trenton,Michigan,48183.0,Central
CA-2016-145485,05/11/2016,05/11/2016,Same Day,JM-16195,San Francisco,California,94109.0,West
CA-2018-151071,25/04/2018,29/04/2018,Second Class,MB-18085,Los Angeles,California,90049.0,West
CA-2015-134572,20/04/2015,22/04/2015,Second Class,SV-20365,Houston,Texas,77070.0,Central
CA-2018-143217,11/11/2018,17/11/2018,Standard Class,CG-12040,Milwaukee,Wisconsin,53209.0,Central
US-2018-133312,25/11/2018,29/11/2018,Standard Class,BD-11500,San Francisco,California,94122.0,West
US-2016-137533,18/12/2016,18/12/2016,Same Day,JK-15640,Cleveland,Ohio,44105.0,East
CA-2017-155138,08/09/2017,12/09/2017,Standard Class,JM-15580,Monroe,North Carolina,28110.0,South
CA-2017-108350,06/06/2017,09/06/2017,Second Class,SC-20230,Lowell,Massachusetts,1852.0,East
CA-2016-144302,19/06/2016,23/06/2016,Standard Class,ME-17320,Dallas,Texas,75081.0,Central
CA-2016-109001,05/03/2016,09/03/2016,Standard Class,KN-16390,Philadelphia,Pennsylvania,19120.0,East
CA-2018-132738,04/08/2018,07/08/2018,First Class,HM-14860,Loveland,Colorado,80538.0,West
CA-2018-156720,30/12/2018,03/01/2019,Standard Class,JM-15580,Loveland,Colorado,80538.0,West
CA-2016-119102,23/05/2016,27/05/2016,Standard Class,KH-16690,Woonsocket,Rhode Island,2895.0,East
US-2015-140452,06/12/2015,10/12/2015,Standard Class,BK-11260,Chicago,Illinois,60610.0,Central
CA-2016-141936,07/08/2016,12/08/2016,Standard Class,PN-18775,Bakersfield,California,93309.0,West
CA-2015-158442,17/03/2015,17/03/2015,Same Day,AZ-10750,Dallas,Texas,75217.0,Central
CA-2016-167374,26/03/2016,30/03/2016,Second Class,GM-14500,Philadelphia,Pennsylvania,19140.0,East
CA-2015-116568,14/12/2015,20/12/2015,Standard Class,BM-11785,Deltona,Florida,32725.0,South
CA-2016-147102,19/09/2016,26/09/2016,Standard Class,NH-18610,Columbus,Georgia,31907.0,South
CA-2018-132213,25/04/2018,26/04/2018,First Class,PN-18775,Nashville,Tennessee,37211.0,South
CA-2015-138450,18/10/2015,22/10/2015,Standard Class,EH-13765,Philadelphia,Pennsylvania,19134.0,East
CA-2016-153073,13/11/2016,13/11/2016,Same Day,HA-14905,Chicago,Illinois,60610.0,Central
CA-2017-147970,31/01/2017,02/02/2017,Second Class,AB-10150,Dallas,Texas,75220.0,Central
CA-2017-150658,17/11/2017,22/11/2017,Standard Class,MS-17365,Carlsbad,New Mexico,88220.0,West
CA-2018-125640,25/07/2018,29/07/2018,Standard Class,DD-13570,Philadelphia,Pennsylvania,19134.0,East
CA-2018-154137,11/11/2018,17/11/2018,Standard Class,MT-17815,New York City,New York,10009.0,East
CA-2016-127173,26/09/2016,03/10/2016,Standard Class,GM-14500,Oceanside,New York,11572.0,East
CA-2015-149538,04/04/2015,08/04/2015,Standard Class,KB-16585,Lafayette,Louisiana,70506.0,South
CA-2015-160766,14/09/2015,14/09/2015,Same Day,DM-13015,New York City,New York,10009.0,East
CA-2018-146626,29/12/2018,05/01/2019,Standard Class,BP-11185,Anaheim,California,92804.0,West
CA-2016-123330,21/06/2016,27/06/2016,Standard Class,EP-13915,Deltona,Florida,32725.0,South
CA-2018-155607,26/11/2018,30/11/2018,Standard Class,FG-14260,New York City,New York,10009.0,East
CA-2017-151323,23/10/2017,28/10/2017,Standard Class,AB-10255,Seattle,Washington,98103.0,West
CA-2016-146696,14/12/2016,19/12/2016,Standard Class,RD-19480,San Diego,California,92105.0,West
CA-2017-128972,13/11/2017,17/11/2017,Standard Class,TS-21430,Oklahoma City,Oklahoma,73120.0,Central
CA-2018-128335,29/09/2018,05/10/2018,Standard Class,JA-15970,Mount Vernon,New York,10550.0,East
CA-2016-154886,08/11/2016,12/11/2016,Standard Class,SW-20455,San Francisco,California,94109.0,West
CA-2017-111213,01/04/2017,05/04/2017,Standard Class,FP-14320,New York City,New York,10009.0,East
CA-2018-161333,02/02/2018,07/02/2018,Standard Class,JL-15835,Los Angeles,California,90045.0,West
CA-2018-128734,24/12/2018,31/12/2018,Standard Class,JL-15175,Chandler,Arizona,85224.0,West
CA-2015-141796,21/06/2015,21/06/2015,Same Day,JG-15160,Long Beach,New York,11561.0,East
CA-2018-125101,06/03/2018,10/03/2018,Second Class,SH-19975,San Francisco,California,94109.0,West
CA-2018-169929,25/09/2018,28/09/2018,First Class,LS-17200,Helena,Montana,59601.0,West
US-2015-121566,30/06/2015,06/07/2015,Standard Class,CS-11860,New York City,New York,10011.0,East
US-2016-124219,07/08/2016,08/08/2016,First Class,KW-16570,Kirkwood,Missouri,63122.0,Central
CA-2018-163006,30/06/2018,04/07/2018,Second Class,GH-14410,Chicago,Illinois,60653.0,Central
CA-2016-156146,26/10/2016,30/10/2016,Second Class,AG-10495,Peoria,Arizona,85345.0,West
CA-2015-111192,30/07/2015,05/08/2015,Standard Class,TS-21430,Seattle,Washington,98103.0,West
CA-2017-115378,18/11/2017,23/11/2017,Second Class,AJ-10945,Taylor,Michigan,48180.0,Central
CA-2016-161627,06/07/2016,11/07/2016,Standard Class,SJ-20215,Pasadena,California,91104.0,West
CA-2015-121006,10/11/2015,16/11/2015,Standard Class,SC-20020,Midland,Michigan,48640.0,Central
CA-2017-122903,27/05/2017,29/05/2017,Second Class,LA-16780,Detroit,Michigan,48205.0,Central
CA-2016-107741,08/03/2016,10/03/2016,First Class,FC-14335,Pueblo,Colorado,81001.0,West
CA-2018-106432,19/10/2018,24/10/2018,Standard Class,CA-12265,Waco,Texas,76706.0,Central
CA-2017-148908,05/11/2017,08/11/2017,First Class,JH-15985,San Francisco,California,94109.0,West
CA-2017-123015,26/12/2017,30/12/2017,Standard Class,AJ-10795,New York City,New York,10024.0,East
US-2016-120502,13/04/2016,19/04/2016,Standard Class,BT-11395,Los Angeles,California,90036.0,West
CA-2018-108749,12/09/2018,15/09/2018,First Class,DJ-13510,Woonsocket,Rhode Island,2895.0,East
CA-2018-163335,24/09/2018,27/09/2018,First Class,AG-10675,Columbus,Georgia,31907.0,South
CA-2016-134719,10/10/2016,15/10/2016,Standard Class,JD-15790,Jacksonville,Florida,32216.0,South
US-2016-154389,27/11/2016,03/12/2016,Standard Class,EH-14125,Philadelphia,Pennsylvania,19140.0,East
CA-2016-115567,13/09/2016,18/09/2016,Standard Class,ZC-21910,Columbus,Indiana,47201.0,Central
US-2018-136679,14/11/2018,18/11/2018,Standard Class,XP-21865,Pasadena,Texas,77506.0,Central
US-2018-141943,05/05/2018,09/05/2018,Standard Class,DK-12985,San Francisco,California,94122.0,West
CA-2015-101560,28/11/2015,01/12/2015,Second Class,CS-12250,Columbia,South Carolina,29203.0,South
CA-2015-159709,10/05/2015,15/05/2015,Standard Class,AI-10855,Kent,Washington,98031.0,West
CA-2017-103982,03/03/2017,08/03/2017,Standard Class,AA-10315,Round Rock,Texas,78664.0,Central
CA-2016-142454,15/08/2016,19/08/2016,Standard Class,RE-19450,Oakland,California,94601.0,West
CA-2016-102016,12/09/2016,18/09/2016,Standard Class,TM-21010,Auburn,New York,13021.0,East
CA-2016-156755,12/01/2016,18/01/2016,Standard Class,YS-21880,Newark,Delaware,19711.0,East
CA-2016-130876,12/05/2016,16/05/2016,Second Class,AZ-10750,New York City,New York,10024.0,East
CA-2017-145898,26/09/2017,26/09/2017,Same Day,CM-12445,Redlands,California,92374.0,West
US-2018-159562,09/09/2018,15/09/2018,Standard Class,JB-16000,Roseville,Michigan,48066.0,Central
CA-2018-134635,15/04/2018,17/04/2018,Second Class,NS-18640,Los Angeles,California,90049.0,West
CA-2018-167080,10/06/2018,14/06/2018,Standard Class,LC-16930,New York City,New York,10011.0,East
CA-2018-145653,01/09/2018,01/09/2018,Same Day,CA-12775,Detroit,Michigan,48205.0,Central
CA-2015-140487,14/06/2015,20/06/2015,Standard Class,SR-20425,Detroit,Michigan,48234.0,Central
CA-2018-117401,18/05/2018,22/05/2018,Second Class,PP-18955,Springfield,Missouri,65807.0,Central
US-2018-109582,12/09/2018,17/09/2018,Second Class,JM-15865,Los Angeles,California,90036.0,West
CA-2017-119865,21/06/2017,26/06/2017,Standard Class,AS-10090,New York City,New York,10011.0,East
US-2015-147648,26/11/2015,01/12/2015,Standard Class,LS-16975,San Francisco,California,94109.0,West
CA-2018-124436,19/03/2018,22/03/2018,Second Class,SA-20830,Fresno,California,93727.0,West
CA-2015-115084,18/10/2015,22/10/2015,Standard Class,LS-17200,Texarkana,Arkansas,71854.0,South
CA-2018-131037,22/08/2018,23/08/2018,First Class,TM-21490,San Francisco,California,94110.0,West
CA-2017-111143,19/11/2017,22/11/2017,First Class,TT-21265,Indianapolis,Indiana,46203.0,Central
CA-2015-166744,20/09/2015,24/09/2015,Standard Class,DN-13690,Columbia,Maryland,21044.0,East
CA-2017-116561,11/09/2017,17/09/2017,Standard Class,EB-14110,San Jose,California,95123.0,West
CA-2017-110730,23/09/2017,26/09/2017,Second Class,CM-11815,Seattle,Washington,98115.0,West
CA-2018-146367,04/08/2018,08/08/2018,Standard Class,HM-14860,Carrollton,Texas,75007.0,Central
CA-2017-149454,25/07/2017,26/07/2017,First Class,KM-16375,Arlington,Virginia,22204.0,South
CA-2017-156265,02/08/2017,04/08/2017,Second Class,BF-11020,Los Angeles,California,90032.0,West
US-2016-168914,21/05/2016,27/05/2016,Standard Class,JE-15745,Frankfort,Illinois,60423.0,Central
US-2018-110989,03/11/2018,05/11/2018,Second Class,EJ-14155,Seattle,Washington,98105.0,West
CA-2016-106215,16/04/2016,21/04/2016,Standard Class,BN-11470,Philadelphia,Pennsylvania,19143.0,East
US-2017-169369,12/12/2017,18/12/2017,Standard Class,EC-14050,Columbus,Georgia,31907.0,South
CA-2016-132318,30/10/2016,02/11/2016,First Class,TT-21220,Virginia Beach,Virginia,23464.0,South
US-2015-131982,07/03/2015,11/03/2015,Second Class,NP-18685,Des Moines,Washington,98198.0,West
CA-2016-125185,05/03/2016,07/03/2016,Second Class,AH-10195,Bethlehem,Pennsylvania,18018.0,East
CA-2017-130078,08/08/2017,14/08/2017,Standard Class,CC-12145,Oklahoma City,Oklahoma,73120.0,Central
US-2018-114034,03/01/2018,08/01/2018,Standard Class,DL-13315,Rancho Cucamonga,California,91730.0,West
US-2018-115595,09/10/2018,11/10/2018,First Class,XP-21865,Los Angeles,California,90032.0,West
CA-2018-158722,20/10/2018,26/10/2018,Standard Class,MA-17560,Philadelphia,Pennsylvania,19120.0,East
CA-2015-105165,07/09/2015,10/09/2015,First Class,SZ-20035,Houston,Texas,77036.0,Central
CA-2018-147452,30/09/2018,03/10/2018,First Class,CS-11845,Seattle,Washington,98103.0,West
US-2018-114657,16/11/2018,21/11/2018,Standard Class,MH-18115,Yonkers,New York,10701.0,East
CA-2018-144484,11/09/2018,11/09/2018,Same Day,CB-12025,San Francisco,California,94110.0,West
CA-2018-125913,16/01/2018,16/01/2018,Same Day,JO-15145,Los Angeles,California,90008.0,West
US-2017-158309,26/11/2017,29/11/2017,First Class,PA-19060,Miami,Florida,33142.0,South
CA-2016-162887,07/11/2016,09/11/2016,Second Class,SV-20785,Burlington,Vermont,,East
CA-2018-147333,14/12/2018,20/12/2018,Standard Class,KL-16555,Fayetteville,Arkansas,72701.0,South
CA-2015-113859,13/09/2015,17/09/2015,Standard Class,BC-11125,Odessa,Texas,79762.0,Central
CA-2015-159681,07/12/2015,13/12/2015,Standard Class,PO-18850,Virginia Beach,Virginia,23464.0,South
US-2018-104094,07/09/2018,11/09/2018,Standard Class,AG-10675,Milwaukee,Wisconsin,53209.0,Central
CA-2018-152709,07/10/2018,12/10/2018,Standard Class,DB-13210,Detroit,Michigan,48234.0,Central
CA-2016-105158,05/09/2016,10/09/2016,Standard Class,SP-20860,Rochester,Minnesota,55901.0,Central
CA-2015-133424,30/03/2015,04/04/2015,Standard Class,Dl-13600,Seattle,Washington,98105.0,West
CA-2018-105991,05/05/2018,06/05/2018,First Class,LH-17020,Louisville,Colorado,80027.0,West
US-2018-136784,30/04/2018,05/05/2018,Standard Class,AD-10180,San Francisco,California,94122.0,West
CA-2015-146283,08/09/2015,15/09/2015,Standard Class,KT-16465,Houston,Texas,77036.0,Central
CA-2018-151218,20/06/2018,23/06/2018,First Class,PJ-19015,Miami,Florida,33180.0,South
CA-2016-111073,26/12/2016,30/12/2016,Standard Class,MC-18100,Medina,Ohio,44256.0,East
CA-2018-144883,15/08/2018,19/08/2018,Standard Class,BO-11350,Roseville,Minnesota,55113.0,Central
CA-2018-142174,04/03/2018,09/03/2018,Standard Class,DP-13000,Houston,Texas,77041.0,Central
CA-2018-108791,27/07/2018,31/07/2018,Standard Class,TM-21490,Yonkers,New York,10701.0,East
CA-2017-106656,23/09/2017,26/09/2017,First Class,DV-13045,San Diego,California,92037.0,West
CA-2017-113831,30/05/2017,03/06/2017,Standard Class,AH-10690,Springfield,Virginia,22153.0,South
US-2015-139500,16/11/2015,20/11/2015,Standard Class,AB-10165,Decatur,Illinois,62521.0,Central
US-2015-166310,21/09/2015,23/09/2015,First Class,JS-15940,Garland,Texas,75043.0,Central
US-2017-168410,21/02/2017,26/02/2017,Standard Class,BV-11245,Oceanside,New York,11572.0,East
CA-2018-131254,19/11/2018,21/11/2018,First Class,NC-18415,Houston,Texas,77095.0,Central
CA-2017-123414,21/08/2017,27/08/2017,Standard Class,SU-20665,Greenville,North Carolina,27834.0,South
CA-2018-137876,30/04/2018,05/05/2018,Standard Class,DJ-13510,San Francisco,California,94110.0,West
CA-2017-154060,02/05/2017,08/05/2017,Standard Class,DL-12865,Greensboro,North Carolina,27405.0,South
US-2018-162558,02/10/2018,05/10/2018,First Class,Dp-13240,Knoxville,Tennessee,37918.0,South
CA-2018-134439,18/09/2018,23/09/2018,Second Class,TM-21010,Grand Island,Nebraska,68801.0,Central
CA-2016-119508,04/12/2016,09/12/2016,Standard Class,TZ-21580,Lakewood,California,90712.0,West
CA-2016-152681,17/01/2016,22/01/2016,Standard Class,SC-20260,Lawrence,Massachusetts,1841.0,East
CA-2015-130813,06/01/2015,08/01/2015,Second Class,LS-17230,Los Angeles,California,90049.0,West
CA-2016-120320,05/03/2016,09/03/2016,Standard Class,MV-18190,Houston,Texas,77036.0,Central
CA-2017-111941,25/12/2017,28/12/2017,Second Class,BD-11620,New York City,New York,10035.0,East
CA-2017-123120,04/09/2017,08/09/2017,Standard Class,CV-12295,New York City,New York,10011.0,East
CA-2015-103331,26/08/2015,01/09/2015,Standard Class,KB-16315,Newark,Delaware,19711.0,East
CA-2016-169278,21/05/2016,25/05/2016,Standard Class,ME-18010,Seattle,Washington,98105.0,West
CA-2018-111577,16/10/2018,21/10/2018,Standard Class,AJ-10780,Scottsdale,Arizona,85254.0,West
CA-2016-146486,09/11/2016,14/11/2016,Second Class,DV-13465,Oceanside,New York,11572.0,East
US-2015-168501,21/11/2015,27/11/2015,Standard Class,JK-15325,Dallas,Texas,75220.0,Central
CA-2016-112053,11/10/2016,13/10/2016,Second Class,SH-20395,Rochester,New York,14609.0,East
CA-2018-108539,21/03/2018,23/03/2018,Second Class,SC-20725,Los Angeles,California,90045.0,West
CA-2016-149811,04/01/2016,10/01/2016,Standard Class,CS-12250,Woodbury,Minnesota,55125.0,Central
US-2018-103814,09/12/2018,16/12/2018,Standard Class,LH-16900,Park Ridge,Illinois,60068.0,Central
CA-2017-123932,06/09/2017,12/09/2017,Standard Class,YC-21895,Dallas,Texas,75217.0,Central
US-2017-101616,03/09/2017,06/09/2017,First Class,CY-12745,Monroe,Louisiana,71203.0,South
CA-2015-113768,13/05/2015,19/05/2015,Standard Class,AH-10030,Los Angeles,California,90004.0,West
CA-2017-138037,29/09/2017,03/10/2017,Standard Class,AR-10540,San Francisco,California,94109.0,West
CA-2015-150490,05/08/2015,11/08/2015,Standard Class,SS-20590,San Francisco,California,94122.0,West
US-2018-126060,14/04/2018,18/04/2018,Standard Class,DW-13585,Fayetteville,North Carolina,28314.0,South
CA-2018-100951,09/06/2018,10/06/2018,First Class,NC-18625,Dallas,Texas,75217.0,Central
CA-2017-122017,29/12/2017,02/01/2018,Standard Class,CD-11920,Wichita,Kansas,67212.0,Central
CA-2015-123477,18/01/2015,21/01/2015,Second Class,DW-13195,Springfield,Oregon,97477.0,West
CA-2017-107790,20/11/2017,24/11/2017,Standard Class,EH-13990,Houston,Texas,77041.0,Central
CA-2018-158071,10/06/2018,15/06/2018,Standard Class,BD-11320,Seattle,Washington,98103.0,West
CA-2018-147403,10/09/2018,13/09/2018,First Class,KH-16630,Akron,Ohio,44312.0,East
US-2018-136721,08/04/2018,12/04/2018,Standard Class,NH-18610,Oak Park,Michigan,48237.0,Central
CA-2016-118738,24/10/2016,30/10/2016,Standard Class,AG-10495,Houston,Texas,77041.0,Central
CA-2018-134152,27/05/2018,31/05/2018,Standard Class,RP-19855,Seattle,Washington,98103.0,West
CA-2015-125542,05/12/2015,07/12/2015,First Class,NB-18655,Philadelphia,Pennsylvania,19134.0,East
CA-2017-136021,14/08/2017,18/08/2017,Standard Class,JM-15580,Los Angeles,California,90045.0,West
CA-2017-149195,05/09/2017,07/09/2017,Second Class,DM-13525,Houston,Texas,77070.0,Central
CA-2018-161410,26/06/2018,03/07/2018,Standard Class,CC-12220,Philadelphia,Pennsylvania,19143.0,East
CA-2018-152786,12/03/2018,17/03/2018,Standard Class,GA-14725,Rogers,Arkansas,72756.0,South
CA-2018-164707,18/02/2018,21/02/2018,Second Class,CV-12805,Los Angeles,California,90045.0,West
CA-2018-163874,10/11/2018,12/11/2018,Second Class,NC-18535,Seattle,Washington,98105.0,West
US-2015-123183,19/11/2015,25/11/2015,Standard Class,GR-14560,Wilmington,Delaware,19805.0,East
CA-2015-104829,18/11/2015,21/11/2015,Second Class,JG-15805,Provo,Utah,84604.0,West
US-2017-147340,24/09/2017,24/09/2017,Same Day,EB-13750,San Francisco,California,94110.0,West
CA-2017-145492,20/11/2017,27/11/2017,Standard Class,MC-17605,Los Angeles,California,90004.0,West
CA-2017-163202,27/09/2017,02/10/2017,Standard Class,BM-11650,Lancaster,Ohio,43130.0,East
CA-2017-117681,09/04/2017,14/04/2017,Standard Class,HF-14995,Los Angeles,California,90004.0,West
CA-2018-132262,21/09/2018,23/09/2018,First Class,ML-18265,Seattle,Washington,98103.0,West
CA-2018-123043,24/08/2018,29/08/2018,Standard Class,AH-10195,New York City,New York,10024.0,East
US-2017-143280,22/02/2017,26/02/2017,Standard Class,TZ-21580,Los Angeles,California,90045.0,West
CA-2018-108854,08/12/2018,14/12/2018,Standard Class,DM-13345,San Francisco,California,94109.0,West
CA-2018-166856,18/09/2018,22/09/2018,Standard Class,TS-21505,Clovis,New Mexico,88101.0,West
CA-2017-153157,11/09/2017,14/09/2017,First Class,TB-21625,Wichita,Kansas,67212.0,Central
US-2018-125647,23/09/2018,28/09/2018,Standard Class,LC-16870,Chicago,Illinois,60653.0,Central
CA-2015-132542,06/10/2015,08/10/2015,Second Class,AM-10360,Omaha,Nebraska,68104.0,Central
CA-2016-110877,23/10/2016,26/10/2016,First Class,JE-15715,Houston,Texas,77041.0,Central
US-2017-151827,31/03/2017,02/04/2017,Second Class,CS-11950,Philadelphia,Pennsylvania,19134.0,East
US-2017-163258,29/12/2017,02/01/2018,Standard Class,PF-19225,Los Angeles,California,90045.0,West
CA-2018-103009,03/11/2018,05/11/2018,Second Class,PJ-18835,Richmond,Kentucky,40475.0,South
US-2018-120649,20/01/2018,26/01/2018,Standard Class,JF-15490,Waterbury,Connecticut,6708.0,East
CA-2017-153598,03/12/2017,06/12/2017,First Class,NM-18520,Los Angeles,California,90045.0,West
US-2017-108497,14/06/2017,14/06/2017,Same Day,MH-17290,Los Angeles,California,90036.0,West
CA-2017-113096,02/09/2017,04/09/2017,First Class,SZ-20035,San Francisco,California,94122.0,West
CA-2015-136861,05/09/2015,07/09/2015,First Class,PR-18880,Saint Petersburg,Florida,33710.0,South
CA-2018-117422,21/10/2018,25/10/2018,Standard Class,FC-14245,Lakewood,Ohio,44107.0,East
CA-2018-129707,25/04/2018,29/04/2018,Standard Class,LH-16750,Chandler,Arizona,85224.0,West
CA-2016-160171,19/10/2016,24/10/2016,Standard Class,RM-19675,Los Angeles,California,90008.0,West
CA-2015-103317,05/07/2015,08/07/2015,First Class,DM-13525,Palm Coast,Florida,32137.0,South
CA-2017-167115,04/04/2017,09/04/2017,Standard Class,EH-14185,New York City,New York,10035.0,East
US-2018-153633,13/11/2018,18/11/2018,Second Class,TC-21295,Jupiter,Florida,33458.0,South
CA-2018-155929,09/09/2018,13/09/2018,Standard Class,AI-10855,Glendale,Arizona,85301.0,West
CA-2016-148712,17/04/2016,23/04/2016,Standard Class,JM-15535,New York City,New York,10035.0,East
CA-2017-128307,25/07/2017,29/07/2017,Standard Class,BE-11335,Houston,Texas,77041.0,Central
US-2017-127425,26/08/2017,31/08/2017,Standard Class,DR-12880,New York City,New York,10035.0,East
US-2015-119081,12/09/2015,19/09/2015,Standard Class,TA-21385,Olathe,Kansas,66062.0,Central
CA-2017-140613,22/07/2017,29/07/2017,Standard Class,KN-16705,Sparks,Nevada,89431.0,West
US-2018-108700,19/05/2018,23/05/2018,Standard Class,PJ-18835,Rockford,Illinois,61107.0,Central
CA-2018-160962,28/04/2018,02/05/2018,Standard Class,MC-17605,Philadelphia,Pennsylvania,19143.0,East
CA-2018-130631,29/12/2018,02/01/2019,Standard Class,BS-11755,Edmonds,Washington,98026.0,West
CA-2018-116680,04/09/2018,06/09/2018,Second Class,PK-19075,San Francisco,California,94122.0,West
US-2015-107405,21/03/2015,25/03/2015,Standard Class,TS-21205,Asheville,North Carolina,28806.0,South
CA-2018-101574,28/09/2018,04/10/2018,Standard Class,BD-11725,Los Angeles,California,90032.0,West
CA-2015-146591,19/01/2015,20/01/2015,First Class,TS-21340,Scottsdale,Arizona,85254.0,West
CA-2015-107706,14/02/2015,19/02/2015,Second Class,ST-20530,Houston,Texas,77095.0,Central
CA-2017-122448,09/06/2017,14/06/2017,Standard Class,DB-13210,San Francisco,California,94109.0,West
CA-2015-132451,26/09/2015,27/09/2015,First Class,KF-16285,San Diego,California,92105.0,West
CA-2017-158547,30/05/2017,04/06/2017,Standard Class,JM-16195,Hamilton,Ohio,45011.0,East
CA-2018-116946,19/12/2018,23/12/2018,Standard Class,TS-21505,Parker,Colorado,80134.0,West
CA-2018-121741,26/12/2018,26/12/2018,Same Day,YC-21895,Fremont,Nebraska,68025.0,Central
CA-2018-169691,15/06/2018,18/06/2018,First Class,Dp-13240,Maple Grove,Minnesota,55369.0,Central
CA-2017-121356,20/11/2017,24/11/2017,Standard Class,SJ-20500,Newark,Delaware,19711.0,East
CA-2015-101770,31/03/2015,04/04/2015,Standard Class,KB-16240,Miami,Florida,33180.0,South
CA-2018-105487,08/10/2018,14/10/2018,Standard Class,CS-12250,San Diego,California,92105.0,West
CA-2018-148999,30/01/2018,04/02/2018,Standard Class,EB-13870,Miami,Florida,33142.0,South
CA-2015-107573,12/12/2015,17/12/2015,Standard Class,PB-19150,Miami,Florida,33178.0,South
CA-2016-156608,24/10/2016,29/10/2016,Standard Class,MT-18070,San Antonio,Texas,78207.0,Central
CA-2018-134495,01/04/2018,04/04/2018,Second Class,BF-11020,Jacksonville,Florida,32216.0,South
CA-2018-164098,26/01/2018,27/01/2018,First Class,CG-12520,Houston,Texas,77070.0,Central
CA-2015-105249,28/11/2015,28/11/2015,Same Day,DH-13675,San Francisco,California,94122.0,West
CA-2016-113523,04/09/2016,08/09/2016,Standard Class,SC-20440,Philadelphia,Pennsylvania,19140.0,East
CA-2018-117821,12/06/2018,16/06/2018,Standard Class,HG-15025,Marion,Ohio,43302.0,East
CA-2018-164378,15/07/2018,18/07/2018,Second Class,MM-18055,New York City,New York,10024.0,East
CA-2018-127782,02/11/2018,06/11/2018,Standard Class,TH-21115,Philadelphia,Pennsylvania,19140.0,East
US-2017-162026,08/10/2017,08/10/2017,Same Day,JE-15745,Los Angeles,California,90036.0,West
CA-2017-150000,08/04/2017,14/04/2017,Standard Class,PG-18820,Smyrna,Georgia,30080.0,South
CA-2016-168529,08/10/2016,12/10/2016,Standard Class,MB-17305,San Francisco,California,94122.0,West
US-2018-152569,15/05/2018,20/05/2018,Standard Class,JD-16015,Chicago,Illinois,60653.0,Central
US-2015-137680,24/02/2015,02/03/2015,Standard Class,JH-15430,Medford,Oregon,97504.0,West
CA-2016-103177,30/05/2016,01/06/2016,First Class,EN-13780,New York City,New York,10009.0,East
US-2017-138408,18/11/2017,21/11/2017,Second Class,KC-16255,Huntsville,Alabama,35810.0,South
CA-2018-117667,04/12/2018,09/12/2018,Standard Class,MS-17980,Philadelphia,Pennsylvania,19134.0,East
CA-2017-110982,05/06/2017,07/06/2017,First Class,CK-12205,Santa Clara,California,95051.0,West
CA-2017-147123,10/12/2017,12/12/2017,First Class,SJ-20125,Long Beach,California,90805.0,West
CA-2018-154501,30/04/2018,05/05/2018,Standard Class,EA-14035,Los Angeles,California,90008.0,West
CA-2018-166933,24/04/2018,28/04/2018,Standard Class,MG-17890,Santa Barbara,California,93101.0,West
CA-2016-142055,08/05/2016,10/05/2016,First Class,AB-10255,New York City,New York,10009.0,East
CA-2016-137106,31/03/2016,04/04/2016,Standard Class,SC-20260,Jacksonville,Florida,32216.0,South
CA-2018-136609,06/08/2018,11/08/2018,Standard Class,TB-21355,Cedar Hill,Texas,75104.0,Central
CA-2018-160885,02/12/2018,06/12/2018,Standard Class,JK-16090,Omaha,Nebraska,68104.0,Central
US-2017-167472,06/06/2017,07/06/2017,First Class,CK-12595,Little Rock,Arkansas,72209.0,South
CA-2016-120551,13/04/2016,20/04/2016,Standard Class,SS-20590,Norfolk,Nebraska,68701.0,Central
US-2018-150595,22/05/2018,26/05/2018,Standard Class,LE-16810,Chicago,Illinois,60653.0,Central
CA-2017-134936,19/12/2017,25/12/2017,Standard Class,ES-14080,Tucson,Arizona,85705.0,West
CA-2018-102967,22/09/2018,26/09/2018,Standard Class,MG-17890,Concord,New Hampshire,3301.0,East
CA-2018-151008,07/09/2018,08/09/2018,First Class,JM-16195,Draper,Utah,84020.0,West
CA-2015-159800,28/11/2015,01/12/2015,First Class,SG-20470,San Francisco,California,94109.0,West
US-2015-159618,12/11/2015,16/11/2015,Standard Class,DB-12970,Houston,Texas,77036.0,Central
CA-2018-116113,02/10/2018,06/10/2018,Second Class,JW-15220,Montgomery,Alabama,36116.0,South
CA-2016-125066,14/12/2016,18/12/2016,Standard Class,KD-16495,Jackson,Mississippi,39212.0,South
US-2016-114741,06/12/2016,10/12/2016,Standard Class,IL-15100,North Las Vegas,Nevada,89031.0,West
CA-2018-133263,31/03/2018,02/04/2018,Second Class,JE-15610,Atlanta,Georgia,30318.0,South
CA-2018-157966,13/03/2018,13/03/2018,Same Day,SU-20665,Chicago,Illinois,60610.0,Central
CA-2015-151162,05/12/2015,09/12/2015,Standard Class,EA-14035,Columbus,Ohio,43229.0,East
CA-2017-136686,12/12/2017,16/12/2017,Standard Class,RF-19840,Pasadena,California,91104.0,West
CA-2018-137498,09/09/2018,14/09/2018,Second Class,LC-17050,Los Angeles,California,90004.0,West
CA-2018-163818,04/10/2018,08/10/2018,Standard Class,PS-18970,Clinton,Maryland,20735.0,East
CA-2017-161158,09/05/2017,13/05/2017,Standard Class,PS-18970,New York City,New York,10024.0,East
CA-2015-116673,15/12/2015,19/12/2015,Second Class,JO-15280,San Diego,California,92037.0,West
CA-2018-105333,30/11/2018,04/12/2018,Standard Class,VP-21730,New York City,New York,10011.0,East
CA-2016-149993,19/03/2016,20/03/2016,First Class,GA-14725,Lancaster,California,93534.0,West
CA-2015-168158,19/07/2015,24/07/2015,Standard Class,EM-14140,Great Falls,Montana,59405.0,West
CA-2017-115224,08/12/2017,11/12/2017,Second Class,DB-13615,San Francisco,California,94110.0,West
CA-2015-164742,13/10/2015,18/10/2015,Second Class,ML-17395,Lakewood,New Jersey,8701.0,East
US-2018-108014,19/11/2018,25/11/2018,Standard Class,JH-15430,Cleveland,Ohio,44105.0,East
CA-2018-160325,24/09/2018,24/09/2018,Same Day,BP-11095,Lawrence,Massachusetts,1841.0,East
CA-2016-159779,25/09/2016,29/09/2016,Standard Class,SB-20185,Concord,New Hampshire,3301.0,East
CA-2018-151176,13/02/2018,20/02/2018,Standard Class,SV-20785,Baltimore,Maryland,21215.0,East
CA-2015-108903,03/10/2015,03/10/2015,Same Day,DO-13435,Columbus,Ohio,43229.0,East
CA-2017-117919,27/08/2017,29/08/2017,Second Class,TB-21355,Houston,Texas,77041.0,Central
CA-2016-142475,03/12/2016,07/12/2016,Standard Class,BS-11380,New York City,New York,10011.0,East
CA-2017-134516,20/09/2017,25/09/2017,Standard Class,FM-14215,Greensboro,North Carolina,27405.0,South
CA-2018-105193,25/03/2018,31/03/2018,Standard Class,JL-15835,New York City,New York,10024.0,East
CA-2016-168634,06/12/2016,11/12/2016,Standard Class,AF-10870,San Francisco,California,94109.0,West
CA-2018-117198,31/08/2018,05/09/2018,Standard Class,BG-11035,Monroe,Louisiana,71203.0,South
CA-2016-145828,05/10/2016,07/10/2016,First Class,MB-17305,Cincinnati,Ohio,45231.0,East
CA-2018-121027,18/08/2018,22/08/2018,Standard Class,HW-14935,Seattle,Washington,98105.0,West
CA-2017-147431,02/02/2017,07/02/2017,Standard Class,AB-10105,New York City,New York,10011.0,East
CA-2017-158001,23/08/2017,27/08/2017,Standard Class,JP-15460,New York City,New York,10035.0,East
CA-2018-125745,30/06/2018,04/07/2018,Standard Class,DV-13045,Memphis,Tennessee,38109.0,South
CA-2016-101154,18/09/2016,21/09/2016,First Class,CM-12190,San Diego,California,92105.0,West
US-2017-124163,25/09/2017,30/09/2017,Standard Class,SC-20695,La Crosse,Wisconsin,54601.0,Central
CA-2017-121748,24/10/2017,28/10/2017,Second Class,VW-21775,Los Angeles,California,90032.0,West
CA-2015-126683,29/09/2015,01/10/2015,Second Class,PP-18955,Seattle,Washington,98115.0,West
CA-2018-148810,26/06/2018,01/07/2018,Standard Class,DR-12880,Miami,Florida,33180.0,South
US-2017-146066,21/08/2017,23/08/2017,Second Class,RB-19465,Philadelphia,Pennsylvania,19143.0,East
CA-2015-127614,11/02/2015,15/02/2015,Standard Class,NF-18385,Chesapeake,Virginia,23320.0,South
CA-2017-101742,23/09/2017,28/09/2017,Second Class,CR-12580,New York City,New York,10009.0,East
CA-2016-134943,05/12/2016,06/12/2016,First Class,SU-20665,Ann Arbor,Michigan,48104.0,Central
CA-2018-123022,03/09/2018,08/09/2018,Standard Class,SC-20050,La Mesa,California,91941.0,West
CA-2018-113208,26/03/2018,02/04/2018,Standard Class,ML-18040,Dearborn,Michigan,48126.0,Central
CA-2015-154893,21/12/2015,27/12/2015,Standard Class,GM-14440,San Diego,California,92024.0,West
CA-2015-147900,23/09/2015,28/09/2015,Standard Class,JK-15640,Lakewood,Ohio,44107.0,East
CA-2018-106355,02/04/2018,05/04/2018,First Class,AT-10435,Meriden,Connecticut,6450.0,East
CA-2017-127985,01/04/2017,05/04/2017,Second Class,DB-12910,Columbus,Georgia,31907.0,South
CA-2016-166604,15/05/2016,20/05/2016,Second Class,AH-10690,Roswell,Georgia,30076.0,South
CA-2018-120719,23/03/2018,26/03/2018,First Class,SJ-20125,Seattle,Washington,98105.0,West
CA-2018-127117,14/04/2018,19/04/2018,Standard Class,HM-14860,Morristown,New Jersey,7960.0,East
CA-2016-104241,04/01/2016,09/01/2016,Standard Class,AG-10495,Alexandria,Virginia,22304.0,South
CA-2018-168179,02/11/2018,07/11/2018,Standard Class,JB-16000,Salt Lake City,Utah,84106.0,West
CA-2018-142342,17/07/2018,19/07/2018,Second Class,AJ-10795,Apple Valley,California,92307.0,West
CA-2018-109099,06/10/2018,11/10/2018,Standard Class,MM-18280,New York City,New York,10009.0,East
US-2015-134187,04/11/2015,11/11/2015,Standard Class,TH-21235,Long Beach,California,90805.0,West
CA-2017-145261,18/12/2017,21/12/2017,First Class,AH-10120,Salem,Oregon,97301.0,West
CA-2017-108875,24/09/2017,01/10/2017,Standard Class,CL-12700,Aurora,Colorado,80013.0,West
CA-2017-141957,21/07/2017,21/07/2017,Same Day,JG-15310,Newark,Ohio,43055.0,East
CA-2017-142405,11/06/2017,15/06/2017,Standard Class,SE-20110,Seattle,Washington,98103.0,West
CA-2016-141012,09/06/2016,11/06/2016,Second Class,TG-21640,Pocatello,Idaho,83201.0,West
CA-2018-127922,27/10/2018,03/11/2018,Standard Class,SH-19975,Dallas,Texas,75081.0,Central
CA-2017-146318,22/01/2017,27/01/2017,Standard Class,MC-17275,Seattle,Washington,98105.0,West
CA-2015-135993,28/05/2015,02/06/2015,Standard Class,PJ-18835,Seattle,Washington,98115.0,West
CA-2015-126802,29/12/2015,05/01/2016,Standard Class,ZC-21910,Chicago,Illinois,60610.0,Central
CA-2017-143924,28/07/2017,03/08/2017,Standard Class,SC-20680,Holland,Michigan,49423.0,Central
CA-2017-141551,24/09/2017,30/09/2017,Standard Class,BP-11230,Broken Arrow,Oklahoma,74012.0,Central
CA-2015-164315,02/04/2015,08/04/2015,Standard Class,RD-19585,Athens,Georgia,30605.0,South
CA-2016-131072,05/11/2016,05/11/2016,Same Day,KL-16645,Seattle,Washington,98105.0,West
CA-2015-131541,28/07/2015,28/07/2015,Same Day,CK-12205,Apopka,Florida,32712.0,South
CA-2016-119550,26/12/2016,31/12/2016,Standard Class,RB-19705,Houston,Texas,77070.0,Central
US-2016-138093,10/12/2016,16/12/2016,Standard Class,KM-16225,Baltimore,Maryland,21215.0,East
CA-2017-126165,05/05/2017,07/05/2017,Second Class,AH-10465,San Francisco,California,94109.0,West
CA-2018-126123,14/10/2018,18/10/2018,Standard Class,AG-10765,Chicago,Illinois,60623.0,Central
CA-2017-143441,05/11/2017,05/11/2017,Same Day,EB-14170,Laredo,Texas,78041.0,Central
CA-2018-148320,03/11/2018,08/11/2018,Standard Class,PG-18895,San Francisco,California,94109.0,West
CA-2017-125661,24/11/2017,26/11/2017,First Class,CA-12055,Cleveland,Ohio,44105.0,East
US-2015-123519,14/12/2015,21/12/2015,Standard Class,SS-20875,Marion,Ohio,43302.0,East
CA-2015-155593,03/11/2015,08/11/2015,Standard Class,RP-19390,Fairfield,Connecticut,6824.0,East
CA-2018-136000,22/09/2018,25/09/2018,Second Class,SC-20440,New York City,New York,10009.0,East
US-2016-160857,08/05/2016,15/05/2016,Standard Class,NW-18400,New York City,New York,10024.0,East
CA-2018-115805,31/07/2018,31/07/2018,Same Day,KW-16435,Chicago,Illinois,60653.0,Central
US-2015-143707,01/03/2015,05/03/2015,Standard Class,HR-14770,New York City,New York,10035.0,East
CA-2018-116939,25/09/2018,29/09/2018,Standard Class,AG-10900,Richmond,Virginia,23223.0,South
CA-2016-124107,09/10/2016,12/10/2016,Second Class,BM-11650,Ann Arbor,Michigan,48104.0,Central
CA-2018-126550,29/03/2018,02/04/2018,Second Class,RD-19720,Lafayette,Indiana,47905.0,Central
CA-2016-138674,14/11/2016,17/11/2016,First Class,KB-16585,Springfield,Oregon,97477.0,West
CA-2017-165820,26/09/2017,30/09/2017,Standard Class,DW-13585,San Francisco,California,94109.0,West
CA-2015-103191,22/09/2015,27/09/2015,Standard Class,VG-21805,Chicago,Illinois,60653.0,Central
CA-2016-103933,25/09/2016,27/09/2016,First Class,DR-12880,New York City,New York,10011.0,East
CA-2016-110548,04/05/2016,08/05/2016,Standard Class,AH-10690,Houston,Texas,77095.0,Central
CA-2018-117324,08/12/2018,13/12/2018,Standard Class,JP-15520,Madison,Wisconsin,53711.0,Central
CA-2018-143574,29/06/2018,02/07/2018,First Class,DR-12880,Milford,Connecticut,6460.0,East
CA-2015-111773,29/06/2015,03/07/2015,Standard Class,JK-15625,New York City,New York,10024.0,East
CA-2015-148614,20/01/2015,25/01/2015,Standard Class,MV-17485,Los Angeles,California,90049.0,West
CA-2017-156139,31/12/2017,06/01/2018,Standard Class,BP-11155,San Francisco,California,94109.0,West
US-2018-147886,28/03/2018,31/03/2018,First Class,DH-13075,Fairfield,California,94533.0,West
CA-2017-113733,08/12/2017,12/12/2017,Standard Class,LH-16900,Greenville,North Carolina,27834.0,South
CA-2018-104913,18/11/2018,22/11/2018,Standard Class,DK-13090,Long Beach,New York,11561.0,East
CA-2015-145800,30/05/2015,05/06/2015,Standard Class,SS-20410,Buffalo Grove,Illinois,60089.0,Central
CA-2017-125850,22/01/2017,28/01/2017,Standard Class,FP-14320,San Diego,California,92037.0,West
CA-2017-118514,03/02/2017,10/02/2017,Standard Class,LC-17050,Richmond,Kentucky,40475.0,South
CA-2016-150749,29/03/2016,03/04/2016,Second Class,AS-10240,Springfield,Virginia,22153.0,South
CA-2015-163748,14/10/2015,18/10/2015,Standard Class,HG-15025,Fort Worth,Texas,76106.0,Central
CA-2016-119634,11/08/2016,16/08/2016,Standard Class,BW-11065,Raleigh,North Carolina,27604.0,South
CA-2016-149300,22/11/2016,23/11/2016,First Class,BH-11710,Hialeah,Florida,33012.0,South
US-2017-111528,30/12/2017,30/12/2017,Same Day,JP-16135,Los Angeles,California,90032.0,West
CA-2018-158169,12/08/2018,15/08/2018,First Class,JM-16195,Lake Forest,California,92630.0,West
CA-2016-162047,03/11/2016,05/11/2016,First Class,FH-14365,Long Beach,New York,11561.0,East
CA-2016-117772,10/09/2016,12/09/2016,Second Class,MC-17575,Seattle,Washington,98103.0,West
US-2015-126340,08/11/2015,14/11/2015,Standard Class,EB-13870,Redding,California,96003.0,West
CA-2017-149685,08/10/2017,15/10/2017,Standard Class,PM-19135,San Antonio,Texas,78207.0,Central
CA-2018-126396,08/09/2018,12/09/2018,Second Class,AR-10345,Houston,Texas,77070.0,Central
CA-2016-154900,25/02/2016,01/03/2016,Standard Class,SS-20875,Leominster,Massachusetts,1453.0,East
CA-2016-103835,24/09/2016,28/09/2016,Standard Class,SC-20440,Los Angeles,California,90032.0,West
CA-2016-158939,26/11/2016,01/12/2016,Standard Class,EA-14035,Springfield,Missouri,65807.0,Central
CA-2017-117408,31/08/2017,06/09/2017,Standard Class,TP-21130,Waco,Texas,76706.0,Central
CA-2017-142398,12/04/2017,16/04/2017,Standard Class,BP-11290,Los Angeles,California,90036.0,West
CA-2017-105277,04/12/2017,08/12/2017,Standard Class,LM-17065,Auburn,New York,13021.0,East
CA-2017-112060,04/12/2017,09/12/2017,Standard Class,KT-16465,San Francisco,California,94109.0,West
CA-2015-105270,11/11/2015,18/11/2015,Standard Class,AP-10915,Los Angeles,California,90008.0,West
US-2016-159513,02/04/2016,09/04/2016,Standard Class,JD-15790,Los Angeles,California,90049.0,West
CA-2016-155586,12/12/2016,16/12/2016,Second Class,XP-21865,Chico,California,95928.0,West
CA-2018-141117,02/10/2018,08/10/2018,Standard Class,JK-16090,Springfield,Oregon,97477.0,West
CA-2018-115070,10/04/2018,14/04/2018,Second Class,MG-18205,Jacksonville,Florida,32216.0,South
CA-2018-140186,29/09/2018,02/10/2018,First Class,PG-18820,Bakersfield,California,93309.0,West
CA-2015-124856,29/09/2015,03/10/2015,Second Class,LD-17005,New York City,New York,10011.0,East
CA-2015-166716,20/08/2015,25/08/2015,Second Class,CR-12730,Chicago,Illinois,60610.0,Central
CA-2015-123225,11/07/2015,14/07/2015,First Class,MN-17935,El Paso,Texas,79907.0,Central
CA-2016-163440,22/03/2016,24/03/2016,First Class,RD-19900,Thousand Oaks,California,91360.0,West
US-2018-106796,12/05/2018,19/05/2018,Standard Class,JP-16135,Springfield,Ohio,45503.0,East
CA-2018-113873,13/11/2018,19/11/2018,Standard Class,KE-16420,Dallas,Texas,75220.0,Central
CA-2017-149783,04/09/2017,07/09/2017,Second Class,DL-13315,Knoxville,Tennessee,37918.0,South
CA-2017-125017,06/02/2017,11/02/2017,Standard Class,KB-16240,Chattanooga,Tennessee,37421.0,South
US-2016-163279,22/03/2016,26/03/2016,Standard Class,JD-16150,San Diego,California,92037.0,West
CA-2016-150196,02/07/2016,03/07/2016,First Class,SR-20740,New York City,New York,10024.0,East
US-2016-106495,15/06/2016,17/06/2016,First Class,AC-10450,Tampa,Florida,33614.0,South
CA-2015-124730,26/11/2015,26/11/2015,Same Day,LS-17245,Utica,New York,13501.0,East
CA-2018-117632,12/05/2018,18/05/2018,Standard Class,CS-12175,San Francisco,California,94122.0,West
CA-2015-115056,02/05/2015,02/05/2015,Same Day,AR-10510,Columbus,Ohio,43229.0,East
CA-2018-161067,03/09/2018,06/09/2018,Second Class,KB-16405,New York City,New York,10035.0,East
CA-2017-122063,03/12/2017,07/12/2017,Standard Class,MM-17920,Richmond,Indiana,47374.0,Central
CA-2016-111206,18/07/2016,22/07/2016,Standard Class,RF-19735,San Diego,California,92105.0,West
CA-2017-142895,21/07/2017,26/07/2017,Standard Class,BP-11290,Concord,North Carolina,28027.0,South
CA-2016-101868,09/06/2016,16/06/2016,Standard Class,MJ-17740,Miami,Florida,33178.0,South
CA-2018-133207,27/11/2018,03/12/2018,Standard Class,DO-13645,Los Angeles,California,90036.0,West
CA-2016-132948,27/03/2016,03/04/2016,Standard Class,MV-17485,Seattle,Washington,98115.0,West
CA-2016-134992,22/09/2016,26/09/2016,Second Class,MG-17875,Arlington,Virginia,22204.0,South
CA-2016-126725,17/11/2016,21/11/2016,Standard Class,BS-11665,San Diego,California,92105.0,West
CA-2016-121783,10/11/2016,14/11/2016,Standard Class,PO-19180,Roseville,Minnesota,55113.0,Central
US-2015-138835,10/09/2015,14/09/2015,Standard Class,DA-13450,Virginia Beach,Virginia,23464.0,South
CA-2016-112214,05/08/2016,11/08/2016,Standard Class,AH-10690,Dallas,Texas,75220.0,Central
US-2018-153255,03/09/2018,07/09/2018,Second Class,JK-15730,Concord,California,94521.0,West
CA-2016-108119,01/11/2016,08/11/2016,Standard Class,MS-17530,Conway,Arkansas,72032.0,South
CA-2016-157434,29/04/2016,04/05/2016,Second Class,JK-15640,Philadelphia,Pennsylvania,19120.0,East
CA-2017-101525,01/05/2017,04/05/2017,Second Class,CM-12235,Little Rock,Arkansas,72209.0,South
US-2015-117968,05/08/2015,07/08/2015,Second Class,RS-19420,Meriden,Connecticut,6450.0,East
CA-2017-158211,04/01/2017,08/01/2017,Standard Class,BP-11185,Philadelphia,Pennsylvania,19143.0,East
CA-2017-152247,07/11/2017,12/11/2017,Standard Class,MA-17995,Cheyenne,Wyoming,82001.0,West
CA-2017-128223,14/06/2017,14/06/2017,Same Day,EB-13705,Anaheim,California,92804.0,West
CA-2017-154235,24/09/2017,28/09/2017,Standard Class,RD-19900,Bloomington,Indiana,47401.0,Central
CA-2018-129910,30/03/2018,03/04/2018,Standard Class,ME-17320,Columbus,Georgia,31907.0,South
CA-2018-133095,04/06/2018,04/06/2018,Same Day,EH-14005,Jonesboro,Arkansas,72401.0,South
CA-2016-130554,07/04/2016,09/04/2016,First Class,FM-14290,Philadelphia,Pennsylvania,19140.0,East
CA-2015-152443,21/05/2015,26/05/2015,Standard Class,FG-14260,Lawrence,Massachusetts,1841.0,East
CA-2017-133319,05/09/2017,11/09/2017,Standard Class,MV-17485,New York City,New York,10011.0,East
CA-2017-133935,18/09/2017,22/09/2017,Standard Class,JW-15220,San Diego,California,92105.0,West
CA-2017-136301,13/03/2017,15/03/2017,Second Class,EH-13765,San Francisco,California,94109.0,West
US-2015-109456,16/10/2015,17/10/2015,Same Day,LS-17245,San Francisco,California,94110.0,West
CA-2018-151596,08/10/2018,11/10/2018,First Class,BP-11050,Cranston,Rhode Island,2920.0,East
CA-2016-147879,07/05/2016,12/05/2016,Standard Class,CC-12220,Owensboro,Kentucky,42301.0,South
CA-2017-166625,14/04/2017,17/04/2017,First Class,JM-15580,Baltimore,Maryland,21215.0,East
CA-2017-146157,21/11/2017,26/11/2017,Standard Class,RD-19720,Chicago,Illinois,60610.0,Central
CA-2018-159954,10/09/2018,14/09/2018,Standard Class,SS-20410,Atlanta,Georgia,30318.0,South
CA-2018-100825,09/09/2018,14/09/2018,Standard Class,KD-16495,Los Angeles,California,90036.0,West
CA-2015-168305,01/11/2015,08/11/2015,Standard Class,PL-18925,Los Angeles,California,90049.0,West
CA-2017-167682,03/04/2017,09/04/2017,Standard Class,ZD-21925,Richmond,Indiana,47374.0,Central
CA-2018-108000,12/01/2018,16/01/2018,Standard Class,LS-16945,San Francisco,California,94110.0,West
CA-2016-146465,20/11/2016,24/11/2016,Standard Class,PB-18805,San Francisco,California,94122.0,West
CA-2017-159639,27/11/2017,02/12/2017,Standard Class,PC-18745,Westfield,New Jersey,7090.0,East
US-2018-153948,06/11/2018,06/11/2018,Same Day,FM-14290,San Francisco,California,94122.0,West
US-2017-113985,02/12/2017,07/12/2017,Standard Class,KD-16495,San Jose,California,95123.0,West
CA-2017-155383,17/12/2017,22/12/2017,Standard Class,SC-20680,Seattle,Washington,98115.0,West
CA-2015-120432,24/08/2015,26/08/2015,Second Class,DW-13585,Owensboro,Kentucky,42301.0,South
US-2016-126977,17/09/2016,23/09/2016,Standard Class,PF-19120,New York City,New York,10035.0,East
CA-2017-130288,26/11/2017,30/11/2017,Second Class,DK-13225,New York City,New York,10011.0,East
CA-2018-146458,19/11/2018,22/11/2018,Second Class,RB-19435,Springfield,Virginia,22153.0,South
CA-2018-150420,03/06/2018,08/06/2018,Standard Class,GD-14590,Bellingham,Washington,98226.0,West
US-2015-118997,08/04/2015,12/04/2015,Standard Class,RA-19885,Decatur,Alabama,35601.0,South
CA-2015-114314,11/10/2015,15/10/2015,Standard Class,DB-13555,Fayetteville,Arkansas,72701.0,South
US-2018-169551,07/07/2018,09/07/2018,First Class,RL-19615,Philadelphia,Pennsylvania,19120.0,East
CA-2017-103107,04/07/2017,04/07/2017,Same Day,RB-19465,Seattle,Washington,98103.0,West
CA-2018-122077,19/05/2018,25/05/2018,Standard Class,JF-15295,Plano,Texas,75023.0,Central
CA-2018-112431,12/10/2018,14/10/2018,Second Class,RW-19690,Los Angeles,California,90049.0,West
CA-2017-151092,06/08/2017,13/08/2017,Standard Class,VG-21790,Los Angeles,California,90032.0,West
CA-2015-104178,25/08/2015,29/08/2015,Standard Class,JM-15265,Los Angeles,California,90036.0,West
CA-2016-115924,14/09/2016,18/09/2016,Second Class,BE-11455,Des Moines,Iowa,50315.0,Central
CA-2018-161046,05/03/2018,05/03/2018,Same Day,CB-12535,Southaven,Mississippi,38671.0,South
US-2018-141698,15/04/2018,21/04/2018,Standard Class,SD-20485,Houston,Texas,77041.0,Central
US-2015-105151,30/03/2015,31/03/2015,First Class,SG-20890,New York City,New York,10009.0,East
CA-2015-155796,11/11/2015,15/11/2015,Second Class,TS-21430,Reading,Pennsylvania,19601.0,East
CA-2017-127138,12/03/2017,15/03/2017,Second Class,DK-13225,San Francisco,California,94109.0,West
CA-2018-150602,09/02/2018,14/02/2018,Second Class,ML-17395,Los Angeles,California,90045.0,West
CA-2015-140732,11/11/2015,13/11/2015,Second Class,MA-17560,Los Angeles,California,90004.0,West
CA-2018-119011,20/08/2018,25/08/2018,Standard Class,LR-17035,San Francisco,California,94109.0,West
CA-2017-166912,15/01/2017,17/01/2017,First Class,BE-11335,New York City,New York,10009.0,East
CA-2015-141726,20/07/2015,22/07/2015,First Class,CC-12145,San Diego,California,92105.0,West
CA-2018-115105,06/02/2018,11/02/2018,Standard Class,BD-11770,New York City,New York,10024.0,East
CA-2016-143980,25/12/2016,29/12/2016,Standard Class,JK-15640,New York City,New York,10011.0,East
CA-2017-135636,08/10/2017,13/10/2017,Standard Class,DB-13615,Charlotte,North Carolina,28205.0,South
CA-2018-102155,13/07/2018,17/07/2018,Standard Class,RR-19525,Overland Park,Kansas,66212.0,Central
CA-2018-116953,24/04/2018,25/04/2018,First Class,SV-20935,Mesa,Arizona,85204.0,West
CA-2015-117765,07/09/2015,13/09/2015,Standard Class,RB-19465,Tulsa,Oklahoma,74133.0,Central
CA-2017-114895,21/11/2017,28/11/2017,Standard Class,MV-18190,New York City,New York,10035.0,East
CA-2018-112984,16/09/2018,18/09/2018,Second Class,EH-14185,Philadelphia,Pennsylvania,19143.0,East
CA-2017-163776,19/07/2017,25/07/2017,Standard Class,JS-16030,Hattiesburg,Mississippi,39401.0,South
US-2018-163300,15/09/2018,21/09/2018,Standard Class,ES-14020,Los Angeles,California,90049.0,West
CA-2017-162187,11/12/2017,11/12/2017,Same Day,NS-18640,Columbus,Ohio,43229.0,East
US-2015-112991,10/12/2015,14/12/2015,Standard Class,SH-19975,Caldwell,Idaho,83605.0,West
CA-2015-124079,13/12/2015,17/12/2015,Standard Class,RF-19345,Phoenix,Arizona,85023.0,West
US-2018-146878,21/09/2018,27/09/2018,Standard Class,DL-12865,Miami,Florida,33142.0,South
CA-2018-107244,07/09/2018,11/09/2018,Standard Class,AG-10390,Los Angeles,California,90004.0,West
CA-2016-100657,02/11/2016,07/11/2016,Standard Class,SW-20245,Troy,New York,12180.0,East
CA-2018-129581,11/12/2018,18/12/2018,Standard Class,KN-16390,New Bedford,Massachusetts,2740.0,East
CA-2018-129028,01/04/2018,03/04/2018,First Class,GB-14530,Florence,South Carolina,29501.0,South
CA-2016-135580,30/12/2016,03/01/2017,Standard Class,CL-12565,Los Angeles,California,90049.0,West
CA-2017-159016,10/03/2017,11/03/2017,First Class,KF-16285,Los Angeles,California,90008.0,West
CA-2015-102652,06/04/2015,12/04/2015,Standard Class,AY-10555,Los Angeles,California,90049.0,West
CA-2015-152422,05/10/2015,10/10/2015,Second Class,BD-11635,Columbus,Ohio,43229.0,East
US-2017-156692,13/08/2017,13/08/2017,Same Day,HG-15025,Kenner,Louisiana,70065.0,South
CA-2015-130869,17/11/2015,21/11/2015,Standard Class,CB-12025,Cedar Hill,Texas,75104.0,Central
US-2018-128832,24/04/2018,27/04/2018,First Class,LS-16945,Providence,Rhode Island,2908.0,East
CA-2018-139717,24/08/2018,26/08/2018,Second Class,DM-13015,Lancaster,Ohio,43130.0,East
CA-2018-136007,23/02/2018,02/03/2018,Standard Class,AC-10615,Seattle,Washington,98115.0,West
CA-2017-157364,19/11/2017,21/11/2017,First Class,LT-17110,Jacksonville,North Carolina,28540.0,South
US-2017-112970,14/11/2017,15/11/2017,First Class,TB-21250,Los Angeles,California,90049.0,West
US-2018-152492,06/07/2018,06/07/2018,Same Day,AH-10585,Miami,Florida,33142.0,South
CA-2017-101168,25/12/2017,01/01/2018,Standard Class,SS-20140,Nashua,New Hampshire,3060.0,East
CA-2018-104010,23/04/2018,25/04/2018,First Class,TD-20995,New York City,New York,10011.0,East
CA-2016-130253,14/12/2016,18/12/2016,Standard Class,PP-18955,Los Angeles,California,90036.0,West
US-2016-155369,19/04/2016,25/04/2016,Standard Class,PG-18820,Carrollton,Texas,75007.0,Central
CA-2017-131205,04/09/2017,08/09/2017,Standard Class,AA-10645,Georgetown,Kentucky,40324.0,South
CA-2018-122364,24/09/2018,29/09/2018,Standard Class,FA-14230,Los Angeles,California,90008.0,West
CA-2017-117912,04/02/2017,08/02/2017,Standard Class,TB-21520,Sierra Vista,Arizona,85635.0,West
CA-2018-145702,19/05/2018,24/05/2018,Second Class,AH-10075,Knoxville,Tennessee,37918.0,South
CA-2016-113215,03/09/2016,08/09/2016,Standard Class,CP-12085,Tucson,Arizona,85705.0,West
CA-2017-154662,09/06/2017,16/06/2017,Standard Class,BF-11215,Minneapolis,Minnesota,55407.0,Central
CA-2016-105571,07/11/2016,11/11/2016,Standard Class,CP-12340,Miami,Florida,33142.0,South
CA-2017-152765,15/06/2017,18/06/2017,First Class,LS-17245,Houston,Texas,77036.0,Central
CA-2016-153878,25/04/2016,30/04/2016,Standard Class,TS-21655,Milwaukee,Wisconsin,53209.0,Central
CA-2017-124016,23/09/2017,26/09/2017,Second Class,JS-15940,Lancaster,Ohio,43130.0,East
CA-2017-113551,18/08/2017,20/08/2017,First Class,NF-18385,Edinburg,Texas,78539.0,Central
CA-2015-107524,02/03/2015,08/03/2015,Standard Class,KN-16705,New York City,New York,10009.0,East
CA-2015-138072,30/12/2015,03/01/2016,Standard Class,GA-14725,Philadelphia,Pennsylvania,19120.0,East
CA-2016-134201,10/04/2016,16/04/2016,Standard Class,EH-14125,Rochester,New York,14609.0,East
CA-2016-111780,25/12/2016,30/12/2016,Second Class,RA-19285,San Diego,California,92037.0,West
CA-2016-119942,05/04/2016,07/04/2016,First Class,TT-21070,Philadelphia,Pennsylvania,19120.0,East
CA-2016-151547,17/01/2016,23/01/2016,Standard Class,AH-10465,Bartlett,Tennessee,38134.0,South
CA-2018-166695,20/05/2018,24/05/2018,Standard Class,CC-12430,Lakewood,California,90712.0,West
CA-2018-167542,13/08/2018,20/08/2018,Standard Class,KD-16495,Philadelphia,Pennsylvania,19120.0,East
CA-2016-120901,31/12/2016,04/01/2017,Standard Class,BG-11035,Austin,Texas,78745.0,Central
CA-2018-121398,25/12/2018,29/12/2018,Standard Class,FH-14365,Los Angeles,California,90008.0,West
CA-2017-151561,01/09/2017,07/09/2017,Standard Class,PG-18820,New York City,New York,10011.0,East
CA-2018-154676,05/08/2018,08/08/2018,First Class,NZ-18565,Houston,Texas,77070.0,Central
US-2015-165589,18/02/2015,18/02/2015,Same Day,TB-21595,Lubbock,Texas,79424.0,Central
US-2017-132577,22/11/2017,27/11/2017,Standard Class,JE-15475,Houston,Texas,77095.0,Central
CA-2016-114048,14/12/2016,18/12/2016,Standard Class,EH-13945,Costa Mesa,California,92627.0,West
CA-2016-137281,13/06/2016,17/06/2016,Standard Class,BF-10975,Roswell,Georgia,30076.0,South
US-2018-162068,28/12/2018,31/12/2018,Second Class,PC-18745,Loveland,Colorado,80538.0,West
CA-2018-100111,20/09/2018,26/09/2018,Standard Class,SV-20365,New York City,New York,10035.0,East
US-2018-132381,22/08/2018,24/08/2018,First Class,Dp-13240,Philadelphia,Pennsylvania,19143.0,East
CA-2016-147011,18/06/2016,22/06/2016,Standard Class,HR-14830,Miami,Florida,33178.0,South
CA-2015-120852,20/12/2015,25/12/2015,Standard Class,WB-21850,Grand Prairie,Texas,75051.0,Central
CA-2017-150007,11/09/2017,16/09/2017,Standard Class,AS-10090,Chicago,Illinois,60653.0,Central
CA-2017-124590,12/11/2017,16/11/2017,Standard Class,SP-20920,Parma,Ohio,44134.0,East
CA-2017-133802,14/03/2017,20/03/2017,Standard Class,SP-20650,Redwood City,California,94061.0,West
US-2017-113677,13/11/2017,19/11/2017,Standard Class,CM-12655,New York City,New York,10011.0,East
CA-2018-143378,19/09/2018,25/09/2018,Standard Class,JR-16210,Springfield,Oregon,97477.0,West
CA-2018-152660,04/12/2018,09/12/2018,Standard Class,CB-12415,Chicago,Illinois,60610.0,Central
CA-2016-142139,31/08/2016,05/09/2016,Standard Class,SD-20485,Bedford,Texas,76021.0,Central
CA-2018-145772,03/06/2018,07/06/2018,Standard Class,SS-20140,Los Angeles,California,90036.0,West
CA-2017-124100,31/03/2017,06/04/2017,Standard Class,EH-13990,New York City,New York,10009.0,East
US-2015-158400,25/10/2015,28/10/2015,First Class,AH-10030,San Francisco,California,94109.0,West
CA-2018-162033,26/03/2018,02/04/2018,Standard Class,EM-14200,Virginia Beach,Virginia,23464.0,South
CA-2015-163447,27/12/2015,31/12/2015,Standard Class,TB-21190,New York City,New York,10011.0,East
CA-2018-145737,15/09/2018,20/09/2018,Standard Class,AB-10165,Lebanon,Tennessee,37087.0,South
CA-2017-148096,16/08/2017,19/08/2017,First Class,AO-10810,Los Angeles,California,90045.0,West
CA-2017-146766,04/11/2017,04/11/2017,Same Day,TT-21220,Chula Vista,California,91911.0,West
CA-2016-105613,18/10/2016,22/10/2016,Standard Class,KN-16705,Mcallen,Texas,78501.0,Central
US-2017-142251,31/10/2017,04/11/2017,Second Class,FO-14305,Hollywood,Florida,33021.0,South
CA-2015-131247,30/03/2015,04/04/2015,Standard Class,GA-14725,San Francisco,California,94110.0,West
US-2016-113593,18/04/2016,20/04/2016,First Class,NC-18415,Santa Maria,California,93454.0,West
CA-2018-121083,09/07/2018,15/07/2018,Standard Class,JF-15190,Manchester,Connecticut,6040.0,East
CA-2018-151190,27/06/2018,01/07/2018,Standard Class,GT-14710,Omaha,Nebraska,68104.0,Central
CA-2015-133543,22/12/2015,26/12/2015,Standard Class,KM-16660,San Jose,California,95123.0,West
CA-2018-105130,21/11/2018,25/11/2018,Standard Class,PJ-18835,San Francisco,California,94122.0,West
CA-2017-161928,27/06/2017,29/06/2017,Second Class,AC-10660,San Francisco,California,94109.0,West
CA-2018-101322,28/12/2018,31/12/2018,First Class,JG-15310,Long Beach,California,90805.0,West
US-2017-106600,08/04/2017,11/04/2017,First Class,RM-19375,Columbus,Georgia,31907.0,South
CA-2015-111871,18/03/2015,21/03/2015,Second Class,EK-13795,San Francisco,California,94110.0,West
CA-2018-139437,03/07/2018,08/07/2018,Standard Class,RD-19585,Los Angeles,California,90004.0,West
CA-2018-151484,20/04/2018,23/04/2018,First Class,CV-12805,Philadelphia,Pennsylvania,19120.0,East
CA-2017-104150,03/08/2017,05/08/2017,Second Class,AG-10330,Tulsa,Oklahoma,74133.0,Central
CA-2017-161025,03/12/2017,09/12/2017,Standard Class,GM-14440,Los Angeles,California,90049.0,West
CA-2015-103989,19/03/2015,21/03/2015,First Class,MC-17605,Lakeland,Florida,33801.0,South
CA-2016-142433,20/04/2016,25/04/2016,Standard Class,ES-14020,Houston,Texas,77036.0,Central
CA-2016-132815,19/09/2016,22/09/2016,Second Class,RW-19540,Los Angeles,California,90008.0,West
CA-2015-101266,27/08/2015,30/08/2015,Second Class,MM-17920,Springfield,Virginia,22153.0,South
CA-2017-141523,19/12/2017,24/12/2017,Second Class,MH-17440,New York City,New York,10035.0,East
US-2015-106299,02/08/2015,08/08/2015,Standard Class,NZ-18565,Springfield,Missouri,65807.0,Central
CA-2016-158421,21/09/2016,26/09/2016,Standard Class,GB-14575,Columbia,South Carolina,29203.0,South
CA-2017-143609,11/12/2017,13/12/2017,First Class,DB-13270,Portland,Oregon,97206.0,West
CA-2016-138331,07/08/2016,12/08/2016,Standard Class,JK-15625,Philadelphia,Pennsylvania,19120.0,East
CA-2016-138954,15/11/2016,17/11/2016,First Class,MH-17785,New York City,New York,10035.0,East
CA-2018-157903,04/04/2018,08/04/2018,Standard Class,AM-10705,Des Plaines,Illinois,60016.0,Central
CA-2017-157259,24/12/2017,28/12/2017,Standard Class,JM-15535,New York City,New York,10035.0,East
CA-2018-107986,13/12/2018,13/12/2018,Same Day,MW-18220,Seattle,Washington,98103.0,West
CA-2018-104927,22/12/2018,26/12/2018,Standard Class,AG-10330,Houston,Texas,77095.0,Central
CA-2018-113453,21/10/2018,28/10/2018,Standard Class,CM-12160,Philadelphia,Pennsylvania,19143.0,East
CA-2016-149909,13/11/2016,17/11/2016,Standard Class,RA-19915,Columbus,Indiana,47201.0,Central
CA-2016-146675,16/04/2016,20/04/2016,Standard Class,SB-20185,Evanston,Illinois,60201.0,Central
CA-2017-118332,16/12/2017,23/12/2017,Standard Class,PK-19075,Apple Valley,California,92307.0,West
CA-2017-133669,21/10/2017,27/10/2017,Standard Class,SV-20935,Columbus,Ohio,43229.0,East
CA-2018-145660,01/12/2018,03/12/2018,First Class,MG-17650,Marion,Ohio,43302.0,East
CA-2017-133697,20/10/2017,24/10/2017,Second Class,CM-12445,Houston,Texas,77095.0,Central
CA-2018-148138,29/09/2018,03/10/2018,Standard Class,ME-18010,Marion,Ohio,43302.0,East
CA-2018-119809,18/08/2018,25/08/2018,Standard Class,YS-21880,Seattle,Washington,98103.0,West
CA-2018-149944,12/11/2018,16/11/2018,Second Class,MB-17305,Longview,Washington,98632.0,West
CA-2015-128538,11/10/2015,15/10/2015,Standard Class,AS-10240,Redondo Beach,California,90278.0,West
CA-2016-161711,28/11/2016,03/12/2016,Standard Class,MC-17425,New York City,New York,10035.0,East
US-2016-129553,27/07/2016,02/08/2016,Standard Class,PG-18820,Louisville,Kentucky,40214.0,South
CA-2017-160220,20/10/2017,26/10/2017,Standard Class,JS-16030,Trenton,Michigan,48183.0,Central
US-2018-157224,14/09/2018,18/09/2018,Second Class,JB-16000,Los Angeles,California,90045.0,West
CA-2018-140627,23/12/2018,27/12/2018,Standard Class,DK-12985,Hendersonville,Tennessee,37075.0,South
CA-2016-133445,05/10/2016,09/10/2016,Standard Class,JF-15490,Portland,Oregon,97206.0,West
CA-2015-148782,02/11/2015,07/11/2015,Standard Class,PO-18850,Irving,Texas,75061.0,Central
CA-2017-148208,22/01/2017,27/01/2017,Standard Class,BT-11530,Cleveland,Ohio,44105.0,East
CA-2018-127656,11/07/2018,17/07/2018,Standard Class,NW-18400,Waterloo,Iowa,50701.0,Central
US-2018-142188,11/09/2018,11/09/2018,Same Day,JF-15415,Seattle,Washington,98105.0,West
CA-2017-144400,23/02/2017,27/02/2017,Standard Class,AC-10420,Philadelphia,Pennsylvania,19120.0,East
US-2017-155180,22/01/2017,29/01/2017,Standard Class,TB-21280,New York City,New York,10009.0,East
CA-2016-134075,12/12/2016,16/12/2016,Standard Class,HA-14905,San Jose,California,95123.0,West
US-2017-131912,29/10/2017,01/11/2017,Second Class,LH-17155,Los Angeles,California,90008.0,West
CA-2018-141572,28/05/2018,31/05/2018,Second Class,LO-17170,Concord,New Hampshire,3301.0,East
CA-2015-134621,21/12/2015,28/12/2015,Standard Class,DP-13390,Columbia,Tennessee,38401.0,South
CA-2017-165561,24/11/2017,28/11/2017,Standard Class,CR-12580,Bellevue,Washington,98006.0,West
CA-2016-112305,20/11/2016,25/11/2016,Standard Class,KB-16405,Seattle,Washington,98105.0,West
CA-2018-121580,29/05/2018,04/06/2018,Standard Class,ML-17410,Columbus,Indiana,47201.0,Central
CA-2015-101147,02/12/2015,04/12/2015,First Class,MC-17575,Chicago,Illinois,60623.0,Central
CA-2015-165806,07/04/2015,07/04/2015,Same Day,VM-21685,Marietta,Georgia,30062.0,South
CA-2016-151624,08/09/2016,14/09/2016,Standard Class,VW-21775,Montgomery,Alabama,36116.0,South
CA-2018-139444,09/09/2018,15/09/2018,Standard Class,GK-14620,Plano,Texas,75023.0,Central
CA-2016-133977,06/09/2016,08/09/2016,Second Class,AT-10435,Tamarac,Florida,33319.0,South
CA-2018-141425,02/11/2018,06/11/2018,Second Class,AR-10825,Columbus,Ohio,43229.0,East
CA-2016-133536,28/03/2016,30/03/2016,Second Class,JH-15820,New York City,New York,10009.0,East
CA-2016-150441,13/08/2016,17/08/2016,Second Class,RA-19285,Richmond,Indiana,47374.0,Central
CA-2016-162607,12/05/2016,18/05/2016,Standard Class,RO-19780,Seattle,Washington,98115.0,West
CA-2018-103506,23/07/2018,27/07/2018,Standard Class,LR-17035,Long Beach,New York,11561.0,East
CA-2017-132479,24/09/2017,26/09/2017,First Class,MK-17905,Rockford,Illinois,61107.0,Central
CA-2018-160724,05/05/2018,10/05/2018,Standard Class,YS-21880,Columbus,Georgia,31907.0,South
US-2017-115952,06/10/2017,06/10/2017,Same Day,JH-15910,Tulsa,Oklahoma,74133.0,Central
CA-2015-146731,03/11/2015,08/11/2015,Standard Class,AT-10735,Nashville,Tennessee,37211.0,South
CA-2016-115392,01/10/2016,04/10/2016,Second Class,RM-19675,Cambridge,Massachusetts,2138.0,East
CA-2018-102379,02/12/2018,06/12/2018,Standard Class,BB-11545,Oakland,California,94601.0,West
CA-2018-149706,11/12/2018,12/12/2018,First Class,AS-10285,Palatine,Illinois,60067.0,Central
US-2017-139087,17/07/2017,22/07/2017,Second Class,DK-13375,Seattle,Washington,98105.0,West
CA-2018-152226,12/05/2018,16/05/2018,Standard Class,JH-15910,Cincinnati,Ohio,45231.0,East
CA-2016-116484,20/11/2016,26/11/2016,Standard Class,JK-15205,Marion,Ohio,43302.0,East
CA-2017-100944,24/09/2017,28/09/2017,Standard Class,EH-13765,Los Angeles,California,90049.0,West
CA-2017-125080,21/10/2017,26/10/2017,Standard Class,VW-21775,Lakewood,Ohio,44107.0,East
CA-2017-121020,24/10/2017,31/10/2017,Standard Class,CG-12040,Lebanon,Tennessee,37087.0,South
CA-2015-100090,08/07/2015,12/07/2015,Standard Class,EB-13705,San Francisco,California,94122.0,West
US-2016-139675,13/03/2016,18/03/2016,Second Class,NF-18595,Chico,California,95928.0,West
CA-2018-143756,02/12/2018,05/12/2018,First Class,ME-17725,Salem,Virginia,24153.0,South
CA-2016-151253,22/04/2016,26/04/2016,Standard Class,AZ-10750,Los Angeles,California,90008.0,West
CA-2015-141152,16/09/2015,19/09/2015,First Class,RF-19345,New York City,New York,10024.0,East
CA-2015-141313,28/12/2015,01/01/2016,Standard Class,AJ-10780,Beverly,Massachusetts,1915.0,East
CA-2015-169852,21/10/2015,26/10/2015,Standard Class,SF-20965,San Diego,California,92024.0,West
CA-2018-107314,30/11/2018,03/12/2018,First Class,MZ-17335,San Francisco,California,94109.0,West
US-2015-161305,06/06/2015,12/06/2015,Standard Class,SB-20170,Chicago,Illinois,60623.0,Central
CA-2018-166919,23/11/2018,27/11/2018,Standard Class,AH-10210,Dallas,Texas,75220.0,Central
CA-2018-162712,18/06/2018,20/06/2018,Second Class,NK-18490,Corpus Christi,Texas,78415.0,Central
CA-2018-107552,05/05/2018,05/05/2018,Same Day,AI-10855,New York City,New York,10035.0,East
CA-2017-163328,04/11/2017,06/11/2017,Second Class,TP-21565,Eugene,Oregon,97405.0,West
CA-2015-112837,11/09/2015,16/09/2015,Standard Class,LW-17125,Oxnard,California,93030.0,West
CA-2018-120019,16/02/2018,21/02/2018,Standard Class,NG-18355,Fairfield,Connecticut,6824.0,East
CA-2015-100762,24/11/2015,29/11/2015,Standard Class,NG-18355,Jackson,Michigan,49201.0,Central
CA-2018-161459,25/11/2018,29/11/2018,Second Class,EB-13750,Laguna Niguel,California,92677.0,West
CA-2018-160017,28/09/2018,02/10/2018,Standard Class,SP-20860,Jacksonville,Florida,32216.0,South
CA-2015-123316,13/10/2015,17/10/2015,Standard Class,SP-20545,Mount Vernon,New York,10550.0,East
CA-2015-141299,03/06/2015,07/06/2015,Second Class,RB-19795,Midland,Michigan,48640.0,Central
CA-2015-104402,17/06/2015,23/06/2015,Standard Class,DB-13660,Newark,Delaware,19711.0,East
CA-2016-110289,29/10/2016,02/11/2016,Standard Class,NB-18655,San Francisco,California,94109.0,West
CA-2015-167927,20/01/2015,26/01/2015,Standard Class,XP-21865,Westland,Michigan,48185.0,Central
CA-2015-133305,11/07/2015,15/07/2015,Standard Class,MH-17455,New York City,New York,10011.0,East
CA-2017-165995,30/08/2017,06/09/2017,Standard Class,BG-11740,Los Angeles,California,90008.0,West
CA-2018-143112,05/10/2018,09/10/2018,Standard Class,TS-21370,New York City,New York,10035.0,East
US-2017-105830,31/12/2017,02/01/2018,First Class,DB-13660,Lancaster,Ohio,43130.0,East
CA-2016-146255,07/03/2016,10/03/2016,First Class,EM-14140,Newark,Delaware,19711.0,East
CA-2018-104822,20/10/2018,20/10/2018,Same Day,RB-19465,New York City,New York,10024.0,East
CA-2016-104486,01/05/2016,06/05/2016,Standard Class,PO-18850,San Francisco,California,94109.0,West
CA-2018-161557,03/09/2018,08/09/2018,Standard Class,AG-10900,Dallas,Texas,75217.0,Central
CA-2018-161130,03/11/2018,08/11/2018,Standard Class,BF-11275,Miami,Florida,33178.0,South
US-2016-161347,13/09/2016,19/09/2016,Standard Class,HG-14845,Philadelphia,Pennsylvania,19120.0,East
US-2016-109015,06/09/2016,12/09/2016,Standard Class,BS-11590,New York City,New York,10011.0,East
CA-2015-110611,06/10/2015,13/10/2015,Standard Class,JD-16015,Philadelphia,Pennsylvania,19120.0,East
CA-2018-139080,23/01/2018,28/01/2018,Standard Class,CS-12250,Seattle,Washington,98103.0,West
CA-2016-115693,10/12/2016,15/12/2016,Standard Class,FC-14245,Los Angeles,California,90032.0,West
US-2015-107993,25/11/2015,30/11/2015,Standard Class,SE-20110,Springfield,Oregon,97477.0,West
CA-2018-110443,21/11/2018,25/11/2018,Standard Class,CK-12205,Renton,Washington,98059.0,West
CA-2018-144848,04/04/2018,05/04/2018,First Class,DS-13030,New York City,New York,10009.0,East
US-2018-147998,19/05/2018,24/05/2018,Standard Class,SA-20830,San Jose,California,95123.0,West
CA-2017-103919,03/10/2017,07/10/2017,Standard Class,TP-21565,Grand Prairie,Texas,75051.0,Central
CA-2017-113425,21/11/2017,21/11/2017,Same Day,JK-16120,New York City,New York,10009.0,East
CA-2018-143035,03/10/2018,05/10/2018,Second Class,CC-12430,New York City,New York,10009.0,East
CA-2015-107811,29/04/2015,03/05/2015,Standard Class,LA-16780,Memphis,Tennessee,38109.0,South
CA-2017-163216,07/10/2017,10/10/2017,First Class,AW-10930,Philadelphia,Pennsylvania,19143.0,East
US-2017-116442,15/12/2017,22/12/2017,Standard Class,BP-11230,Los Angeles,California,90004.0,West
CA-2018-150623,10/04/2018,14/04/2018,Standard Class,DB-13360,Waterbury,Connecticut,6708.0,East
US-2015-163797,08/04/2015,13/04/2015,Standard Class,PC-19000,Chandler,Arizona,85224.0,West
CA-2017-127236,29/03/2017,02/04/2017,Standard Class,TB-21595,Springfield,Ohio,45503.0,East
US-2018-104661,15/01/2018,18/01/2018,First Class,TB-21250,Austin,Texas,78745.0,Central
CA-2015-134103,30/01/2015,04/02/2015,Standard Class,MV-18190,Detroit,Michigan,48234.0,Central
CA-2016-147529,07/02/2016,11/02/2016,Standard Class,DK-12835,Springfield,Virginia,22153.0,South
CA-2017-129126,14/12/2017,19/12/2017,Standard Class,PK-19075,New York City,New York,10011.0,East
CA-2018-131632,31/10/2018,04/11/2018,Standard Class,AH-10120,Dallas,Texas,75217.0,Central
CA-2018-151981,06/08/2018,12/08/2018,Standard Class,GM-14455,Concord,New Hampshire,3301.0,East
CA-2018-125472,30/05/2018,31/05/2018,First Class,BD-11725,Lafayette,Louisiana,70506.0,South
CA-2016-156328,30/11/2016,05/12/2016,Standard Class,RM-19375,Raleigh,North Carolina,27604.0,South
CA-2018-154074,31/08/2018,02/09/2018,Second Class,BW-11110,Spokane,Washington,99207.0,West
CA-2018-161774,14/05/2018,15/05/2018,First Class,GT-14710,Houston,Texas,77041.0,Central
CA-2018-151211,17/08/2018,23/08/2018,Standard Class,AH-10120,Louisville,Kentucky,40214.0,South
CA-2018-142671,10/11/2018,14/11/2018,Second Class,DR-12940,Hollywood,Florida,33021.0,South
CA-2018-144750,21/08/2018,21/08/2018,Same Day,DL-13495,Chandler,Arizona,85224.0,West
CA-2017-111976,08/03/2017,12/03/2017,Standard Class,BD-11620,Philadelphia,Pennsylvania,19120.0,East
CA-2017-140130,31/10/2017,05/11/2017,Standard Class,HW-14935,Tulsa,Oklahoma,74133.0,Central
CA-2015-159121,26/07/2015,01/08/2015,Standard Class,JO-15145,Draper,Utah,84020.0,West
CA-2016-149650,24/10/2016,27/10/2016,First Class,RD-19660,Oakland,California,94601.0,West
CA-2018-115777,19/08/2018,24/08/2018,Standard Class,DO-13645,Lawrence,Massachusetts,1841.0,East
CA-2017-143714,23/05/2017,27/05/2017,Standard Class,CC-12370,Philadelphia,Pennsylvania,19120.0,East
CA-2015-165764,03/11/2015,07/11/2015,Standard Class,SH-20395,Jacksonville,North Carolina,28540.0,South
CA-2016-121405,30/03/2016,04/04/2016,Standard Class,FC-14335,Chicago,Illinois,60610.0,Central
US-2018-116897,27/05/2018,29/05/2018,First Class,JG-15160,Pocatello,Idaho,83201.0,West
US-2018-113992,14/12/2018,19/12/2018,Standard Class,LC-16885,Plano,Texas,75023.0,Central
CA-2015-166891,04/10/2015,06/10/2015,First Class,CC-12220,New York City,New York,10024.0,East
CA-2017-101161,13/10/2017,20/10/2017,Standard Class,BW-11110,New York City,New York,10024.0,East
CA-2016-151785,05/03/2016,10/03/2016,Standard Class,JJ-15445,Chicago,Illinois,60623.0,Central
US-2018-119816,04/03/2018,06/03/2018,Second Class,TT-21460,Houston,Texas,77095.0,Central
CA-2016-156510,25/09/2016,29/09/2016,Standard Class,EH-13990,Meriden,Connecticut,6450.0,East
US-2016-110261,19/12/2016,23/12/2016,Second Class,PR-18880,Glenview,Illinois,60025.0,Central
CA-2016-125710,08/10/2016,13/10/2016,Standard Class,BT-11680,Houston,Texas,77036.0,Central
CA-2018-161102,31/07/2018,03/08/2018,First Class,EC-14050,San Francisco,California,94110.0,West
CA-2015-110065,05/08/2015,11/08/2015,Standard Class,SP-20650,New York City,New York,10009.0,East
US-2018-133361,14/05/2018,17/05/2018,First Class,AJ-10780,Baltimore,Maryland,21215.0,East
US-2017-155404,22/09/2017,28/09/2017,Standard Class,AS-10630,Louisville,Kentucky,40214.0,South
CA-2016-114503,13/11/2016,17/11/2016,Standard Class,AA-10375,Lebanon,Tennessee,37087.0,South
CA-2018-153080,22/05/2018,25/05/2018,Second Class,EH-13945,Los Angeles,California,90008.0,West
CA-2017-163804,02/12/2017,08/12/2017,Standard Class,DB-13270,Providence,Rhode Island,2908.0,East
CA-2016-108532,29/08/2016,02/09/2016,Standard Class,CC-12100,Detroit,Michigan,48234.0,Central
CA-2015-151897,06/06/2015,10/06/2015,Standard Class,VT-21700,Houston,Texas,77070.0,Central
CA-2017-113292,18/03/2017,20/03/2017,Second Class,DB-13060,Columbia,Tennessee,38401.0,South
CA-2015-149524,14/01/2015,15/01/2015,First Class,BS-11590,Philadelphia,Pennsylvania,19140.0,East
CA-2018-140872,03/06/2018,10/06/2018,Standard Class,NR-18550,Pembroke Pines,Florida,33024.0,South
CA-2018-113908,03/06/2018,09/06/2018,Standard Class,KN-16390,New York City,New York,10011.0,East
CA-2016-120621,21/03/2016,26/03/2016,Standard Class,JW-16075,Jacksonville,North Carolina,28540.0,South
US-2018-148866,19/09/2018,24/09/2018,Standard Class,JM-15535,New York City,New York,10011.0,East
CA-2015-149594,15/09/2015,19/09/2015,Standard Class,MF-18250,Philadelphia,Pennsylvania,19120.0,East
CA-2017-113845,20/11/2017,25/11/2017,Standard Class,FA-14230,Orlando,Florida,32839.0,South
CA-2018-111262,28/10/2018,01/11/2018,Second Class,KH-16510,Houston,Texas,77095.0,Central
CA-2016-103135,24/07/2016,28/07/2016,Standard Class,SS-20515,Louisville,Kentucky,40214.0,South
CA-2015-129147,02/11/2015,06/11/2015,Standard Class,LC-17050,Medina,Ohio,44256.0,East
CA-2018-128265,17/11/2018,22/11/2018,Second Class,VW-21775,New York City,New York,10011.0,East
CA-2017-152331,26/06/2017,30/06/2017,Standard Class,LD-16855,Chicago,Illinois,60653.0,Central
US-2017-128909,09/10/2017,11/10/2017,Second Class,SP-20545,Philadelphia,Pennsylvania,19143.0,East
CA-2018-102197,20/12/2018,26/12/2018,Standard Class,DK-13150,New York City,New York,10009.0,East
CA-2018-167640,06/03/2018,10/03/2018,Standard Class,FC-14245,San Francisco,California,94109.0,West
US-2018-116652,15/09/2018,19/09/2018,Standard Class,RD-19480,San Francisco,California,94122.0,West
CA-2018-138289,16/01/2018,18/01/2018,Second Class,AR-10540,Jackson,Michigan,49201.0,Central
CA-2017-129308,07/07/2017,13/07/2017,Standard Class,CC-12100,Philadelphia,Pennsylvania,19120.0,East
CA-2017-157791,23/12/2017,28/12/2017,Second Class,CA-11965,Warwick,Rhode Island,2886.0,East
CA-2015-146864,22/12/2015,26/12/2015,Standard Class,BT-11530,New York City,New York,10024.0,East
CA-2015-103744,23/02/2015,27/02/2015,Standard Class,MG-17875,El Paso,Texas,79907.0,Central
US-2018-107384,04/12/2018,08/12/2018,Standard Class,TP-21130,Rochester,Minnesota,55901.0,Central
CA-2015-128209,17/11/2015,22/11/2015,Standard Class,GT-14710,Buffalo,New York,14215.0,East
CA-2015-169684,20/10/2015,23/10/2015,First Class,FH-14365,Knoxville,Tennessee,37918.0,South
CA-2016-109862,25/10/2016,30/10/2016,Standard Class,HK-14890,Newark,Delaware,19711.0,East
US-2018-107888,16/11/2018,19/11/2018,First Class,CC-12220,Seattle,Washington,98103.0,West
US-2018-154872,14/05/2018,18/05/2018,Standard Class,DP-13000,Cleveland,Ohio,44105.0,East
CA-2015-113880,01/03/2015,05/03/2015,Standard Class,VF-21715,Elmhurst,Illinois,60126.0,Central
US-2016-164966,30/07/2016,01/08/2016,First Class,GH-14410,Lakeville,Minnesota,55044.0,Central
CA-2016-126739,01/11/2016,03/11/2016,Second Class,JH-16180,New York City,New York,10035.0,East
CA-2018-161578,16/12/2018,21/12/2018,Second Class,RB-19465,Los Angeles,California,90036.0,West
CA-2015-137092,20/10/2015,22/10/2015,Second Class,LS-16975,Chicago,Illinois,60653.0,Central
CA-2016-166947,05/06/2016,10/06/2016,Standard Class,EB-13750,Buffalo,New York,14215.0,East
CA-2017-160941,21/07/2017,26/07/2017,Standard Class,DK-12835,Roseville,California,95661.0,West
CA-2018-144680,31/03/2018,02/04/2018,First Class,SC-20260,Arlington,Texas,76017.0,Central
CA-2015-166086,07/05/2015,12/05/2015,Standard Class,CT-11995,Lawrence,Massachusetts,1841.0,East
CA-2018-131282,05/02/2018,08/02/2018,Second Class,CB-12025,Waco,Texas,76706.0,Central
CA-2015-100678,18/04/2015,22/04/2015,Standard Class,KM-16720,Houston,Texas,77095.0,Central
CA-2017-161543,10/05/2017,16/05/2017,Standard Class,RD-19720,Seattle,Washington,98105.0,West
CA-2017-160535,25/11/2017,30/11/2017,Standard Class,BP-11050,Plainfield,New Jersey,7060.0,East
CA-2018-123085,03/03/2018,08/03/2018,Standard Class,EJ-13720,Los Angeles,California,90008.0,West
CA-2016-153752,06/12/2016,11/12/2016,Second Class,RO-19780,Arlington,Virginia,22204.0,South
CA-2015-103660,25/08/2015,30/08/2015,Standard Class,MW-18220,Seattle,Washington,98103.0,West
CA-2017-169887,22/10/2017,22/10/2017,Same Day,MS-17530,Seattle,Washington,98105.0,West
CA-2017-148516,07/08/2017,11/08/2017,Standard Class,DW-13585,Edmonds,Washington,98026.0,West
CA-2018-104731,21/07/2018,27/07/2018,Standard Class,AM-10705,Salem,Virginia,24153.0,South
CA-2015-164749,23/03/2015,26/03/2015,First Class,BG-11740,Delray Beach,Florida,33445.0,South
CA-2016-103716,30/04/2016,06/05/2016,Standard Class,KB-16585,San Francisco,California,94110.0,West
CA-2017-126795,13/06/2017,16/06/2017,Second Class,GT-14710,New York City,New York,10024.0,East
CA-2016-146290,04/05/2016,11/05/2016,Standard Class,SV-20815,Indianapolis,Indiana,46203.0,Central
CA-2018-157112,23/04/2018,26/04/2018,First Class,GG-14650,Columbus,Ohio,43229.0,East
CA-2015-169257,06/06/2015,12/06/2015,Standard Class,SV-20785,Jacksonville,Florida,32216.0,South
CA-2015-154095,02/12/2015,07/12/2015,Standard Class,ON-18715,Clinton,Maryland,20735.0,East
CA-2018-146346,17/06/2018,20/06/2018,First Class,RA-19945,Commerce City,Colorado,80022.0,West
CA-2017-148852,26/05/2017,31/05/2017,Standard Class,SV-20785,Santa Ana,California,92704.0,West
US-2016-118906,10/03/2016,10/03/2016,Same Day,KB-16585,Clinton,Maryland,20735.0,East
CA-2017-168921,20/10/2017,22/10/2017,First Class,AG-10495,Los Angeles,California,90049.0,West
CA-2016-107678,21/04/2016,28/04/2016,Standard Class,JK-16090,Louisville,Kentucky,40214.0,South
CA-2017-123512,17/06/2017,19/06/2017,First Class,MV-18190,Los Angeles,California,90045.0,West
US-2018-167402,13/01/2018,18/01/2018,Second Class,CP-12085,Springfield,Missouri,65807.0,Central
CA-2015-130449,06/09/2015,09/09/2015,First Class,VP-21760,San Francisco,California,94109.0,West
CA-2016-141250,19/01/2016,23/01/2016,Standard Class,PM-18940,Texas City,Texas,77590.0,Central
CA-2015-145541,14/12/2015,21/12/2015,Standard Class,TB-21400,New York City,New York,10024.0,East
CA-2015-138513,23/05/2015,27/05/2015,Standard Class,EH-13990,Bellevue,Washington,98006.0,West
CA-2016-135489,19/09/2016,22/09/2016,Second Class,GW-14605,New York City,New York,10024.0,East
CA-2016-125696,02/10/2016,06/10/2016,Standard Class,NP-18685,Wilson,North Carolina,27893.0,South
CA-2017-105081,25/12/2017,30/12/2017,Standard Class,JE-15715,Seattle,Washington,98115.0,West
US-2017-146857,06/05/2017,08/05/2017,Second Class,BE-11455,Springfield,Missouri,65807.0,Central
CA-2017-166275,24/10/2017,24/10/2017,Same Day,SS-20590,San Francisco,California,94109.0,West
CA-2018-144498,06/05/2018,06/05/2018,Same Day,MB-18085,Charlotte,North Carolina,28205.0,South
CA-2018-103352,27/11/2018,30/11/2018,Second Class,RP-19390,New York City,New York,10011.0,East
CA-2015-108609,31/10/2015,02/11/2015,Second Class,AJ-10780,Lorain,Ohio,44052.0,East
CA-2018-128328,05/08/2018,09/08/2018,Standard Class,PO-18865,Indianapolis,Indiana,46203.0,Central
US-2016-156496,10/08/2016,16/08/2016,Standard Class,WB-21850,Redmond,Oregon,97756.0,West
US-2017-127334,15/12/2017,21/12/2017,Standard Class,MP-18175,Springfield,Oregon,97477.0,West
US-2018-124779,08/09/2018,11/09/2018,First Class,BF-11020,Arlington,Texas,76017.0,Central
CA-2018-135937,20/02/2018,27/02/2018,Standard Class,KM-16375,Gilbert,Arizona,85234.0,West
CA-2016-129322,08/08/2016,10/08/2016,Second Class,DB-13405,Lawrence,Massachusetts,1841.0,East
CA-2018-162173,26/10/2018,01/11/2018,Standard Class,OT-18730,Virginia Beach,Virginia,23464.0,South
CA-2017-115483,14/07/2017,18/07/2017,Second Class,JS-15880,Irving,Texas,75061.0,Central
CA-2018-122175,12/05/2018,14/05/2018,Second Class,CA-12775,Vineland,New Jersey,8360.0,East
CA-2018-161088,25/05/2018,29/05/2018,Standard Class,MH-18115,Columbus,Georgia,31907.0,South
CA-2015-154837,23/08/2015,27/08/2015,Second Class,RB-19645,Los Angeles,California,90032.0,West
CA-2016-153794,11/09/2016,16/09/2016,Standard Class,SB-20290,San Diego,California,92024.0,West
CA-2016-135510,05/09/2016,12/09/2016,Standard Class,TW-21025,Charlottesville,Virginia,22901.0,South
CA-2016-109337,21/11/2016,23/11/2016,Second Class,DL-13330,Lawrence,Indiana,46226.0,Central
CA-2015-150329,10/10/2015,14/10/2015,Standard Class,SD-20485,Phoenix,Arizona,85023.0,West
CA-2018-145037,02/09/2018,07/09/2018,Second Class,TB-21055,Meriden,Connecticut,6450.0,East
CA-2018-154466,01/01/2018,02/01/2018,First Class,DP-13390,Franklin,Wisconsin,53132.0,Central
CA-2015-109134,05/11/2015,10/11/2015,Standard Class,DE-13255,Los Angeles,California,90008.0,West
US-2016-129637,17/12/2016,22/12/2016,Standard Class,MC-18100,Bloomington,Illinois,61701.0,Central
CA-2016-165162,14/05/2016,21/05/2016,Standard Class,HG-15025,Los Angeles,California,90032.0,West
CA-2018-140494,10/03/2018,15/03/2018,Second Class,CM-11815,San Francisco,California,94109.0,West
CA-2018-104108,02/12/2018,09/12/2018,Standard Class,RP-19855,Houston,Texas,77095.0,Central
US-2018-165869,31/07/2018,05/08/2018,Standard Class,LS-17200,Milwaukee,Wisconsin,53209.0,Central
CA-2018-160899,11/08/2018,13/08/2018,Second Class,DR-12940,Lake Charles,Louisiana,70601.0,South
CA-2018-144225,30/09/2018,02/10/2018,Second Class,CC-12475,Baltimore,Maryland,21215.0,East
US-2017-163538,26/08/2017,30/08/2017,Standard Class,SS-20515,Franklin,Wisconsin,53132.0,Central
US-2017-155103,02/12/2017,07/12/2017,Standard Class,JF-15190,New York City,New York,10024.0,East
CA-2018-145429,21/07/2018,25/07/2018,Standard Class,SW-20455,San Diego,California,92024.0,West
CA-2016-153535,20/05/2016,24/05/2016,Standard Class,SG-20470,Wilson,North Carolina,27893.0,South
CA-2016-139164,23/06/2016,28/06/2016,Standard Class,CS-12355,Long Beach,California,90805.0,West
CA-2017-112277,10/09/2017,15/09/2017,Standard Class,SC-20695,Fort Lauderdale,Florida,33311.0,South
CA-2015-167724,13/04/2015,18/04/2015,Standard Class,BF-11170,Baltimore,Maryland,21215.0,East
CA-2016-123141,14/11/2016,19/11/2016,Standard Class,GZ-14470,Rio Rancho,New Mexico,87124.0,West
CA-2017-149503,09/12/2017,12/12/2017,First Class,SP-20650,Stockton,California,95207.0,West
CA-2018-163069,18/08/2018,21/08/2018,Second Class,PJ-19015,Columbus,Ohio,43229.0,East
CA-2018-107629,14/12/2018,14/12/2018,Same Day,DB-13060,Skokie,Illinois,60076.0,Central
CA-2017-134789,08/04/2017,15/04/2017,Standard Class,CK-12325,Hot Springs,Arkansas,71901.0,South
CA-2017-130442,16/12/2017,19/12/2017,First Class,SF-20065,Goldsboro,North Carolina,27534.0,South
CA-2018-102974,19/09/2018,24/09/2018,Standard Class,DP-13105,Los Angeles,California,90032.0,West
US-2018-166394,04/09/2018,06/09/2018,Second Class,VM-21835,Nashua,New Hampshire,3060.0,East
CA-2017-128811,12/09/2017,16/09/2017,Standard Class,SF-20200,Seattle,Washington,98103.0,West
CA-2018-145443,10/08/2018,15/08/2018,Second Class,SC-20695,Richmond,Indiana,47374.0,Central
CA-2017-165827,04/11/2017,09/11/2017,Standard Class,MF-17665,Miami,Florida,33180.0,South
CA-2016-156734,18/06/2016,20/06/2016,First Class,BV-11245,Smyrna,Tennessee,37167.0,South
CA-2015-120096,04/07/2015,07/07/2015,First Class,KE-16420,Aurora,Colorado,80013.0,West
CA-2016-141754,20/12/2016,25/12/2016,Standard Class,EM-14200,Miami,Florida,33142.0,South
CA-2017-123358,10/04/2017,17/04/2017,Standard Class,BT-11680,San Francisco,California,94122.0,West
CA-2015-144029,26/05/2015,31/05/2015,Standard Class,MM-18055,Chicago,Illinois,60623.0,Central
US-2018-101784,06/07/2018,11/07/2018,Standard Class,PO-18850,Los Angeles,California,90008.0,West
CA-2016-156923,16/02/2016,20/02/2016,Standard Class,SP-20860,Dover,New Hampshire,3820.0,East
CA-2018-111269,16/06/2018,18/06/2018,Second Class,CS-12355,Dublin,Ohio,43017.0,East
CA-2018-159156,13/11/2018,16/11/2018,First Class,KB-16600,New York City,New York,10009.0,East
CA-2018-100230,11/12/2018,15/12/2018,Standard Class,AA-10375,New York City,New York,10035.0,East
CA-2017-154767,28/06/2017,30/06/2017,Second Class,BP-11155,Paterson,New Jersey,7501.0,East
CA-2018-124205,15/09/2018,19/09/2018,Standard Class,TC-21145,Lakewood,New Jersey,8701.0,East
CA-2018-165715,02/12/2018,08/12/2018,Standard Class,BG-11035,Greensboro,North Carolina,27405.0,South
CA-2018-100636,26/06/2018,30/06/2018,Standard Class,DO-13435,New York City,New York,10035.0,East
CA-2017-162943,24/07/2017,26/07/2017,Second Class,DB-12970,New York City,New York,10035.0,East
CA-2017-144764,02/09/2017,08/09/2017,Standard Class,RL-19615,Chicago,Illinois,60623.0,Central
CA-2018-100615,20/04/2018,24/04/2018,Standard Class,SJ-20215,Chicago,Illinois,60653.0,Central
CA-2015-109302,12/08/2015,16/08/2015,Standard Class,CS-12175,Lakewood,New Jersey,8701.0,East
CA-2018-139787,19/09/2018,23/09/2018,Standard Class,JP-16135,Columbus,Georgia,31907.0,South
CA-2018-139402,09/12/2018,13/12/2018,Standard Class,NC-18535,Phoenix,Arizona,85023.0,West
CA-2017-119018,04/11/2017,08/11/2017,Standard Class,CW-11905,Los Angeles,California,90004.0,West
CA-2016-105361,29/03/2016,04/04/2016,Standard Class,CM-12115,New York City,New York,10024.0,East
US-2017-152373,05/09/2017,11/09/2017,Standard Class,PT-19090,San Antonio,Texas,78207.0,Central
US-2018-166037,28/01/2018,01/02/2018,Standard Class,CL-12700,New York City,New York,10009.0,East
US-2017-147711,03/09/2017,08/09/2017,Second Class,HF-14995,Baltimore,Maryland,21215.0,East
CA-2018-121293,25/07/2018,28/07/2018,Second Class,JC-15775,Philadelphia,Pennsylvania,19143.0,East
CA-2016-118843,13/09/2016,20/09/2016,Standard Class,JH-15910,Atlanta,Georgia,30318.0,South
CA-2016-161445,07/09/2016,09/09/2016,Second Class,CC-12610,Durham,North Carolina,27707.0,South
CA-2017-124527,16/11/2017,17/11/2017,First Class,IM-15055,Roseville,California,95661.0,West
CA-2017-162348,10/11/2017,15/11/2017,Standard Class,BF-11170,Sacramento,California,95823.0,West
CA-2015-141005,15/08/2015,18/08/2015,First Class,CS-12355,Fairfield,Connecticut,6824.0,East
CA-2016-145394,16/11/2016,20/11/2016,Standard Class,MC-17605,Chicago,Illinois,60610.0,Central
CA-2016-168809,25/08/2016,25/08/2016,Same Day,MC-18100,Houston,Texas,77041.0,Central
CA-2017-109827,25/12/2017,01/01/2018,Standard Class,LW-16825,Phoenix,Arizona,85023.0,West
CA-2015-152233,05/10/2015,06/10/2015,First Class,KH-16510,Pomona,California,91767.0,West
CA-2015-125682,22/11/2015,25/11/2015,First Class,RB-19645,Atlanta,Georgia,30318.0,South
CA-2018-162880,25/12/2018,29/12/2018,Standard Class,GD-14590,Everett,Washington,98208.0,West
CA-2016-128125,31/03/2016,05/04/2016,Standard Class,EB-13705,Houston,Texas,77095.0,Central
CA-2018-156237,14/09/2018,15/09/2018,First Class,PS-18760,Philadelphia,Pennsylvania,19140.0,East
CA-2015-144414,17/06/2015,21/06/2015,Standard Class,GH-14425,Seattle,Washington,98105.0,West
CA-2018-163860,28/12/2018,01/01/2019,Standard Class,LO-17170,Peoria,Illinois,61604.0,Central
US-2018-115609,02/11/2018,07/11/2018,Standard Class,CS-12505,Los Angeles,California,90036.0,West
CA-2016-154291,25/07/2016,29/07/2016,Standard Class,YS-21880,Montgomery,Alabama,36116.0,South
CA-2017-118689,02/10/2017,09/10/2017,Standard Class,TC-20980,Lafayette,Indiana,47905.0,Central
CA-2017-140438,24/12/2017,27/12/2017,Second Class,PW-19030,New York City,New York,10009.0,East
US-2018-123204,21/07/2018,27/07/2018,Standard Class,CS-11860,New York City,New York,10024.0,East
CA-2016-112522,10/10/2016,17/10/2016,Standard Class,DP-13165,Chicago,Illinois,60610.0,Central
CA-2017-153101,08/09/2017,08/09/2017,Same Day,PJ-19015,Santa Ana,California,92704.0,West
CA-2017-142615,20/11/2017,24/11/2017,Standard Class,BM-11575,Montebello,California,90640.0,West
CA-2018-142643,15/10/2018,20/10/2018,Standard Class,DL-13495,Thousand Oaks,California,91360.0,West
CA-2016-116260,06/07/2016,12/07/2016,Standard Class,BF-10975,Vineland,New Jersey,8360.0,East
CA-2018-107517,05/02/2018,09/02/2018,Standard Class,FC-14335,Torrance,California,90503.0,West
CA-2016-166338,06/12/2016,07/12/2016,First Class,MP-18175,Troy,Ohio,45373.0,East
CA-2017-123946,12/09/2017,17/09/2017,Standard Class,AJ-10795,Springfield,Virginia,22153.0,South
CA-2015-147543,06/07/2015,12/07/2015,Standard Class,BC-11125,El Cajon,California,92020.0,West
US-2017-159093,09/05/2017,14/05/2017,Standard Class,RS-19420,Los Angeles,California,90036.0,West
CA-2017-162110,18/07/2017,22/07/2017,Standard Class,NP-18670,Phoenix,Arizona,85023.0,West
US-2017-163461,18/06/2017,21/06/2017,First Class,BT-11440,Frankfort,Illinois,60423.0,Central
CA-2015-101462,20/04/2015,25/04/2015,Standard Class,BP-11230,Los Angeles,California,90045.0,West
US-2017-100461,08/01/2017,12/01/2017,Standard Class,JO-15145,Franklin,Wisconsin,53132.0,Central
US-2018-162670,23/12/2018,28/12/2018,Second Class,MF-18250,Little Rock,Arkansas,72209.0,South
CA-2018-128965,17/04/2018,22/04/2018,Standard Class,PS-18760,Los Angeles,California,90008.0,West
CA-2018-138618,01/12/2018,08/12/2018,Standard Class,MY-17380,San Antonio,Texas,78207.0,Central
US-2017-126452,21/08/2017,28/08/2017,Standard Class,SC-20230,Los Angeles,California,90004.0,West
CA-2017-145009,05/12/2017,08/12/2017,Second Class,RF-19345,Chicago,Illinois,60610.0,Central
CA-2016-162544,16/12/2016,19/12/2016,First Class,SG-20080,Seattle,Washington,98105.0,West
CA-2015-124394,17/10/2015,22/10/2015,Second Class,TB-21520,Beaumont,Texas,77705.0,Central
US-2017-121013,05/09/2017,10/09/2017,Standard Class,MM-17920,Chesapeake,Virginia,23320.0,South
US-2016-123918,15/10/2016,15/10/2016,Same Day,CG-12520,Dallas,Texas,75217.0,Central
CA-2016-137113,01/12/2016,05/12/2016,Second Class,TW-21025,Seattle,Washington,98105.0,West
CA-2016-120677,31/05/2016,04/06/2016,Standard Class,BD-11320,Minneapolis,Minnesota,55407.0,Central
CA-2018-123036,10/09/2018,17/09/2018,Standard Class,HA-14905,Springfield,Ohio,45503.0,East
CA-2018-120222,25/04/2018,02/05/2018,Standard Class,LL-16840,Los Angeles,California,90032.0,West
CA-2018-164756,18/09/2018,22/09/2018,Standard Class,SS-20140,Columbus,Georgia,31907.0,South
CA-2018-122028,18/08/2018,25/08/2018,Standard Class,CK-12205,Lakewood,Ohio,44107.0,East
US-2016-165512,24/05/2016,26/05/2016,Second Class,VS-21820,Naperville,Illinois,60540.0,Central
CA-2016-140557,07/09/2016,11/09/2016,Standard Class,TN-21040,New York City,New York,10009.0,East
US-2018-135013,24/07/2018,24/07/2018,Same Day,HR-14830,Huntington Beach,California,92646.0,West
CA-2018-111220,02/09/2018,08/09/2018,Standard Class,JS-15595,Chicago,Illinois,60653.0,Central
US-2018-149006,06/12/2018,08/12/2018,Second Class,BN-11470,Brentwood,California,94513.0,West
CA-2018-149468,20/05/2018,20/05/2018,Same Day,AR-10405,Trenton,Michigan,48183.0,Central
CA-2017-140249,27/09/2017,03/10/2017,Standard Class,SW-20455,Seattle,Washington,98103.0,West
US-2018-135503,10/12/2018,15/12/2018,Standard Class,JE-16165,North Charleston,South Carolina,29406.0,South
CA-2015-126277,13/09/2015,18/09/2015,Second Class,LH-16900,Columbus,Ohio,43229.0,East
US-2018-115301,29/07/2018,02/08/2018,Standard Class,VG-21790,Seattle,Washington,98103.0,West
CA-2018-168942,01/08/2018,05/08/2018,Second Class,EM-13960,San Francisco,California,94109.0,West
US-2018-128398,02/05/2018,05/05/2018,Second Class,EM-13825,Los Angeles,California,90049.0,West
CA-2016-104115,12/06/2016,16/06/2016,Standard Class,JH-15910,West Palm Beach,Florida,33407.0,South
CA-2015-142510,22/12/2015,29/12/2015,Standard Class,NP-18700,Chicago,Illinois,60623.0,Central
CA-2015-124247,16/12/2015,21/12/2015,Standard Class,SH-20635,Sacramento,California,95823.0,West
CA-2017-105473,16/04/2017,18/04/2017,Second Class,BM-11785,Seattle,Washington,98115.0,West
CA-2016-102806,21/05/2016,28/05/2016,Standard Class,HG-14965,Philadelphia,Pennsylvania,19143.0,East
CA-2018-121706,26/02/2018,02/03/2018,Standard Class,BM-11140,Santa Barbara,California,93101.0,West
CA-2018-109211,04/04/2018,10/04/2018,Standard Class,PS-19045,New York City,New York,10011.0,East
CA-2016-134257,16/03/2016,19/03/2016,Second Class,MS-17710,Auburn,Alabama,36830.0,South
CA-2016-137925,30/11/2016,04/12/2016,Standard Class,JL-15235,New York City,New York,10035.0,East
CA-2017-140046,28/07/2017,03/08/2017,Standard Class,KM-16660,Los Angeles,California,90032.0,West
CA-2017-140382,23/06/2017,25/06/2017,Second Class,RD-19900,San Francisco,California,94109.0,West
CA-2015-164182,14/07/2015,18/07/2015,Standard Class,ST-20530,Philadelphia,Pennsylvania,19140.0,East
CA-2018-137365,30/11/2018,03/12/2018,Second Class,BP-11095,El Paso,Texas,79907.0,Central
CA-2017-129847,02/09/2017,04/09/2017,First Class,TA-21385,Chicago,Illinois,60653.0,Central
CA-2015-126963,15/06/2015,15/06/2015,Same Day,PS-18760,El Paso,Texas,79907.0,Central
CA-2017-125094,05/11/2017,09/11/2017,Standard Class,NP-18700,Seattle,Washington,98105.0,West
CA-2018-107132,26/06/2018,30/06/2018,Standard Class,SC-20260,New York City,New York,10009.0,East
CA-2016-139248,25/07/2016,30/07/2016,Standard Class,RD-19930,Los Angeles,California,90032.0,West
CA-2015-148369,23/09/2015,27/09/2015,Standard Class,TH-21115,Newark,Delaware,19711.0,East
CA-2017-106243,30/09/2017,04/10/2017,Standard Class,GM-14680,New York City,New York,10011.0,East
CA-2016-126466,09/11/2016,13/11/2016,Standard Class,JO-15550,Roseville,California,95661.0,West
CA-2016-130365,25/04/2016,29/04/2016,Standard Class,ZC-21910,Aurora,Illinois,60505.0,Central
CA-2018-143021,19/11/2018,19/11/2018,Same Day,AP-10720,New York City,New York,10011.0,East
CA-2016-161767,20/11/2016,24/11/2016,Standard Class,GK-14620,Dallas,Texas,75217.0,Central
CA-2016-129917,02/10/2016,03/10/2016,First Class,HM-14980,Los Angeles,California,90008.0,West
CA-2016-115420,25/04/2016,02/05/2016,Standard Class,LS-16945,Los Angeles,California,90004.0,West
CA-2017-157588,14/07/2017,19/07/2017,Standard Class,AR-10570,Columbus,Georgia,31907.0,South
CA-2016-167255,27/09/2016,29/09/2016,Second Class,RH-19510,San Francisco,California,94110.0,West
CA-2018-162096,10/11/2018,10/11/2018,Same Day,TB-21190,Riverside,California,92503.0,West
CA-2017-157161,16/07/2017,20/07/2017,Second Class,JD-15895,Columbia,South Carolina,29203.0,South
CA-2016-110765,16/10/2016,20/10/2016,Second Class,MP-17965,New York City,New York,10011.0,East
CA-2017-163937,10/01/2017,13/01/2017,Second Class,JB-16000,Longview,Washington,98632.0,West
CA-2018-153822,19/09/2018,25/09/2018,Standard Class,AB-10105,Phoenix,Arizona,85023.0,West
CA-2018-146185,15/09/2018,19/09/2018,Standard Class,CC-12145,Houston,Texas,77095.0,Central
CA-2016-112144,28/06/2016,02/07/2016,Standard Class,CY-12745,Gilbert,Arizona,85234.0,West
US-2017-119298,25/11/2017,28/11/2017,First Class,EP-13915,Jonesboro,Arkansas,72401.0,South
CA-2018-155159,25/11/2018,29/11/2018,Second Class,DL-13315,Atlanta,Georgia,30318.0,South
CA-2018-149076,14/01/2018,19/01/2018,Standard Class,SO-20335,Los Angeles,California,90036.0,West
CA-2015-146990,07/11/2015,08/11/2015,First Class,BP-11095,New York City,New York,10024.0,East
CA-2017-116526,01/09/2017,05/09/2017,Standard Class,JA-15970,Detroit,Michigan,48227.0,Central
CA-2018-158561,11/11/2018,16/11/2018,Second Class,BB-11545,Fort Lauderdale,Florida,33311.0,South
CA-2018-165099,11/12/2018,13/12/2018,First Class,DK-13375,Abilene,Texas,79605.0,Central
CA-2016-109386,08/11/2016,13/11/2016,Second Class,RH-19600,Hampton,Virginia,23666.0,South
CA-2016-166800,19/11/2016,26/11/2016,Standard Class,AG-10300,Las Vegas,Nevada,89115.0,West
CA-2018-117443,23/12/2018,25/12/2018,Second Class,JB-15400,Rockford,Illinois,61107.0,Central
US-2017-134369,16/09/2017,22/09/2017,Standard Class,BC-11125,Laguna Niguel,California,92677.0,West
CA-2018-123687,26/05/2018,29/05/2018,First Class,KC-16675,Louisville,Kentucky,40214.0,South
CA-2016-104871,30/03/2016,03/04/2016,Standard Class,DR-12940,Normal,Illinois,61761.0,Central
CA-2015-133158,19/08/2015,21/08/2015,Second Class,DW-13195,Los Angeles,California,90045.0,West
CA-2015-126333,23/12/2015,28/12/2015,Standard Class,ME-18010,Port Arthur,Texas,77642.0,Central
CA-2016-141740,01/11/2016,05/11/2016,Standard Class,JF-15490,New York City,New York,10009.0,East
CA-2015-119466,15/12/2015,21/12/2015,Standard Class,SP-20860,Chicago,Illinois,60623.0,Central
CA-2016-154823,21/08/2016,25/08/2016,Standard Class,KN-16390,Springfield,Ohio,45503.0,East
US-2015-135881,23/05/2015,27/05/2015,Standard Class,GT-14710,New York City,New York,10035.0,East
CA-2018-141201,09/12/2018,11/12/2018,Second Class,DB-12910,Salinas,California,93905.0,West
CA-2015-114790,11/03/2015,13/03/2015,Second Class,FM-14215,Richmond,Kentucky,40475.0,South
US-2017-154256,23/06/2017,27/06/2017,Second Class,SM-20005,New York City,New York,10035.0,East
CA-2015-124737,23/08/2015,27/08/2015,Standard Class,AP-10915,Denver,Colorado,80219.0,West
US-2018-101840,06/02/2018,12/02/2018,Standard Class,SP-20545,New York City,New York,10024.0,East
CA-2018-131653,29/01/2018,05/02/2018,Standard Class,RD-19585,New York City,New York,10011.0,East
US-2017-157840,20/12/2017,23/12/2017,Second Class,MC-17575,Fremont,Nebraska,68025.0,Central
CA-2017-145548,11/11/2017,16/11/2017,Standard Class,EB-13750,New York City,New York,10011.0,East
CA-2018-119494,09/11/2018,13/11/2018,Standard Class,JE-15610,San Diego,California,92105.0,West
CA-2015-124618,02/05/2015,04/05/2015,Second Class,CS-11860,Lakeland,Florida,33801.0,South
CA-2018-161970,22/09/2018,27/09/2018,Standard Class,PB-19105,Smyrna,Georgia,30080.0,South
CA-2018-103443,17/12/2018,23/12/2018,Standard Class,AT-10735,New York City,New York,10009.0,East
US-2018-165358,18/07/2018,23/07/2018,Standard Class,SV-20365,Philadelphia,Pennsylvania,19134.0,East
CA-2017-160136,03/11/2017,09/11/2017,Standard Class,PJ-18835,Dallas,Texas,75217.0,Central
CA-2015-150581,08/04/2015,12/04/2015,Standard Class,NM-18445,Concord,California,94521.0,West
CA-2017-119515,14/08/2017,16/08/2017,First Class,TR-21325,Nashville,Tennessee,37211.0,South
CA-2015-141355,25/09/2015,30/09/2015,Standard Class,BF-11005,Aurora,Colorado,80013.0,West
CA-2017-165330,11/12/2017,11/12/2017,Same Day,WB-21850,Anaheim,California,92804.0,West
CA-2016-132633,03/02/2016,05/02/2016,Second Class,KH-16630,Pleasant Grove,Utah,84062.0,West
CA-2017-157742,29/12/2017,31/12/2017,Second Class,KL-16645,Springfield,Oregon,97477.0,West
CA-2018-127712,31/08/2018,05/09/2018,Standard Class,MG-17890,Salem,Oregon,97301.0,West
CA-2018-169474,04/02/2018,09/02/2018,Standard Class,JF-15355,Rochester,New York,14609.0,East
CA-2015-106726,06/12/2015,08/12/2015,First Class,RS-19765,Los Angeles,California,90008.0,West
CA-2017-147473,30/05/2017,03/06/2017,Standard Class,NL-18310,Los Angeles,California,90049.0,West
CA-2017-114209,21/05/2017,26/05/2017,Standard Class,AS-10285,Dallas,Texas,75081.0,Central
CA-2015-141901,09/08/2015,14/08/2015,Standard Class,GM-14500,Fresno,California,93727.0,West
CA-2017-164490,05/09/2017,10/09/2017,Second Class,SU-20665,Chicago,Illinois,60653.0,Central
CA-2017-112256,23/07/2017,28/07/2017,Standard Class,CK-12205,Mcallen,Texas,78501.0,Central
CA-2017-167416,12/05/2017,17/05/2017,Standard Class,JM-15580,Seattle,Washington,98105.0,West
CA-2017-106950,02/09/2017,06/09/2017,Standard Class,JE-15715,Charlotte,North Carolina,28205.0,South
CA-2018-118724,21/07/2018,25/07/2018,Second Class,AR-10825,Concord,California,94521.0,West
CA-2018-112004,25/09/2018,28/09/2018,First Class,AH-10075,Chester,Pennsylvania,19013.0,East
US-2018-143175,03/08/2018,06/08/2018,Second Class,GA-14515,Los Angeles,California,90004.0,West
CA-2016-105844,25/10/2016,27/10/2016,Second Class,JF-15415,Sparks,Nevada,89431.0,West
CA-2018-118864,15/06/2018,19/06/2018,Second Class,KH-16690,Los Angeles,California,90032.0,West
CA-2016-119480,09/01/2016,13/01/2016,Standard Class,CC-12685,Henderson,Kentucky,42420.0,South
US-2016-153374,09/02/2016,13/02/2016,Second Class,JF-15565,Decatur,Illinois,62521.0,Central
CA-2017-101980,19/08/2017,20/08/2017,First Class,RP-19390,New York City,New York,10009.0,East
CA-2018-144596,06/11/2018,10/11/2018,Standard Class,CD-11980,New York City,New York,10011.0,East
CA-2016-124933,26/12/2016,30/12/2016,Second Class,DF-13135,New York City,New York,10009.0,East
CA-2015-159625,23/11/2015,28/11/2015,Standard Class,SM-20005,Scottsdale,Arizona,85254.0,West
CA-2017-144337,01/08/2017,05/08/2017,Second Class,SG-20890,Amarillo,Texas,79109.0,Central
CA-2015-117478,21/09/2015,24/09/2015,First Class,LH-16750,Philadelphia,Pennsylvania,19140.0,East
CA-2018-147410,04/09/2018,08/09/2018,Standard Class,EJ-14155,Santa Ana,California,92704.0,West
CA-2018-128944,19/06/2018,21/06/2018,Second Class,KH-16330,Newark,Ohio,43055.0,East
CA-2017-109666,19/04/2017,26/04/2017,Standard Class,KM-16720,New York City,New York,10035.0,East
US-2017-102239,05/05/2017,06/05/2017,First Class,LW-16990,Henderson,Nevada,89015.0,West
CA-2015-143168,18/10/2015,23/10/2015,Second Class,IG-15085,Seattle,Washington,98103.0,West
CA-2018-104906,13/02/2018,17/02/2018,Standard Class,JP-15460,New York City,New York,10009.0,East
CA-2018-118122,17/11/2018,24/11/2018,Standard Class,GG-14650,Seattle,Washington,98103.0,West
US-2015-147774,20/01/2015,26/01/2015,Standard Class,MM-18280,Smyrna,Tennessee,37167.0,South
CA-2018-166926,01/12/2018,08/12/2018,Standard Class,SO-20335,Seattle,Washington,98105.0,West
CA-2016-128013,09/08/2016,16/08/2016,Standard Class,MF-18250,New York City,New York,10035.0,East
CA-2017-123176,27/09/2017,29/09/2017,Second Class,JG-15160,Atlanta,Georgia,30318.0,South
US-2017-117541,14/11/2017,20/11/2017,Standard Class,JM-16195,Newark,Delaware,19711.0,East
CA-2017-166282,16/04/2017,22/04/2017,Standard Class,PK-19075,Nashville,Tennessee,37211.0,South
CA-2018-141439,26/11/2018,01/12/2018,Standard Class,TT-21460,Richmond,Indiana,47374.0,Central
CA-2016-163965,20/11/2016,27/11/2016,Standard Class,SS-20875,Miami,Florida,33180.0,South
CA-2018-128783,07/09/2018,07/09/2018,Same Day,TG-21640,Saint Charles,Missouri,63301.0,Central
CA-2015-122217,24/11/2015,29/11/2015,Standard Class,HP-14815,Virginia Beach,Virginia,23464.0,South
US-2018-141558,11/03/2018,16/03/2018,Standard Class,MH-17290,Philadelphia,Pennsylvania,19140.0,East
CA-2017-139941,12/06/2017,17/06/2017,Standard Class,CB-12415,Long Beach,New York,11561.0,East
CA-2016-166583,26/06/2016,30/06/2016,Standard Class,VD-21670,Houston,Texas,77070.0,Central
CA-2018-100412,22/12/2018,26/12/2018,Standard Class,SR-20425,Tuscaloosa,Alabama,35401.0,South
CA-2018-142909,22/12/2018,25/12/2018,Second Class,AG-10330,Mesa,Arizona,85204.0,West
CA-2015-137911,09/10/2015,15/10/2015,Standard Class,BP-11095,Jacksonville,North Carolina,28540.0,South
CA-2016-106208,10/12/2016,15/12/2016,Standard Class,JW-16075,Chicago,Illinois,60610.0,Central
US-2016-136749,25/12/2016,27/12/2016,Second Class,LH-16900,Columbus,Georgia,31907.0,South
CA-2018-126718,29/04/2018,04/05/2018,Standard Class,KT-16480,Orange,New Jersey,7050.0,East
CA-2017-131380,28/03/2017,31/03/2017,Second Class,CC-12220,Los Angeles,California,90032.0,West
CA-2016-145835,13/05/2016,18/05/2016,Second Class,BF-11170,Chicago,Illinois,60623.0,Central
CA-2015-138709,04/07/2015,09/07/2015,Standard Class,MS-17770,Richmond,Virginia,23223.0,South
CA-2015-122070,22/04/2015,24/04/2015,Second Class,AH-10030,Troy,New York,12180.0,East
CA-2017-158610,19/09/2017,22/09/2017,First Class,CK-12595,Providence,Rhode Island,2908.0,East
CA-2015-117464,22/07/2015,24/07/2015,Second Class,NP-18325,San Francisco,California,94122.0,West
US-2018-168613,08/10/2018,14/10/2018,Standard Class,GM-14440,New York City,New York,10009.0,East
CA-2018-125381,25/04/2018,27/04/2018,Second Class,SG-20605,San Francisco,California,94109.0,West
US-2018-141677,26/03/2018,30/03/2018,Standard Class,HK-14890,Houston,Texas,77070.0,Central
CA-2018-133067,04/05/2018,10/05/2018,Standard Class,MY-18295,Philadelphia,Pennsylvania,19140.0,East
US-2017-144351,14/11/2017,18/11/2017,Standard Class,RC-19960,Baltimore,Maryland,21215.0,East
CA-2015-106054,06/01/2015,07/01/2015,First Class,JO-15145,Athens,Georgia,30605.0,South
CA-2017-138667,27/12/2017,30/12/2017,Second Class,MW-18220,Lancaster,Ohio,43130.0,East
CA-2018-150609,30/04/2018,04/05/2018,Standard Class,NZ-18565,Los Angeles,California,90032.0,West
CA-2018-128853,21/04/2018,23/04/2018,First Class,JM-15250,Baltimore,Maryland,21215.0,East
CA-2018-133102,17/08/2018,24/08/2018,Standard Class,ED-13885,Houston,Texas,77095.0,Central
CA-2017-164399,12/11/2017,15/11/2017,First Class,DW-13480,San Diego,California,92024.0,West
CA-2017-116918,01/10/2017,06/10/2017,Second Class,JK-15205,Hialeah,Florida,33012.0,South
CA-2017-110492,12/02/2017,14/02/2017,First Class,JS-15880,Atlanta,Georgia,30318.0,South
CA-2017-147683,13/11/2017,17/11/2017,Standard Class,PO-19180,Seattle,Washington,98103.0,West
CA-2015-116785,26/04/2015,30/04/2015,Standard Class,MH-17290,Los Angeles,California,90036.0,West
US-2016-156797,11/08/2016,15/08/2016,Standard Class,PO-19180,New York City,New York,10035.0,East
CA-2017-104276,27/11/2017,03/12/2017,Standard Class,HF-14995,Fort Lauderdale,Florida,33311.0,South
CA-2017-120369,28/10/2017,28/10/2017,Same Day,VB-21745,Rochester,New York,14609.0,East
CA-2015-118276,29/12/2015,02/01/2016,Standard Class,MG-17890,Saint Charles,Illinois,60174.0,Central
CA-2016-136658,10/09/2016,17/09/2016,Standard Class,BO-11425,New York City,New York,10024.0,East
CA-2018-137414,02/10/2018,06/10/2018,Standard Class,CM-12115,San Francisco,California,94109.0,West
CA-2017-143476,11/09/2017,13/09/2017,First Class,LC-16930,Phoenix,Arizona,85023.0,West
US-2017-119046,02/06/2017,06/06/2017,Standard Class,EH-13765,Seattle,Washington,98115.0,West
CA-2018-154949,15/10/2018,19/10/2018,Standard Class,MC-17275,Camarillo,California,93010.0,West
CA-2016-103072,27/09/2016,30/09/2016,Second Class,HW-14935,Detroit,Michigan,48205.0,Central
CA-2016-150770,03/05/2016,06/05/2016,First Class,LC-16870,San Francisco,California,94109.0,West
CA-2018-154760,09/01/2018,13/01/2018,Standard Class,BP-11290,Philadelphia,Pennsylvania,19140.0,East
US-2018-104437,27/01/2018,31/01/2018,Standard Class,TG-21310,New York City,New York,10035.0,East
CA-2018-113075,02/09/2018,06/09/2018,Standard Class,MC-18100,Chicago,Illinois,60623.0,Central
CA-2017-109953,14/07/2017,18/07/2017,Standard Class,RB-19360,San Francisco,California,94122.0,West
CA-2018-127397,24/02/2018,28/02/2018,Standard Class,ES-14080,Philadelphia,Pennsylvania,19134.0,East
CA-2015-157546,20/07/2015,22/07/2015,First Class,RD-19720,San Francisco,California,94122.0,West
CA-2018-153843,13/03/2018,15/03/2018,First Class,SC-20380,Fairfield,Connecticut,6824.0,East
CA-2017-137337,08/03/2017,12/03/2017,Standard Class,GB-14575,New York City,New York,10011.0,East
CA-2015-138737,07/12/2015,10/12/2015,First Class,FP-14320,Los Angeles,California,90049.0,West
CA-2017-164924,10/07/2017,10/07/2017,Same Day,EA-14035,Philadelphia,Pennsylvania,19143.0,East
CA-2017-101651,24/12/2017,30/12/2017,Standard Class,SC-20305,San Jose,California,95123.0,West
CA-2018-136651,23/04/2018,25/04/2018,Second Class,JF-15355,Pasadena,California,91104.0,West
CA-2018-118892,17/08/2018,22/08/2018,Second Class,TP-21415,Philadelphia,Pennsylvania,19134.0,East
US-2018-151127,22/05/2018,25/05/2018,First Class,RL-19615,Los Angeles,California,90049.0,West
CA-2018-145807,09/02/2018,13/02/2018,Standard Class,SB-20170,Los Angeles,California,90032.0,West
US-2015-127978,03/03/2015,08/03/2015,Standard Class,JS-15595,Columbus,Ohio,43229.0,East
CA-2016-158491,04/06/2016,09/06/2016,Second Class,BP-11155,Los Angeles,California,90008.0,West
CA-2017-116764,27/08/2017,02/09/2017,Standard Class,EM-13825,Hollywood,Florida,33021.0,South
CA-2017-152457,12/09/2017,18/09/2017,Standard Class,SC-20695,Roseville,Michigan,48066.0,Central
CA-2017-152730,30/05/2017,04/06/2017,Standard Class,EM-14140,Superior,Wisconsin,54880.0,Central
CA-2018-137001,10/06/2018,13/06/2018,Second Class,GZ-14545,Thousand Oaks,California,91360.0,West
CA-2018-156363,22/10/2018,28/10/2018,Standard Class,ML-17395,Philadelphia,Pennsylvania,19134.0,East
CA-2018-122056,13/06/2018,17/06/2018,Standard Class,PG-18895,Springfield,Virginia,22153.0,South
US-2015-143721,23/11/2015,26/11/2015,Second Class,DK-12835,Houston,Texas,77095.0,Central
CA-2018-122987,16/08/2018,16/08/2018,Same Day,SJ-20215,Columbia,Tennessee,38401.0,South
CA-2017-133368,14/01/2017,20/01/2017,Standard Class,AG-10675,Concord,North Carolina,28027.0,South
CA-2017-123337,16/09/2017,22/09/2017,Standard Class,KD-16495,San Jose,California,95123.0,West
US-2017-150357,10/10/2017,14/10/2017,Standard Class,EB-13975,Greensboro,North Carolina,27405.0,South
CA-2016-144519,13/11/2016,17/11/2016,Standard Class,AW-10930,Helena,Montana,59601.0,West
CA-2015-120670,02/11/2015,06/11/2015,Standard Class,JK-16120,Fort Lauderdale,Florida,33311.0,South
CA-2017-157217,19/07/2017,21/07/2017,First Class,TC-21535,San Francisco,California,94110.0,West
CA-2017-108224,14/05/2017,14/05/2017,Same Day,TH-21235,Yuma,Arizona,85364.0,West
CA-2016-162782,21/02/2016,27/02/2016,Standard Class,PW-19240,Columbia,Maryland,21044.0,East
CA-2018-159282,16/10/2018,21/10/2018,Standard Class,GH-14410,Yuma,Arizona,85364.0,West
CA-2018-155936,22/06/2018,29/06/2018,Standard Class,JK-15730,Chicago,Illinois,60653.0,Central
CA-2018-169439,09/09/2018,13/09/2018,Standard Class,LC-17140,Cleveland,Ohio,44105.0,East
CA-2018-151183,14/10/2018,19/10/2018,Standard Class,BK-11260,San Francisco,California,94110.0,West
CA-2017-149965,20/06/2017,25/06/2017,Standard Class,BS-11365,Oklahoma City,Oklahoma,73120.0,Central
CA-2015-158281,02/09/2015,07/09/2015,Standard Class,AG-10525,Houston,Texas,77095.0,Central
CA-2017-153661,30/01/2017,31/01/2017,First Class,SC-20725,San Francisco,California,94122.0,West
CA-2018-109183,04/12/2018,09/12/2018,Standard Class,LR-16915,Nashville,Tennessee,37211.0,South
CA-2017-113656,23/01/2017,29/01/2017,Standard Class,CB-12415,Los Angeles,California,90036.0,West
CA-2016-148964,26/05/2016,31/05/2016,Standard Class,RD-19900,Bellevue,Washington,98006.0,West
CA-2015-111899,04/05/2015,05/05/2015,First Class,NC-18340,Houston,Texas,77036.0,Central
CA-2016-101126,10/02/2016,14/02/2016,Second Class,NB-18655,Philadelphia,Pennsylvania,19143.0,East
CA-2015-163468,18/11/2015,21/11/2015,First Class,JK-15730,Des Plaines,Illinois,60016.0,Central
US-2018-117450,04/09/2018,08/09/2018,Standard Class,DO-13645,Boynton Beach,Florida,33437.0,South
CA-2015-137274,29/03/2015,02/04/2015,Standard Class,MG-18145,Plano,Texas,75023.0,Central
CA-2017-144092,05/11/2017,07/11/2017,Second Class,LH-17155,San Jose,California,95123.0,West
CA-2018-112172,10/06/2018,14/06/2018,Second Class,MM-18280,New York City,New York,10024.0,East
CA-2016-121699,10/08/2016,14/08/2016,Standard Class,BD-11320,Detroit,Michigan,48227.0,Central
CA-2016-162761,09/10/2016,13/10/2016,Standard Class,SC-20575,Miami,Florida,33178.0,South
CA-2017-121377,28/05/2017,02/06/2017,Standard Class,TN-21040,Park Ridge,Illinois,60068.0,Central
CA-2018-115322,11/05/2018,16/05/2018,Second Class,ZC-21910,New York City,New York,10024.0,East
CA-2017-132066,16/10/2017,20/10/2017,Standard Class,NB-18655,New York City,New York,10011.0,East
CA-2018-158120,17/11/2018,21/11/2018,Standard Class,KH-16330,Hillsboro,Oregon,97123.0,West
CA-2018-100097,26/11/2018,29/11/2018,Second Class,MN-17935,New York City,New York,10009.0,East
CA-2018-167626,03/09/2018,07/09/2018,Standard Class,MY-18295,Chicago,Illinois,60623.0,Central
US-2018-126053,05/12/2018,08/12/2018,First Class,CS-11950,New York City,New York,10024.0,East
US-2018-128447,10/11/2018,17/11/2018,Standard Class,MC-17845,Pasco,Washington,99301.0,West
US-2015-131275,18/03/2015,24/03/2015,Standard Class,SC-20050,Burbank,California,91505.0,West
CA-2017-149349,12/11/2017,13/11/2017,First Class,SP-20650,Chicago,Illinois,60623.0,Central
CA-2018-115119,26/10/2018,30/10/2018,Standard Class,SC-20440,Lancaster,Pennsylvania,17602.0,East
CA-2016-125563,11/04/2016,17/04/2016,Standard Class,PR-18880,Tampa,Florida,33614.0,South
CA-2016-113152,25/12/2016,30/12/2016,Standard Class,JK-15625,New York City,New York,10024.0,East
CA-2018-165155,21/09/2018,23/09/2018,First Class,BM-11575,Los Angeles,California,90045.0,West
CA-2015-163412,20/12/2015,23/12/2015,Second Class,SM-20950,New York City,New York,10035.0,East
CA-2016-159590,18/07/2016,21/07/2016,First Class,KC-16255,New York City,New York,10009.0,East
CA-2015-116190,26/07/2015,01/08/2015,Standard Class,SG-20470,Atlanta,Georgia,30318.0,South
CA-2015-168473,26/12/2015,01/01/2016,Standard Class,TB-21520,New York City,New York,10009.0,East
CA-2018-168389,11/12/2018,17/12/2018,Standard Class,DV-13045,Jacksonville,Florida,32216.0,South
CA-2015-130421,03/03/2015,07/03/2015,Standard Class,SC-20020,Houston,Texas,77095.0,Central
CA-2018-142125,21/10/2018,27/10/2018,Standard Class,JB-15400,Milwaukee,Wisconsin,53209.0,Central
CA-2018-141138,10/11/2018,16/11/2018,Standard Class,GH-14425,Modesto,California,95351.0,West
CA-2018-152135,16/03/2018,18/03/2018,Second Class,MG-17650,Lakewood,Ohio,44107.0,East
CA-2017-151974,22/09/2017,29/09/2017,Standard Class,RD-19660,Philadelphia,Pennsylvania,19134.0,East
CA-2018-154102,06/02/2018,13/02/2018,Standard Class,SN-20560,San Francisco,California,94109.0,West
CA-2016-139780,31/12/2016,02/01/2017,Second Class,AH-10690,Detroit,Michigan,48205.0,Central
CA-2017-114748,09/10/2017,14/10/2017,Standard Class,MZ-17335,Phoenix,Arizona,85023.0,West
US-2015-115189,30/12/2015,03/01/2016,Second Class,AR-10345,Philadelphia,Pennsylvania,19143.0,East
CA-2017-163594,12/04/2017,14/04/2017,First Class,JF-15295,Los Angeles,California,90036.0,West
CA-2017-127243,28/11/2017,04/12/2017,Standard Class,DS-13180,Philadelphia,Pennsylvania,19140.0,East
CA-2018-161851,15/04/2018,17/04/2018,First Class,BP-11095,Miami,Florida,33180.0,South
CA-2016-110345,09/03/2016,11/03/2016,Second Class,TG-21310,Raleigh,North Carolina,27604.0,South
CA-2015-107769,28/10/2015,01/11/2015,Standard Class,BT-11395,Garden City,Kansas,67846.0,Central
US-2018-123862,07/01/2018,09/01/2018,Second Class,JF-15190,Long Beach,California,90805.0,West
CA-2018-100580,13/08/2018,20/08/2018,Standard Class,MK-17905,San Diego,California,92037.0,West
US-2018-145597,02/11/2018,05/11/2018,First Class,GG-14650,Bloomington,Illinois,61701.0,Central
CA-2015-132787,19/09/2015,23/09/2015,Standard Class,MC-18130,Seattle,Washington,98115.0,West
CA-2016-136224,31/05/2016,31/05/2016,Same Day,ML-18265,Fayetteville,North Carolina,28314.0,South
CA-2017-105732,13/09/2017,18/09/2017,Standard Class,AG-10270,Omaha,Nebraska,68104.0,Central
CA-2018-108035,29/11/2018,03/12/2018,Standard Class,TT-21070,Chattanooga,Tennessee,37421.0,South
CA-2018-160031,04/12/2018,07/12/2018,Second Class,LT-16765,Fairfield,Ohio,45014.0,East
CA-2018-147844,02/05/2018,06/05/2018,Standard Class,DD-13570,Los Angeles,California,90049.0,West
CA-2017-110975,25/12/2017,30/12/2017,Standard Class,DB-12970,New York City,New York,10024.0,East
CA-2015-141649,30/09/2015,30/09/2015,Same Day,DM-12955,Fairfield,Ohio,45014.0,East
CA-2015-124807,12/07/2015,15/07/2015,Second Class,ME-17725,Chicago,Illinois,60610.0,Central
CA-2017-110009,08/09/2017,13/09/2017,Standard Class,TR-21325,Seattle,Washington,98103.0,West
CA-2018-168172,06/08/2018,10/08/2018,Standard Class,SH-20395,New York City,New York,10011.0,East
CA-2016-100146,14/05/2016,19/05/2016,Standard Class,CB-12535,Camarillo,California,93010.0,West
CA-2018-152079,20/01/2018,21/01/2018,First Class,ML-17410,Chicago,Illinois,60653.0,Central
CA-2017-129728,30/05/2017,06/06/2017,Standard Class,JG-15310,Los Angeles,California,90032.0,West
CA-2015-121769,08/04/2015,12/04/2015,Standard Class,JS-15880,Toledo,Ohio,43615.0,East
CA-2015-103058,23/07/2015,24/07/2015,First Class,AG-10270,New York City,New York,10011.0,East
CA-2018-121125,30/05/2018,03/06/2018,Standard Class,MG-17890,Tigard,Oregon,97224.0,West
US-2017-114013,13/03/2017,15/03/2017,Second Class,SC-20770,Philadelphia,Pennsylvania,19134.0,East
CA-2018-135069,10/04/2018,14/04/2018,Standard Class,BS-11755,Philadelphia,Pennsylvania,19143.0,East
CA-2017-101693,25/06/2017,27/06/2017,Second Class,LC-17140,Houston,Texas,77070.0,Central
US-2015-164763,17/03/2015,21/03/2015,Standard Class,MH-17440,Jackson,Mississippi,39212.0,South
CA-2015-161249,09/08/2015,13/08/2015,Standard Class,RD-19720,Phoenix,Arizona,85023.0,West
CA-2016-148180,26/07/2016,31/07/2016,Standard Class,BP-11095,Oxnard,California,93030.0,West
CA-2015-165568,15/02/2015,19/02/2015,Standard Class,BF-11020,Seattle,Washington,98105.0,West
CA-2016-145457,24/03/2016,27/03/2016,Second Class,CP-12085,Covington,Washington,98042.0,West
US-2018-163657,02/09/2018,06/09/2018,Standard Class,JL-15235,Los Angeles,California,90049.0,West
CA-2016-120446,16/11/2016,18/11/2016,First Class,JG-15805,San Diego,California,92105.0,West
CA-2015-109932,09/12/2015,11/12/2015,First Class,VP-21760,Brownsville,Texas,78521.0,Central
CA-2018-127474,03/02/2018,07/02/2018,Second Class,RD-19810,Chicago,Illinois,60610.0,Central
CA-2018-115448,11/11/2018,14/11/2018,First Class,MH-18025,Knoxville,Tennessee,37918.0,South
CA-2018-105669,17/09/2018,22/09/2018,Second Class,SJ-20125,Houston,Texas,77036.0,Central
CA-2018-134796,25/06/2018,01/07/2018,Standard Class,FM-14380,Bolingbrook,Illinois,60440.0,Central
CA-2017-137743,30/07/2017,04/08/2017,Standard Class,KH-16360,Chicago,Illinois,60623.0,Central
CA-2016-137974,16/04/2016,18/04/2016,First Class,LL-16840,Waynesboro,Virginia,22980.0,South
US-2016-136987,11/04/2016,14/04/2016,Second Class,AR-10540,Los Angeles,California,90004.0,West
CA-2016-138485,27/02/2016,01/03/2016,Second Class,NP-18670,Seattle,Washington,98105.0,West
CA-2017-103709,08/09/2017,15/09/2017,Standard Class,LP-17095,Visalia,California,93277.0,West
CA-2017-138282,19/05/2017,23/05/2017,Standard Class,AH-10690,Los Angeles,California,90008.0,West
CA-2018-148985,11/11/2018,15/11/2018,Second Class,TB-21190,Los Angeles,California,90045.0,West
CA-2015-138100,15/09/2015,20/09/2015,Standard Class,AA-10315,New York City,New York,10011.0,East
CA-2016-100734,15/09/2016,20/09/2016,Standard Class,AC-10615,Philadelphia,Pennsylvania,19143.0,East
CA-2017-139997,01/07/2017,03/07/2017,First Class,EM-14140,Lehi,Utah,84043.0,West
CA-2017-109652,10/04/2017,15/04/2017,Standard Class,QJ-19255,Chicago,Illinois,60653.0,Central
CA-2015-167199,06/01/2015,10/01/2015,Standard Class,ME-17320,Henderson,Kentucky,42420.0,South
CA-2017-124583,01/09/2017,03/09/2017,Second Class,LB-16795,Huntington Beach,California,92646.0,West
CA-2015-113964,23/09/2015,30/09/2015,Standard Class,JP-16135,New York City,New York,10011.0,East
CA-2015-129938,15/12/2015,17/12/2015,Second Class,EB-13705,Philadelphia,Pennsylvania,19140.0,East
CA-2018-135111,28/12/2018,02/01/2019,Standard Class,CS-12400,Fargo,North Dakota,58103.0,Central
US-2016-134558,19/12/2016,24/12/2016,Second Class,PM-19135,Dover,New Hampshire,3820.0,East
CA-2018-157196,05/11/2018,09/11/2018,Standard Class,AA-10645,San Diego,California,92105.0,West
CA-2016-108672,10/09/2016,16/09/2016,Standard Class,FA-14230,Los Angeles,California,90032.0,West
US-2018-118598,16/11/2018,16/11/2018,Same Day,CM-12190,Utica,New York,13501.0,East
US-2018-160836,11/09/2018,16/09/2018,Standard Class,CC-12475,Houston,Texas,77070.0,Central
CA-2018-121048,14/07/2018,18/07/2018,Standard Class,TC-21295,Westminster,California,92683.0,West
US-2018-120147,30/03/2018,30/03/2018,Same Day,TB-21400,Los Angeles,California,90036.0,West
CA-2017-158043,31/01/2017,04/02/2017,Second Class,JK-15325,Atlantic City,New Jersey,8401.0,East
US-2018-106579,08/06/2018,13/06/2018,Standard Class,BW-11200,Skokie,Illinois,60076.0,Central
CA-2015-115889,02/11/2015,06/11/2015,Standard Class,SH-20395,San Francisco,California,94122.0,West
US-2018-161935,14/07/2018,18/07/2018,Standard Class,JL-15835,Columbus,Ohio,43229.0,East
US-2018-167920,09/12/2018,12/12/2018,Second Class,JL-15835,Richmond,Kentucky,40475.0,South
CA-2017-162383,05/09/2017,11/09/2017,Standard Class,MD-17350,Lancaster,Ohio,43130.0,East
CA-2015-125731,10/09/2015,16/09/2015,Standard Class,CL-12565,Gresham,Oregon,97030.0,West
US-2018-106145,26/09/2018,26/09/2018,Same Day,RA-19885,San Francisco,California,94109.0,West
CA-2017-107146,17/06/2017,19/06/2017,First Class,LC-16885,Longmont,Colorado,80501.0,West
US-2018-134642,25/02/2018,01/03/2018,Standard Class,SW-20245,Greenville,North Carolina,27834.0,South
US-2018-160143,31/03/2018,07/04/2018,Standard Class,HG-14965,Los Angeles,California,90004.0,West
CA-2018-103415,03/12/2018,08/12/2018,Standard Class,MV-17485,Houston,Texas,77041.0,Central
CA-2017-106460,19/02/2017,22/02/2017,Second Class,GT-14710,San Francisco,California,94109.0,West
US-2018-112347,02/12/2018,06/12/2018,Standard Class,BS-11380,Denver,Colorado,80219.0,West
CA-2015-103492,10/10/2015,15/10/2015,Standard Class,CM-12715,Huntsville,Texas,77340.0,Central
CA-2017-136595,05/09/2017,07/09/2017,First Class,EM-13825,Houston,Texas,77036.0,Central
CA-2015-140396,20/11/2015,25/11/2015,Standard Class,KH-16330,New York City,New York,10024.0,East
CA-2015-114181,10/05/2015,14/05/2015,Second Class,AF-10885,Philadelphia,Pennsylvania,19134.0,East
CA-2018-159506,27/11/2018,02/12/2018,Standard Class,JR-16210,Columbus,Indiana,47201.0,Central
US-2015-137155,01/11/2015,05/11/2015,Standard Class,DL-12925,Long Beach,New York,11561.0,East
CA-2017-105746,30/12/2017,01/01/2018,First Class,BD-11605,Lancaster,Pennsylvania,17602.0,East
US-2017-104815,03/09/2017,07/09/2017,Standard Class,RB-19570,Chicago,Illinois,60610.0,Central
CA-2018-157672,05/10/2018,07/10/2018,First Class,RB-19795,Denver,Colorado,80219.0,West
US-2017-166660,30/01/2017,01/02/2017,Second Class,TB-21250,Seattle,Washington,98103.0,West
CA-2018-140802,21/04/2018,23/04/2018,First Class,KN-16390,Houston,Texas,77070.0,Central
CA-2015-133830,05/12/2015,10/12/2015,Standard Class,RL-19615,Los Angeles,California,90045.0,West
CA-2015-100916,21/10/2015,26/10/2015,Standard Class,FH-14275,Newport News,Virginia,23602.0,South
CA-2016-129532,08/12/2016,12/12/2016,Standard Class,YS-21880,Los Angeles,California,90036.0,West
CA-2015-134726,02/11/2015,07/11/2015,Second Class,SW-20755,Seattle,Washington,98115.0,West
CA-2017-138597,18/12/2017,21/12/2017,First Class,PN-18775,Omaha,Nebraska,68104.0,Central
CA-2016-123113,23/11/2016,27/11/2016,Second Class,AT-10735,Morristown,New Jersey,7960.0,East
CA-2016-169656,13/08/2016,16/08/2016,First Class,EJ-13720,Philadelphia,Pennsylvania,19143.0,East
CA-2016-142734,16/04/2016,21/04/2016,Standard Class,DM-13345,New York City,New York,10024.0,East
CA-2015-163223,21/03/2015,25/03/2015,Standard Class,KH-16690,Springfield,Virginia,22153.0,South
CA-2018-122945,16/11/2018,22/11/2018,Standard Class,MB-18085,Roseville,California,95661.0,West
CA-2016-139738,25/09/2016,29/09/2016,Standard Class,DK-12895,Rockford,Illinois,61107.0,Central
CA-2017-158778,05/09/2017,09/09/2017,Standard Class,DB-13210,Philadelphia,Pennsylvania,19134.0,East
CA-2018-119655,20/04/2018,24/04/2018,Standard Class,CV-12295,Detroit,Michigan,48234.0,Central
CA-2016-164567,15/06/2016,19/06/2016,Standard Class,GK-14620,Los Angeles,California,90004.0,West
CA-2015-131947,17/09/2015,22/09/2015,Standard Class,JA-15970,Springfield,Oregon,97477.0,West
CA-2017-152520,08/07/2017,12/07/2017,Standard Class,TH-21115,Providence,Rhode Island,2908.0,East
CA-2017-101791,27/05/2017,31/05/2017,Standard Class,BS-11665,Chicago,Illinois,60623.0,Central
CA-2018-121195,24/12/2018,27/12/2018,First Class,NS-18505,Dallas,Texas,75220.0,Central
CA-2018-163209,03/05/2018,07/05/2018,Standard Class,MK-18160,San Francisco,California,94122.0,West
CA-2015-133354,22/02/2015,24/02/2015,First Class,SA-20830,Moreno Valley,California,92553.0,West
US-2016-130491,08/02/2016,11/02/2016,First Class,BH-11710,Garden City,Kansas,67846.0,Central
CA-2016-113740,24/08/2016,28/08/2016,Second Class,SC-20380,New York City,New York,10035.0,East
CA-2015-148425,30/11/2015,04/12/2015,Standard Class,RF-19345,Orlando,Florida,32839.0,South
CA-2017-144309,10/12/2017,16/12/2017,Standard Class,CM-12235,Watertown,New York,13601.0,East
CA-2018-151225,27/10/2018,29/10/2018,First Class,JM-15655,Los Angeles,California,90032.0,West
US-2015-144078,25/11/2015,29/11/2015,Standard Class,RB-19435,Los Angeles,California,90004.0,West
CA-2015-124464,14/07/2015,20/07/2015,Standard Class,SS-20515,Newark,Delaware,19711.0,East
CA-2016-136805,23/05/2016,27/05/2016,Second Class,NM-18445,Detroit,Michigan,48234.0,Central
US-2016-159499,21/11/2016,23/11/2016,Second Class,EM-14095,Phoenix,Arizona,85023.0,West
CA-2015-162089,30/03/2015,01/04/2015,First Class,MP-17470,Brownsville,Texas,78521.0,Central
US-2018-158526,29/12/2018,01/01/2019,Second Class,KH-16360,Louisville,Kentucky,40214.0,South
CA-2018-104885,02/03/2018,08/03/2018,Standard Class,DB-13555,Newark,Delaware,19711.0,East
US-2017-157490,06/10/2017,07/10/2017,First Class,LB-16795,Pueblo,Colorado,81001.0,West
CA-2016-161452,05/04/2016,11/04/2016,Standard Class,CA-11965,Los Angeles,California,90036.0,West
US-2015-115196,09/09/2015,13/09/2015,Standard Class,DL-12925,Greenville,North Carolina,27834.0,South
CA-2017-138968,15/03/2017,16/03/2017,First Class,FC-14335,San Francisco,California,94110.0,West
CA-2016-101889,27/12/2016,31/12/2016,Standard Class,DB-13120,Marion,Ohio,43302.0,East
CA-2018-110821,07/08/2018,08/08/2018,First Class,CK-12205,Dallas,Texas,75081.0,Central
CA-2016-121552,22/03/2016,27/03/2016,Standard Class,FW-14395,Huntsville,Alabama,35810.0,South
CA-2016-107685,30/11/2016,02/12/2016,Second Class,JM-15865,Las Vegas,Nevada,89115.0,West
US-2015-120740,15/04/2015,15/04/2015,Same Day,PS-18970,Los Angeles,California,90049.0,West
CA-2018-155740,30/07/2018,02/08/2018,First Class,TC-21475,Lakewood,Ohio,44107.0,East
CA-2018-146493,01/06/2018,05/06/2018,Standard Class,CV-12805,Fremont,Nebraska,68025.0,Central
CA-2015-105417,07/01/2015,12/01/2015,Standard Class,VS-21820,Huntsville,Texas,77340.0,Central
US-2018-141509,29/09/2018,01/10/2018,First Class,SC-20575,Los Angeles,California,90036.0,West
CA-2018-139493,13/09/2018,19/09/2018,Standard Class,SG-20605,Asheville,North Carolina,28806.0,South
CA-2015-151967,22/10/2015,26/10/2015,Standard Class,NB-18580,Bossier City,Louisiana,71111.0,South
US-2017-140158,04/10/2017,08/10/2017,Standard Class,DR-12940,Providence,Rhode Island,2908.0,East
CA-2016-130974,27/11/2016,29/11/2016,Second Class,MA-17560,Everett,Massachusetts,2149.0,East
CA-2018-133487,06/05/2018,09/05/2018,Second Class,TS-21655,Rancho Cucamonga,California,91730.0,West
CA-2015-142951,08/10/2015,08/10/2015,Same Day,JG-15115,Charlotte,North Carolina,28205.0,South
CA-2015-133592,31/12/2015,07/01/2016,Standard Class,KM-16375,Providence,Rhode Island,2908.0,East
CA-2016-120782,28/04/2016,01/05/2016,First Class,SD-20485,Midland,Michigan,48640.0,Central
CA-2016-116876,14/02/2016,21/02/2016,Standard Class,TT-21070,Rochester,New York,14609.0,East
CA-2017-169838,25/11/2017,29/11/2017,Standard Class,BB-11545,Jackson,Michigan,49201.0,Central
US-2018-128951,15/07/2018,17/07/2018,First Class,RS-19420,Suffolk,Virginia,23434.0,South
CA-2015-102330,29/12/2015,03/01/2016,Standard Class,AI-10855,Brentwood,California,94513.0,West
CA-2017-118899,22/03/2017,22/03/2017,Same Day,MC-17275,Seattle,Washington,98103.0,West
CA-2018-107958,02/07/2018,05/07/2018,First Class,AH-10120,Houston,Texas,77036.0,Central
CA-2018-151799,14/12/2018,18/12/2018,Standard Class,BF-11170,Lawrence,Massachusetts,1841.0,East
CA-2017-114601,26/08/2017,02/09/2017,Standard Class,AA-10480,Detroit,Michigan,48234.0,Central
CA-2018-100237,15/10/2018,19/10/2018,Standard Class,SV-20815,Orem,Utah,84057.0,West
CA-2015-139542,25/10/2015,29/10/2015,Standard Class,EH-14185,Philadelphia,Pennsylvania,19120.0,East
US-2016-142811,02/04/2016,07/04/2016,Standard Class,JL-15850,Mesa,Arizona,85204.0,West
CA-2018-139353,28/10/2018,30/10/2018,Second Class,JM-15250,Fayetteville,North Carolina,28314.0,South
CA-2015-150203,05/12/2015,07/12/2015,First Class,JB-15925,Los Angeles,California,90032.0,West
US-2018-101518,03/11/2018,08/11/2018,Standard Class,PB-19105,Philadelphia,Pennsylvania,19140.0,East
CA-2016-149636,06/01/2016,12/01/2016,Standard Class,SP-20620,Colorado Springs,Colorado,80906.0,West
US-2018-146213,09/09/2018,14/09/2018,Standard Class,MC-17605,Los Angeles,California,90032.0,West
CA-2016-108588,05/01/2016,10/01/2016,Standard Class,BG-11695,New York City,New York,10009.0,East
US-2018-138086,16/04/2018,20/04/2018,Standard Class,JO-15550,San Francisco,California,94109.0,West
CA-2016-139374,10/09/2016,14/09/2016,Standard Class,AR-10345,Austin,Texas,78745.0,Central
CA-2017-113978,25/09/2017,29/09/2017,Standard Class,TS-21505,Cleveland,Ohio,44105.0,East
US-2016-150231,16/03/2016,20/03/2016,Second Class,JK-15640,New York City,New York,10009.0,East
CA-2017-106915,26/11/2017,02/12/2017,Standard Class,GA-14515,El Paso,Texas,79907.0,Central
US-2017-109260,26/09/2017,01/10/2017,Standard Class,TN-21040,Tallahassee,Florida,32303.0,South
CA-2018-104850,13/06/2018,19/06/2018,Standard Class,TW-21025,Seattle,Washington,98103.0,West
CA-2018-140508,18/09/2018,21/09/2018,First Class,PA-19060,Dallas,Texas,75220.0,Central
CA-2018-143294,02/06/2018,08/06/2018,Standard Class,JD-15790,Houston,Texas,77070.0,Central
CA-2017-165673,15/05/2017,19/05/2017,Second Class,MN-17935,Springfield,Ohio,45503.0,East
CA-2018-134418,15/09/2018,20/09/2018,Standard Class,GM-14500,Seattle,Washington,98103.0,West
US-2017-106313,22/08/2017,26/08/2017,Standard Class,DG-13300,Seattle,Washington,98105.0,West
CA-2015-105872,30/05/2015,06/06/2015,Standard Class,JG-15160,New York City,New York,10024.0,East
CA-2018-108287,18/12/2018,20/12/2018,First Class,AG-10330,Charlotte,North Carolina,28205.0,South
CA-2018-141103,30/07/2018,06/08/2018,Standard Class,JF-15355,Baltimore,Maryland,21215.0,East
CA-2015-154781,21/11/2015,26/11/2015,Standard Class,SC-20680,San Francisco,California,94110.0,West
CA-2016-147816,24/09/2016,26/09/2016,Second Class,CM-11935,Tucson,Arizona,85705.0,West
CA-2018-105326,20/08/2018,27/08/2018,Standard Class,KT-16480,Los Angeles,California,90036.0,West
CA-2017-133613,17/06/2017,22/06/2017,Standard Class,CP-12340,Waterbury,Connecticut,6708.0,East
CA-2016-109113,19/12/2016,23/12/2016,Standard Class,EK-13795,Chicago,Illinois,60610.0,Central
CA-2016-156153,31/05/2016,02/06/2016,Second Class,CW-11905,Long Beach,New York,11561.0,East
CA-2016-133242,18/06/2016,24/06/2016,Standard Class,KH-16510,Arlington,Virginia,22204.0,South
CA-2016-158323,30/11/2016,03/12/2016,First Class,AB-10600,Jacksonville,North Carolina,28540.0,South
CA-2016-161795,21/12/2016,23/12/2016,Second Class,AH-10075,Columbus,Ohio,43229.0,East
CA-2018-100902,17/11/2018,21/11/2018,Standard Class,CK-12595,Charlotte,North Carolina,28205.0,South
CA-2018-112844,13/11/2018,16/11/2018,Second Class,SP-20620,Buffalo,New York,14215.0,East
CA-2017-158925,24/10/2017,28/10/2017,Standard Class,JP-15460,Houston,Texas,77041.0,Central
CA-2015-155390,06/12/2015,11/12/2015,Standard Class,BG-11035,Memphis,Tennessee,38109.0,South
CA-2018-123071,03/12/2018,06/12/2018,First Class,CC-12550,Plano,Texas,75023.0,Central
CA-2018-156391,26/09/2018,28/09/2018,First Class,SL-20155,Salem,Oregon,97301.0,West
CA-2016-103093,03/02/2016,07/02/2016,Standard Class,FO-14305,Columbus,Georgia,31907.0,South
US-2018-118941,12/08/2018,12/08/2018,Same Day,BB-11545,Columbia,Maryland,21044.0,East
CA-2016-169299,24/08/2016,26/08/2016,First Class,DO-13435,Portland,Oregon,97206.0,West
CA-2018-154088,12/11/2018,17/11/2018,Standard Class,LB-16735,Tallahassee,Florida,32303.0,South
CA-2017-155978,01/08/2017,01/08/2017,Same Day,TS-21205,Riverside,California,92503.0,West
CA-2017-108196,25/11/2017,02/12/2017,Standard Class,CS-12505,Lancaster,Ohio,43130.0,East
CA-2017-152800,13/04/2017,15/04/2017,First Class,SP-20920,San Francisco,California,94109.0,West
CA-2015-166961,27/12/2015,31/12/2015,Standard Class,CD-12790,Moreno Valley,California,92553.0,West
CA-2017-139381,18/04/2017,22/04/2017,Standard Class,RF-19840,Chesapeake,Virginia,23320.0,South
CA-2016-132136,08/03/2016,12/03/2016,Standard Class,FO-14305,Chicago,Illinois,60623.0,Central
CA-2017-162236,04/11/2017,06/11/2017,Second Class,ER-13855,Charlotte,North Carolina,28205.0,South
US-2015-111353,29/11/2015,06/12/2015,Standard Class,PB-19150,New York City,New York,10009.0,East
US-2017-117037,17/05/2017,20/05/2017,First Class,LW-17215,Chicago,Illinois,60653.0,Central
CA-2018-160801,19/09/2018,19/09/2018,Same Day,FG-14260,Philadelphia,Pennsylvania,19120.0,East
CA-2017-108364,19/12/2017,24/12/2017,Standard Class,BP-11050,Chicago,Illinois,60623.0,Central
CA-2018-169362,12/10/2018,15/10/2018,First Class,SP-20860,Dallas,Texas,75217.0,Central
CA-2016-127481,12/12/2016,15/12/2016,Second Class,JD-15895,Las Vegas,Nevada,89115.0,West
CA-2016-112711,12/07/2016,18/07/2016,Standard Class,FM-14380,Amarillo,Texas,79109.0,Central
US-2016-145121,02/10/2016,06/10/2016,Standard Class,MP-17965,Middletown,Connecticut,6457.0,East
CA-2018-166184,24/03/2018,27/03/2018,First Class,HR-14830,New York City,New York,10035.0,East
CA-2018-157413,01/06/2018,06/06/2018,Standard Class,BW-11065,Philadelphia,Pennsylvania,19120.0,East
CA-2015-143637,24/03/2015,29/03/2015,Second Class,MS-17710,Fresno,California,93727.0,West
CA-2016-102260,22/09/2016,26/09/2016,Standard Class,SJ-20125,Franklin,Tennessee,37064.0,South
US-2017-137295,08/01/2017,13/01/2017,Standard Class,VS-21820,Raleigh,North Carolina,27604.0,South
CA-2017-134334,14/02/2017,15/02/2017,First Class,DK-13090,Clinton,Maryland,20735.0,East
US-2018-109316,08/06/2018,10/06/2018,First Class,MG-17680,Los Angeles,California,90049.0,West
CA-2017-138478,21/10/2017,26/10/2017,Second Class,DP-13390,North Las Vegas,Nevada,89031.0,West
CA-2018-150469,26/01/2018,30/01/2018,Standard Class,CJ-12010,San Francisco,California,94109.0,West
CA-2018-152436,08/12/2018,10/12/2018,Second Class,CW-11905,Cranston,Rhode Island,2920.0,East
CA-2017-169334,21/10/2017,24/10/2017,Second Class,GW-14605,Jackson,Tennessee,38301.0,South
US-2015-115413,26/08/2015,01/09/2015,Standard Class,PP-18955,Newark,Delaware,19711.0,East
CA-2015-125150,16/05/2015,23/05/2015,Standard Class,PW-19030,Los Angeles,California,90036.0,West
CA-2016-127327,03/02/2016,07/02/2016,Standard Class,PW-19030,Rome,New York,13440.0,East
CA-2018-117114,31/10/2018,05/11/2018,Standard Class,CY-12745,Chicago,Illinois,60610.0,Central
CA-2016-137302,26/04/2016,01/05/2016,Standard Class,BW-11110,San Diego,California,92105.0,West
CA-2017-112382,09/05/2017,13/05/2017,Standard Class,MB-18085,Houston,Texas,77036.0,Central
CA-2016-128958,24/01/2016,28/01/2016,Standard Class,CR-12820,West Palm Beach,Florida,33407.0,South
CA-2016-106257,13/04/2016,17/04/2016,Second Class,EB-14110,Los Angeles,California,90045.0,West
CA-2016-149083,25/09/2016,30/09/2016,Standard Class,SH-19975,Seattle,Washington,98103.0,West
US-2015-137869,28/03/2015,02/04/2015,Standard Class,CV-12295,Des Moines,Iowa,50315.0,Central
CA-2017-116603,17/07/2017,22/07/2017,Standard Class,AT-10735,New York City,New York,10024.0,East
CA-2015-158470,19/04/2015,23/04/2015,Second Class,AG-10390,Arlington,Virginia,22204.0,South
US-2018-123834,21/07/2018,25/07/2018,Standard Class,GM-14500,Pharr,Texas,78577.0,Central
CA-2016-125976,27/09/2016,02/10/2016,Standard Class,JK-15205,Arlington,Virginia,22204.0,South
CA-2017-128706,27/02/2017,02/03/2017,Standard Class,DW-13540,Houston,Texas,77070.0,Central
CA-2017-104311,02/05/2017,06/05/2017,Standard Class,AS-10090,Irving,Texas,75061.0,Central
CA-2015-169649,09/12/2015,15/12/2015,Standard Class,TS-21205,Chicago,Illinois,60653.0,Central
CA-2016-144890,25/12/2016,29/12/2016,Standard Class,SM-20320,Los Angeles,California,90049.0,West
CA-2018-135587,07/12/2018,12/12/2018,Standard Class,BH-11710,Hattiesburg,Mississippi,39401.0,South
CA-2015-103429,30/05/2015,01/06/2015,First Class,LW-16825,New York City,New York,10024.0,East
CA-2018-152261,02/03/2018,06/03/2018,Standard Class,JA-15970,Cuyahoga Falls,Ohio,44221.0,East
CA-2016-142993,12/10/2016,17/10/2016,Standard Class,KA-16525,Seattle,Washington,98103.0,West
CA-2016-143364,14/07/2016,19/07/2016,Second Class,TG-21310,Mesa,Arizona,85204.0,West
CA-2015-100972,19/11/2015,24/11/2015,Second Class,DB-13360,Salt Lake City,Utah,84106.0,West
CA-2017-136994,27/05/2017,02/06/2017,Standard Class,LS-17245,Los Angeles,California,90045.0,West
US-2018-166233,03/07/2018,09/07/2018,Standard Class,MO-17950,Jacksonville,North Carolina,28540.0,South
CA-2018-122112,25/09/2018,29/09/2018,Standard Class,CA-11965,Lakewood,Ohio,44107.0,East
CA-2017-101672,03/10/2017,07/10/2017,Standard Class,DB-12910,Lake Forest,California,92630.0,West
CA-2018-168403,09/09/2018,15/09/2018,Standard Class,DK-12835,Portland,Oregon,97206.0,West
CA-2016-148705,12/03/2016,18/03/2016,Standard Class,EB-14170,Charlotte,North Carolina,28205.0,South
CA-2017-160241,29/11/2017,04/12/2017,Second Class,DR-12940,Aurora,Illinois,60505.0,Central
CA-2017-155747,14/06/2017,21/06/2017,Standard Class,JS-15685,Philadelphia,Pennsylvania,19140.0,East
CA-2018-118017,03/12/2018,06/12/2018,Second Class,LC-16870,Thornton,Colorado,80229.0,West
CA-2017-113117,16/08/2017,22/08/2017,Standard Class,JP-15520,Davis,California,95616.0,West
CA-2017-148684,25/12/2017,29/12/2017,Standard Class,TS-21655,Fayetteville,Arkansas,72701.0,South
CA-2018-125367,23/07/2018,30/07/2018,Standard Class,NM-18445,New York City,New York,10011.0,East
CA-2018-124744,21/06/2018,25/06/2018,Standard Class,EH-14125,Wheeling,West Virginia,26003.0,East
CA-2018-128363,13/08/2018,18/08/2018,Standard Class,DC-12850,Memphis,Tennessee,38109.0,South
CA-2016-126669,07/11/2016,13/11/2016,Standard Class,DO-13645,Houston,Texas,77036.0,Central
US-2016-118766,15/10/2016,22/10/2016,Standard Class,LS-16975,Dallas,Texas,75217.0,Central
CA-2017-112585,30/07/2017,02/08/2017,First Class,RW-19630,San Francisco,California,94122.0,West
CA-2017-149762,03/12/2017,07/12/2017,Standard Class,RD-19720,Morgan Hill,California,95037.0,West
CA-2017-167605,28/04/2017,30/04/2017,Second Class,RB-19570,Saint Charles,Illinois,60174.0,Central
US-2018-105697,25/08/2018,27/08/2018,First Class,JE-15715,Cleveland,Ohio,44105.0,East
CA-2018-165323,17/06/2018,21/06/2018,Standard Class,SR-20740,New York City,New York,10024.0,East
CA-2016-110891,20/11/2016,24/11/2016,Standard Class,PO-19195,Philadelphia,Pennsylvania,19140.0,East
CA-2018-100783,04/09/2018,08/09/2018,Second Class,JK-16120,Garland,Texas,75043.0,Central
CA-2016-152513,04/07/2016,08/07/2016,Second Class,JP-16135,San Diego,California,92024.0,West
CA-2018-139822,15/09/2018,21/09/2018,Standard Class,Dp-13240,Waterbury,Connecticut,6708.0,East
CA-2018-107713,13/03/2018,17/03/2018,Standard Class,JB-16000,Columbia,Maryland,21044.0,East
CA-2018-134096,24/09/2018,29/09/2018,Standard Class,PP-18955,Hollywood,Florida,33021.0,South
CA-2017-125843,13/08/2017,16/08/2017,First Class,RF-19840,Springfield,Virginia,22153.0,South
CA-2018-120404,20/11/2018,24/11/2018,Second Class,KH-16330,New York City,New York,10035.0,East
CA-2018-167549,25/07/2018,27/07/2018,First Class,EM-14200,Dallas,Texas,75217.0,Central
CA-2017-120082,25/03/2017,27/03/2017,Second Class,DK-12835,New York City,New York,10024.0,East
US-2017-168095,15/07/2017,20/07/2017,Standard Class,MC-17425,Portland,Oregon,97206.0,West
CA-2018-166093,17/08/2018,24/08/2018,Standard Class,RW-19540,Brentwood,California,94513.0,West
CA-2017-146325,14/12/2017,17/12/2017,First Class,DS-13180,San Diego,California,92037.0,West
CA-2018-134194,25/12/2018,01/01/2019,Standard Class,GA-14725,Dallas,Texas,75081.0,Central
CA-2015-131009,01/03/2015,05/03/2015,Standard Class,SC-20380,El Paso,Texas,79907.0,Central
CA-2016-145814,19/11/2016,24/11/2016,Standard Class,KD-16345,New York City,New York,10035.0,East
CA-2015-138359,01/04/2015,06/04/2015,Standard Class,KH-16330,Revere,Massachusetts,2151.0,East
CA-2018-131807,05/10/2018,10/10/2018,Standard Class,GG-14650,Chico,California,95928.0,West
CA-2018-104864,18/11/2018,23/11/2018,Second Class,JS-15685,Miramar,Florida,33023.0,South
CA-2016-138219,23/03/2016,30/03/2016,Standard Class,BP-11095,Los Angeles,California,90049.0,West
CA-2017-157707,10/10/2017,12/10/2017,First Class,CC-12610,Denver,Colorado,80219.0,West
US-2016-126753,16/08/2016,20/08/2016,Standard Class,SP-20860,Philadelphia,Pennsylvania,19134.0,East
CA-2015-166051,31/05/2015,05/06/2015,Standard Class,JK-15625,Jackson,Mississippi,39212.0,South
CA-2016-113040,27/08/2016,31/08/2016,Standard Class,CC-12100,Los Angeles,California,90045.0,West
CA-2015-103800,03/01/2015,07/01/2015,Standard Class,DP-13000,Houston,Texas,77095.0,Central
CA-2015-113383,10/09/2015,13/09/2015,First Class,SF-20065,Clifton,New Jersey,7011.0,East
CA-2018-152499,22/01/2018,25/01/2018,Second Class,EH-13765,Chicago,Illinois,60623.0,Central
CA-2017-151498,21/04/2017,24/04/2017,First Class,DN-13690,Seattle,Washington,98115.0,West
CA-2017-137939,20/07/2017,23/07/2017,Second Class,PJ-19015,Long Beach,New York,11561.0,East
US-2017-117793,23/08/2017,29/08/2017,Standard Class,MA-17560,Sheboygan,Wisconsin,53081.0,Central
CA-2017-133872,14/06/2017,17/06/2017,First Class,VM-21835,Boca Raton,Florida,33433.0,South
US-2016-165743,20/11/2016,23/11/2016,Second Class,MM-18055,Aurora,Colorado,80013.0,West
US-2018-105998,03/11/2018,05/11/2018,First Class,CR-12580,San Diego,California,92037.0,West
US-2015-148194,04/05/2015,07/05/2015,First Class,BS-11365,Seattle,Washington,98105.0,West
US-2016-151407,08/11/2016,12/11/2016,Standard Class,RD-19585,Dubuque,Iowa,52001.0,Central
CA-2016-110870,12/12/2016,15/12/2016,First Class,KD-16270,Los Angeles,California,90032.0,West
CA-2015-143210,01/12/2015,03/12/2015,First Class,AA-10645,Lowell,Massachusetts,1852.0,East
CA-2017-139808,07/10/2017,11/10/2017,Standard Class,MC-18100,Marysville,Washington,98270.0,West
CA-2016-110863,17/11/2016,24/11/2016,Standard Class,AA-10645,Oklahoma City,Oklahoma,73120.0,Central
CA-2015-127859,17/03/2015,20/03/2015,Second Class,QJ-19255,Philadelphia,Pennsylvania,19134.0,East
US-2016-136427,20/06/2016,23/06/2016,First Class,JM-16195,Aurora,Colorado,80013.0,West
CA-2018-120168,25/05/2018,25/05/2018,Same Day,TB-21625,New York City,New York,10009.0,East
US-2015-131870,09/09/2015,11/09/2015,First Class,NF-18595,Lancaster,Ohio,43130.0,East
CA-2018-114804,17/10/2018,19/10/2018,Second Class,BF-11020,Modesto,California,95351.0,West
CA-2018-167227,02/11/2018,05/11/2018,First Class,NP-18670,Saint Louis,Missouri,63116.0,Central
CA-2015-129189,21/07/2015,25/07/2015,Standard Class,HM-14860,Dallas,Texas,75217.0,Central
CA-2016-132465,11/09/2016,15/09/2016,Second Class,DM-13525,New York City,New York,10035.0,East
CA-2017-166373,21/10/2017,25/10/2017,Standard Class,JF-15565,San Antonio,Texas,78207.0,Central
CA-2017-158806,07/01/2017,11/01/2017,Standard Class,NM-18520,Amarillo,Texas,79109.0,Central
CA-2016-119690,25/06/2016,28/06/2016,First Class,MV-17485,Houston,Texas,77041.0,Central
CA-2016-153738,20/09/2016,22/09/2016,First Class,AG-10270,Lawrence,Massachusetts,1841.0,East
CA-2018-169012,10/07/2018,14/07/2018,Standard Class,BF-11275,Columbus,Georgia,31907.0,South
CA-2018-109393,30/06/2018,02/07/2018,Second Class,JC-15775,Los Angeles,California,90032.0,West
CA-2018-121489,21/08/2018,25/08/2018,Second Class,CM-11815,Seattle,Washington,98115.0,West
US-2018-133081,11/03/2018,15/03/2018,Standard Class,PV-18985,Cambridge,Massachusetts,2138.0,East
CA-2018-165008,15/09/2018,17/09/2018,Second Class,DO-13645,Salt Lake City,Utah,84106.0,West
CA-2017-145611,20/09/2017,24/09/2017,Standard Class,HA-14905,New York City,New York,10035.0,East
CA-2017-113600,15/12/2017,17/12/2017,Second Class,SH-20395,Cuyahoga Falls,Ohio,44221.0,East
CA-2018-130834,03/11/2018,06/11/2018,Second Class,JM-16195,Wilmington,North Carolina,28403.0,South
CA-2017-168543,03/07/2017,07/07/2017,Standard Class,DK-13225,New York City,New York,10035.0,East
CA-2015-144974,26/09/2015,30/09/2015,Standard Class,CM-12715,Philadelphia,Pennsylvania,19140.0,East
CA-2015-109904,14/07/2015,17/07/2015,Second Class,BF-10975,New York City,New York,10009.0,East
CA-2018-152205,28/09/2018,05/10/2018,Standard Class,SF-20965,Philadelphia,Pennsylvania,19134.0,East
CA-2016-121188,28/08/2016,04/09/2016,Standard Class,CB-12025,Los Angeles,California,90049.0,West
CA-2016-156013,20/09/2016,26/09/2016,Standard Class,TC-20980,Long Beach,New York,11561.0,East
CA-2017-132997,07/11/2017,09/11/2017,First Class,LW-17215,Rochester,New York,14609.0,East
US-2016-160563,20/10/2016,24/10/2016,Standard Class,NS-18640,San Francisco,California,94109.0,West
CA-2018-151750,01/01/2018,05/01/2018,Standard Class,JM-15250,Huntsville,Texas,77340.0,Central
CA-2016-106187,23/06/2016,29/06/2016,Standard Class,RF-19345,East Point,Georgia,30344.0,South
US-2017-164945,22/11/2017,27/11/2017,Standard Class,CA-12055,New York City,New York,10009.0,East
CA-2016-150714,26/10/2016,01/11/2016,Standard Class,KH-16690,Springfield,Oregon,97477.0,West
CA-2017-105753,20/10/2017,26/10/2017,Standard Class,LC-16960,Arlington,Virginia,22204.0,South
CA-2018-120894,28/04/2018,02/05/2018,Standard Class,JL-15130,Wilmington,North Carolina,28403.0,South
CA-2017-106621,29/09/2017,01/10/2017,Second Class,DM-12955,Yuma,Arizona,85364.0,West
CA-2016-107020,10/07/2016,14/07/2016,Standard Class,MV-18190,San Bernardino,California,92404.0,West
US-2016-117492,07/08/2016,09/08/2016,First Class,NS-18640,Baltimore,Maryland,21215.0,East
CA-2015-101392,07/12/2015,13/12/2015,Standard Class,AS-10630,Seattle,Washington,98103.0,West
CA-2016-127502,10/12/2016,14/12/2016,Standard Class,MT-17815,San Francisco,California,94110.0,West
CA-2018-143658,08/11/2018,13/11/2018,Second Class,SR-20425,New York City,New York,10035.0,East
CA-2018-133046,27/07/2018,01/08/2018,Second Class,DK-13375,Seattle,Washington,98115.0,West
CA-2018-122798,28/12/2018,01/01/2019,Standard Class,SV-20935,Albuquerque,New Mexico,87105.0,West
CA-2017-169663,10/03/2017,13/03/2017,First Class,RH-19510,Los Angeles,California,90045.0,West
CA-2016-149846,22/05/2016,26/05/2016,Standard Class,SB-20185,Los Angeles,California,90045.0,West
CA-2018-159149,17/02/2018,19/02/2018,First Class,CR-12820,Houston,Texas,77041.0,Central
US-2018-167570,08/12/2018,15/12/2018,Standard Class,EG-13900,Philadelphia,Pennsylvania,19140.0,East
CA-2018-160122,18/11/2018,23/11/2018,Standard Class,RD-19930,Chicago,Illinois,60623.0,Central
CA-2017-130393,01/12/2017,03/12/2017,Second Class,JM-15865,San Angelo,Texas,76903.0,Central
CA-2018-144820,03/10/2018,07/10/2018,Second Class,LW-16825,Pasadena,Texas,77506.0,Central
CA-2018-101014,29/08/2018,04/09/2018,Standard Class,RW-19540,Los Angeles,California,90049.0,West
CA-2018-105543,24/11/2018,24/11/2018,Same Day,BG-11695,Garden City,Kansas,67846.0,Central
US-2018-113201,30/06/2018,05/07/2018,Standard Class,TT-21220,Los Angeles,California,90045.0,West
US-2018-106551,22/07/2018,27/07/2018,Standard Class,EB-13930,Chicago,Illinois,60653.0,Central
CA-2017-116722,11/11/2017,16/11/2017,Standard Class,LP-17080,San Francisco,California,94110.0,West
CA-2015-138128,09/12/2015,15/12/2015,Standard Class,FP-14320,Philadelphia,Pennsylvania,19134.0,East
US-2018-150070,07/09/2018,12/09/2018,Standard Class,JA-15970,Modesto,California,95351.0,West
CA-2016-137064,06/02/2016,13/02/2016,Standard Class,TS-21655,Houston,Texas,77070.0,Central
CA-2018-157350,26/08/2018,01/09/2018,Standard Class,DP-13000,Chicago,Illinois,60610.0,Central
CA-2015-127866,20/07/2015,23/07/2015,First Class,JD-15895,Riverside,California,92503.0,West
CA-2016-131352,08/10/2016,13/10/2016,Standard Class,GH-14485,Dallas,Texas,75081.0,Central
CA-2016-121776,16/02/2016,21/02/2016,Standard Class,RD-19585,Los Angeles,California,90008.0,West
CA-2017-118073,12/08/2017,16/08/2017,Standard Class,CS-12490,Lakeland,Florida,33801.0,South
CA-2015-103219,09/11/2015,13/11/2015,Standard Class,BF-11215,New York City,New York,10035.0,East
CA-2017-102561,18/07/2017,22/07/2017,Standard Class,NK-18490,Philadelphia,Pennsylvania,19140.0,East
CA-2017-100993,05/02/2017,10/02/2017,Standard Class,AZ-10750,San Diego,California,92037.0,West
US-2015-112949,20/06/2015,27/06/2015,Standard Class,Co-12640,Lawton,Oklahoma,73505.0,Central
US-2018-146822,09/06/2018,14/06/2018,Standard Class,AG-10675,Salem,Virginia,24153.0,South
US-2017-131058,27/12/2017,31/12/2017,Standard Class,EM-14140,Santa Ana,California,92704.0,West
CA-2015-167997,26/01/2015,29/01/2015,First Class,CA-11965,Rapid City,South Dakota,57701.0,Central
CA-2018-140151,23/03/2018,25/03/2018,First Class,RB-19360,Seattle,Washington,98115.0,West
US-2018-143770,20/03/2018,24/03/2018,Standard Class,RD-19720,Middletown,Connecticut,6457.0,East
CA-2017-131296,04/10/2017,09/10/2017,Standard Class,MS-17830,Baltimore,Maryland,21215.0,East
CA-2017-103464,18/11/2017,22/11/2017,Standard Class,PG-18820,San Diego,California,92105.0,West
CA-2018-136238,26/12/2018,01/01/2019,Standard Class,KB-16240,Odessa,Texas,79762.0,Central
CA-2017-120803,09/03/2017,13/03/2017,Standard Class,RB-19465,Milford,Connecticut,6460.0,East
CA-2017-134138,16/02/2017,20/02/2017,Standard Class,JD-15790,Belleville,New Jersey,7109.0,East
CA-2016-120915,28/09/2016,03/10/2016,Second Class,JJ-15445,New York City,New York,10035.0,East
CA-2016-168207,02/11/2016,06/11/2016,Standard Class,LT-17110,San Diego,California,92105.0,West
CA-2017-144148,31/07/2017,05/08/2017,Standard Class,AH-10690,San Francisco,California,94122.0,West
CA-2018-107174,06/11/2018,13/11/2018,Standard Class,AB-10060,Seattle,Washington,98105.0,West
CA-2017-146150,14/02/2017,19/02/2017,Standard Class,FM-14380,Jackson,Mississippi,39212.0,South
CA-2015-114125,09/07/2015,13/07/2015,Standard Class,GH-14410,Los Angeles,California,90049.0,West
CA-2017-114944,30/01/2017,04/02/2017,Standard Class,HE-14800,Chicago,Illinois,60623.0,Central
CA-2017-135965,22/09/2017,25/09/2017,First Class,SZ-20035,New York City,New York,10035.0,East
CA-2018-149699,22/12/2018,24/12/2018,First Class,CM-12115,Los Angeles,California,90008.0,West
CA-2017-166429,02/09/2017,08/09/2017,Standard Class,TG-21310,Des Moines,Washington,98198.0,West
CA-2016-112767,02/08/2016,06/08/2016,Standard Class,DK-12985,Springfield,Oregon,97477.0,West
CA-2016-119879,21/11/2016,25/11/2016,Standard Class,SS-20410,Philadelphia,Pennsylvania,19120.0,East
CA-2018-155642,18/05/2018,22/05/2018,Standard Class,BM-11575,Chicago,Illinois,60653.0,Central
US-2018-101721,23/07/2018,27/07/2018,Standard Class,MY-17380,Chicago,Illinois,60623.0,Central
CA-2016-136728,13/09/2016,17/09/2016,Second Class,AG-10900,Chicago,Illinois,60623.0,Central
CA-2017-127194,10/12/2017,16/12/2017,Standard Class,BW-11110,New York City,New York,10024.0,East
CA-2016-140375,02/10/2016,05/10/2016,Second Class,SG-20470,Rockville,Maryland,20852.0,East
US-2018-155866,17/11/2018,21/11/2018,Standard Class,CC-12370,New York City,New York,10011.0,East
CA-2016-141327,30/11/2016,03/12/2016,First Class,LR-16915,Durham,North Carolina,27707.0,South
CA-2016-136700,06/12/2016,11/12/2016,Second Class,DB-13120,Santa Barbara,California,93101.0,West
CA-2018-102736,05/09/2018,09/09/2018,Standard Class,LP-17095,Knoxville,Tennessee,37918.0,South
CA-2018-125269,24/04/2018,30/04/2018,Standard Class,AF-10870,Chicago,Illinois,60610.0,Central
CA-2016-114811,08/11/2016,08/11/2016,Same Day,KD-16495,New York City,New York,10024.0,East
CA-2016-122266,26/04/2016,30/04/2016,Standard Class,SA-20830,Daytona Beach,Florida,32114.0,South
CA-2016-141565,20/09/2016,24/09/2016,Standard Class,BG-11035,Nashville,Tennessee,37211.0,South
CA-2018-128769,07/09/2018,12/09/2018,Standard Class,DM-12955,Nashville,Tennessee,37211.0,South
CA-2017-116337,07/11/2017,12/11/2017,Standard Class,MC-17845,Dallas,Texas,75220.0,Central
CA-2016-120845,25/09/2016,02/10/2016,Standard Class,ML-17395,Murfreesboro,Tennessee,37130.0,South
CA-2015-120775,03/10/2015,07/10/2015,Standard Class,RD-19930,Dallas,Texas,75217.0,Central
CA-2015-152905,18/02/2015,24/02/2015,Standard Class,AB-10015,Arlington,Texas,76017.0,Central
CA-2017-104633,12/06/2017,16/06/2017,Standard Class,EA-14035,Pasadena,California,91104.0,West
CA-2018-104136,01/11/2018,04/11/2018,Second Class,SF-20065,Everett,Massachusetts,2149.0,East
CA-2017-123050,04/04/2017,08/04/2017,Second Class,BC-11125,Troy,New York,12180.0,East
CA-2017-162355,30/06/2017,02/07/2017,Second Class,PF-19165,Sandy Springs,Georgia,30328.0,South
CA-2015-158225,22/09/2015,28/09/2015,Standard Class,SE-20110,San Jose,California,95123.0,West
CA-2018-102204,01/05/2018,06/05/2018,Standard Class,CJ-12010,Jacksonville,Florida,32216.0,South
CA-2018-103065,20/10/2018,20/10/2018,Same Day,PT-19090,Jacksonville,Florida,32216.0,South
CA-2015-109855,01/09/2015,05/09/2015,Standard Class,LH-16900,New York City,New York,10009.0,East
CA-2015-109897,12/08/2015,16/08/2015,Standard Class,BW-11200,San Francisco,California,94122.0,West
US-2015-143581,19/08/2015,23/08/2015,Standard Class,BS-11365,Columbus,Georgia,31907.0,South
CA-2016-129217,10/05/2016,10/05/2016,Same Day,DP-13390,Aurora,Illinois,60505.0,Central
CA-2017-133816,10/05/2017,13/05/2017,Second Class,CS-12400,Philadelphia,Pennsylvania,19134.0,East
CA-2016-140221,05/03/2016,09/03/2016,Second Class,MS-17365,Chicago,Illinois,60653.0,Central
CA-2018-152310,12/08/2018,19/08/2018,Standard Class,DK-12895,Seattle,Washington,98103.0,West
CA-2017-118101,26/06/2017,26/06/2017,Same Day,SN-20560,Roseville,Michigan,48066.0,Central
CA-2017-100307,15/12/2017,19/12/2017,Standard Class,TC-21475,Fayetteville,Arkansas,72701.0,South
CA-2016-138457,13/09/2016,17/09/2016,Standard Class,AM-10705,Jacksonville,North Carolina,28540.0,South
CA-2015-131800,30/12/2015,04/01/2016,Standard Class,AJ-10960,New York City,New York,10035.0,East
CA-2015-118304,29/04/2015,04/05/2015,Standard Class,KH-16360,Dover,Delaware,19901.0,East
CA-2018-121790,30/01/2018,06/02/2018,Standard Class,LP-17095,Aurora,Illinois,60505.0,Central
CA-2017-169670,25/12/2017,31/12/2017,Standard Class,JE-15715,New York City,New York,10009.0,East
CA-2017-139549,20/10/2017,25/10/2017,Standard Class,MY-18295,El Cajon,California,92020.0,West
CA-2016-104059,13/06/2016,15/06/2016,Second Class,FC-14245,Springfield,Ohio,45503.0,East
CA-2018-164112,30/06/2018,04/07/2018,Standard Class,ND-18460,Mount Vernon,New York,10550.0,East
CA-2016-143882,26/06/2016,30/06/2016,Standard Class,DB-13360,Lakewood,Ohio,44107.0,East
US-2017-139262,21/02/2017,25/02/2017,Standard Class,LC-16960,Tampa,Florida,33614.0,South
CA-2018-146192,22/04/2018,26/04/2018,Standard Class,BD-11725,Columbus,Georgia,31907.0,South
CA-2018-134810,09/05/2018,10/05/2018,First Class,MC-17605,Jacksonville,North Carolina,28540.0,South
CA-2016-154284,21/12/2016,26/12/2016,Second Class,SZ-20035,Saint Charles,Illinois,60174.0,Central
CA-2015-156244,12/08/2015,16/08/2015,Standard Class,DH-13675,Miami,Florida,33180.0,South
CA-2016-106362,11/12/2016,15/12/2016,Standard Class,LC-16885,Troy,Ohio,45373.0,East
US-2018-168802,03/11/2018,07/11/2018,Standard Class,JO-15145,Seattle,Washington,98103.0,West
US-2018-146906,13/03/2018,17/03/2018,Standard Class,MT-17815,New York City,New York,10011.0,East
CA-2017-166380,30/05/2017,03/06/2017,Standard Class,EB-13750,Arlington,Virginia,22204.0,South
US-2016-158911,05/07/2016,11/07/2016,Standard Class,RS-19765,Charlotte,North Carolina,28205.0,South
US-2015-103338,11/03/2015,15/03/2015,Standard Class,RB-19435,Roseville,California,95661.0,West
CA-2016-109169,20/04/2016,24/04/2016,Standard Class,OT-18730,Detroit,Michigan,48234.0,Central
US-2018-167318,26/07/2018,01/08/2018,Standard Class,GZ-14545,Los Angeles,California,90036.0,West
US-2015-120313,31/10/2015,02/11/2015,Second Class,NL-18310,San Francisco,California,94110.0,West
CA-2018-135419,03/11/2018,09/11/2018,Standard Class,BG-11740,Bakersfield,California,93309.0,West
CA-2017-128671,11/08/2017,16/08/2017,Standard Class,MT-18070,Tulsa,Oklahoma,74133.0,Central
CA-2017-149335,25/07/2017,25/07/2017,Same Day,BC-11125,San Francisco,California,94122.0,West
CA-2015-168312,01/03/2015,07/03/2015,Standard Class,GW-14605,Houston,Texas,77036.0,Central
US-2018-105935,26/01/2018,31/01/2018,Standard Class,BD-11500,Columbus,Georgia,31907.0,South
CA-2015-161508,12/07/2015,16/07/2015,Standard Class,PV-18985,League City,Texas,77573.0,Central
CA-2018-130904,11/04/2018,16/04/2018,Standard Class,HM-14980,Burlington,North Carolina,27217.0,South
CA-2018-133620,13/11/2018,18/11/2018,Standard Class,EM-14065,New York City,New York,10009.0,East
CA-2016-142937,05/12/2016,06/12/2016,First Class,SF-20065,Dallas,Texas,75220.0,Central
US-2017-149790,26/09/2017,01/10/2017,Standard Class,SC-20380,Houston,Texas,77095.0,Central
CA-2017-130778,19/11/2017,25/11/2017,Standard Class,ND-18370,Long Beach,New York,11561.0,East
CA-2018-144456,08/09/2018,09/09/2018,First Class,FC-14245,Hialeah,Florida,33012.0,South
CA-2018-103478,21/07/2018,24/07/2018,Second Class,KL-16555,Aurora,Illinois,60505.0,Central
CA-2018-118577,06/10/2018,11/10/2018,Standard Class,XP-21865,Belleville,New Jersey,7109.0,East
CA-2018-113572,07/11/2018,11/11/2018,Standard Class,FP-14320,New York City,New York,10024.0,East
CA-2017-153269,09/03/2017,12/03/2017,First Class,PS-18760,Andover,Massachusetts,1810.0,East
CA-2018-161655,13/05/2018,18/05/2018,Second Class,CW-11905,Newark,Delaware,19711.0,East
CA-2017-101469,02/07/2017,08/07/2017,Standard Class,KH-16360,Arlington,Virginia,22204.0,South
CA-2015-153087,27/12/2015,03/01/2016,Standard Class,TC-20980,Decatur,Alabama,35601.0,South
CA-2018-135076,13/04/2018,17/04/2018,Standard Class,YS-21880,Hesperia,California,92345.0,West
CA-2015-161634,14/11/2015,20/11/2015,Standard Class,CC-12220,Chesapeake,Virginia,23320.0,South
CA-2018-141481,11/06/2018,14/06/2018,First Class,ZD-21925,Los Angeles,California,90036.0,West
CA-2017-132549,25/11/2017,30/11/2017,Standard Class,JK-15370,Huntsville,Alabama,35810.0,South
US-2015-155544,21/03/2015,25/03/2015,Standard Class,GM-14440,Knoxville,Tennessee,37918.0,South
US-2016-115238,30/04/2016,04/05/2016,Standard Class,JW-15220,Lawrence,Massachusetts,1841.0,East
CA-2018-132199,03/05/2018,08/05/2018,Standard Class,BO-11350,Philadelphia,Pennsylvania,19134.0,East
CA-2017-163174,26/08/2017,30/08/2017,Standard Class,XP-21865,Athens,Georgia,30605.0,South
CA-2015-110555,11/04/2015,18/04/2015,Standard Class,MM-18055,Great Falls,Montana,59405.0,West
CA-2018-147207,02/01/2018,04/01/2018,Second Class,TS-21655,El Paso,Texas,79907.0,Central
CA-2018-137631,28/04/2018,02/05/2018,Standard Class,JL-15235,Kissimmee,Florida,34741.0,South
CA-2018-157273,30/01/2018,02/02/2018,First Class,SZ-20035,Seattle,Washington,98105.0,West
CA-2015-109918,07/09/2015,12/09/2015,Second Class,LR-17035,Santa Clara,California,95051.0,West
CA-2017-118745,11/06/2017,16/06/2017,Standard Class,SV-20365,Los Angeles,California,90049.0,West
CA-2017-163972,17/10/2017,21/10/2017,Standard Class,MG-17890,Fresno,California,93727.0,West
CA-2015-165393,27/12/2015,30/12/2015,First Class,NC-18415,Fort Worth,Texas,76106.0,Central
CA-2017-113726,24/11/2017,01/12/2017,Standard Class,SC-20680,Seattle,Washington,98105.0,West
CA-2017-152940,10/11/2017,13/11/2017,First Class,RO-19780,San Francisco,California,94110.0,West
CA-2016-158701,05/01/2016,10/01/2016,Standard Class,JL-15175,San Francisco,California,94110.0,West
CA-2018-156272,21/03/2018,27/03/2018,Standard Class,PW-19030,Pompano Beach,Florida,33068.0,South
CA-2016-162964,12/11/2016,18/11/2016,Standard Class,MF-18250,Houston,Texas,77095.0,Central
CA-2015-103527,09/09/2015,14/09/2015,Second Class,CC-12220,Chicago,Illinois,60653.0,Central
CA-2017-134544,17/03/2017,19/03/2017,Second Class,AC-10660,San Francisco,California,94109.0,West
CA-2017-163048,08/02/2017,15/02/2017,Standard Class,MH-17440,Houston,Texas,77036.0,Central
CA-2017-145135,26/11/2017,28/11/2017,First Class,CD-12790,Shelton,Connecticut,6484.0,East
CA-2018-137582,04/09/2018,08/09/2018,Standard Class,CV-12805,Oakland,California,94601.0,West
CA-2016-149601,28/05/2016,03/06/2016,Standard Class,TB-21625,Manchester,Connecticut,6040.0,East
CA-2015-139423,01/11/2015,05/11/2015,Standard Class,DG-13300,Orange,New Jersey,7050.0,East
CA-2017-102596,27/12/2017,30/12/2017,First Class,RD-19810,Akron,Ohio,44312.0,East
CA-2018-153227,04/12/2018,06/12/2018,First Class,CS-12250,Los Angeles,California,90032.0,West
CA-2018-110625,23/12/2018,30/12/2018,Standard Class,JB-16045,Danbury,Connecticut,6810.0,East
CA-2017-142594,01/12/2017,06/12/2017,Second Class,EJ-14155,Franklin,Massachusetts,2038.0,East
CA-2015-152254,30/06/2015,30/06/2015,Same Day,BD-11620,Wilmington,North Carolina,28403.0,South
US-2015-120236,03/09/2015,04/09/2015,First Class,MR-17545,Houston,Texas,77095.0,Central
CA-2018-120061,02/11/2018,07/11/2018,Second Class,SR-20425,Springfield,Ohio,45503.0,East
CA-2016-133837,13/04/2016,18/04/2016,Standard Class,TH-21100,Glendale,Arizona,85301.0,West
CA-2016-110814,05/12/2016,09/12/2016,Second Class,BD-11635,New York City,New York,10009.0,East
CA-2017-154067,01/02/2017,07/02/2017,Standard Class,SM-20950,Los Angeles,California,90036.0,West
CA-2018-140480,08/07/2018,12/07/2018,Standard Class,HE-14800,Newark,Delaware,19711.0,East
CA-2016-134082,11/12/2016,17/12/2016,Standard Class,JK-15640,San Bernardino,California,92404.0,West
CA-2017-130820,15/11/2017,15/11/2017,Same Day,ON-18715,Burlington,North Carolina,27217.0,South
CA-2017-159765,09/05/2017,12/05/2017,Second Class,TH-21100,Salem,Virginia,24153.0,South
CA-2018-132290,10/03/2018,14/03/2018,Standard Class,MD-17350,Dallas,Texas,75217.0,Central
CA-2017-147109,17/12/2017,21/12/2017,Standard Class,AH-10075,Arlington,Texas,76017.0,Central
CA-2018-107265,06/04/2018,12/04/2018,Standard Class,ML-17755,Marion,Iowa,52302.0,Central
CA-2018-118199,09/05/2018,11/05/2018,First Class,LB-16795,Seattle,Washington,98105.0,West
CA-2018-150091,12/10/2018,16/10/2018,Standard Class,NP-18670,Lakewood,New Jersey,8701.0,East
CA-2017-137652,28/08/2017,30/08/2017,First Class,EB-13750,Cincinnati,Ohio,45231.0,East
CA-2016-128356,02/10/2016,07/10/2016,Standard Class,RP-19390,Thornton,Colorado,80229.0,West
CA-2018-167017,23/11/2018,25/11/2018,First Class,DC-12850,Roseville,Michigan,48066.0,Central
US-2018-132220,12/11/2018,16/11/2018,Standard Class,DJ-13510,Tempe,Arizona,85281.0,West
CA-2017-118129,19/12/2017,21/12/2017,Second Class,CL-12565,Reading,Pennsylvania,19601.0,East
US-2015-113124,30/03/2015,05/04/2015,Standard Class,NC-18340,Apple Valley,Minnesota,55124.0,Central
CA-2018-155621,08/11/2018,13/11/2018,Standard Class,KN-16450,Baltimore,Maryland,21215.0,East
US-2015-127635,14/09/2015,18/09/2015,Second Class,SC-20260,Corpus Christi,Texas,78415.0,Central
CA-2016-151470,20/09/2016,26/09/2016,Standard Class,AM-10705,Las Vegas,Nevada,89115.0,West
CA-2016-112823,10/12/2016,16/12/2016,Standard Class,RA-19945,Cleveland,Ohio,44105.0,East
CA-2015-108861,28/05/2015,01/06/2015,Standard Class,MM-17260,Seattle,Washington,98105.0,West
CA-2018-114370,14/03/2018,17/03/2018,Second Class,BN-11470,Chicago,Illinois,60623.0,Central
CA-2017-158302,08/12/2017,12/12/2017,Second Class,JB-16045,Columbus,Ohio,43229.0,East
CA-2018-145779,06/05/2018,10/05/2018,Standard Class,DB-13615,Tucson,Arizona,85705.0,West
US-2017-155173,06/03/2017,10/03/2017,Standard Class,JB-16045,Philadelphia,Pennsylvania,19120.0,East
CA-2018-125451,23/10/2018,24/10/2018,First Class,AH-10075,Cranston,Rhode Island,2920.0,East
CA-2015-131387,28/04/2015,30/04/2015,First Class,AI-10855,San Francisco,California,94122.0,West
CA-2017-125087,18/04/2017,23/04/2017,Standard Class,TH-21115,Houston,Texas,77070.0,Central
CA-2017-154081,22/05/2017,29/05/2017,Standard Class,JE-15610,Los Angeles,California,90049.0,West
US-2018-118556,28/05/2018,02/06/2018,Second Class,TH-21235,Chicago,Illinois,60653.0,Central
CA-2015-126200,25/08/2015,29/08/2015,Standard Class,JE-15715,Houston,Texas,77070.0,Central
CA-2015-146500,30/08/2015,04/09/2015,Standard Class,AT-10735,Bristol,Connecticut,6010.0,East
CA-2016-169537,03/09/2016,07/09/2016,Second Class,JH-15820,Holland,Michigan,49423.0,Central
CA-2015-100881,28/03/2015,01/04/2015,Standard Class,DR-12940,Albuquerque,New Mexico,87105.0,West
CA-2016-144043,10/05/2016,15/05/2016,Standard Class,AB-10165,Louisville,Colorado,80027.0,West
CA-2016-116512,09/04/2016,14/04/2016,Standard Class,MC-18100,New York City,New York,10024.0,East
CA-2016-101000,09/04/2016,14/04/2016,Standard Class,IG-15085,Norwich,Connecticut,6360.0,East
CA-2017-168557,19/09/2017,23/09/2017,Standard Class,FH-14275,San Francisco,California,94122.0,West
US-2017-164196,11/11/2017,17/11/2017,Standard Class,AS-10285,Noblesville,Indiana,46060.0,Central
US-2018-132031,23/04/2018,27/04/2018,Standard Class,PN-18775,Clarksville,Tennessee,37042.0,South
CA-2016-169733,22/10/2016,26/10/2016,Second Class,GM-14500,Hollywood,Florida,33021.0,South
CA-2018-169404,09/04/2018,14/04/2018,Standard Class,NC-18625,York,Pennsylvania,17403.0,East
CA-2018-134880,27/10/2018,01/11/2018,Standard Class,TW-21025,Mesa,Arizona,85204.0,West
CA-2016-145758,30/10/2016,30/10/2016,Same Day,BF-11020,New York City,New York,10024.0,East
CA-2018-158736,18/12/2018,24/12/2018,Standard Class,TT-21460,San Francisco,California,94110.0,West
US-2017-119270,12/03/2017,16/03/2017,Standard Class,SW-20245,Los Angeles,California,90036.0,West
CA-2015-109890,21/07/2015,27/07/2015,Standard Class,PG-18820,Omaha,Nebraska,68104.0,Central
CA-2017-138583,24/05/2017,28/05/2017,Standard Class,DP-13390,Philadelphia,Pennsylvania,19120.0,East
US-2018-118535,11/02/2018,15/02/2018,Standard Class,DJ-13510,New York City,New York,10024.0,East
CA-2017-126284,20/09/2017,24/09/2017,Standard Class,EN-13780,Grand Rapids,Michigan,49505.0,Central
CA-2018-142391,24/09/2018,24/09/2018,Same Day,PB-19150,Seattle,Washington,98115.0,West
CA-2018-124716,27/03/2018,31/03/2018,Standard Class,BD-11560,Fresno,California,93727.0,West
CA-2017-158841,02/02/2017,04/02/2017,Second Class,SE-20110,Arlington,Virginia,22204.0,South
CA-2018-106824,07/07/2018,11/07/2018,Standard Class,AT-10735,Los Angeles,California,90049.0,West
CA-2016-109190,23/10/2016,28/10/2016,Standard Class,CC-12685,Lubbock,Texas,79424.0,Central
CA-2017-143154,02/12/2017,08/12/2017,Standard Class,AS-10225,Longmont,Colorado,80501.0,West
CA-2015-169061,05/03/2015,08/03/2015,Second Class,AB-10150,Yonkers,New York,10701.0,East
CA-2016-102316,01/03/2016,03/03/2016,Second Class,DH-13075,Los Angeles,California,90045.0,West
CA-2015-164903,20/02/2015,24/02/2015,Standard Class,SR-20740,Los Angeles,California,90049.0,West
CA-2017-109400,02/05/2017,06/05/2017,Standard Class,NR-18550,Amarillo,Texas,79109.0,Central
CA-2017-130400,08/03/2017,12/03/2017,Standard Class,SJ-20125,Dallas,Texas,75217.0,Central
CA-2016-135853,11/12/2016,14/12/2016,First Class,CA-12775,Detroit,Michigan,48205.0,Central
CA-2017-103359,22/12/2017,26/12/2017,Standard Class,LC-16885,New York City,New York,10035.0,East
CA-2017-144645,02/02/2017,08/02/2017,Standard Class,NS-18640,Houston,Texas,77041.0,Central
CA-2018-141614,05/06/2018,09/06/2018,Standard Class,NS-18640,Orlando,Florida,32839.0,South
CA-2016-122168,21/08/2016,26/08/2016,Standard Class,HG-14965,Florence,Kentucky,41042.0,South
CA-2017-132899,07/04/2017,11/04/2017,Standard Class,SF-20200,New York City,New York,10009.0,East
CA-2018-149720,04/06/2018,07/06/2018,Second Class,EM-14065,Frisco,Texas,75034.0,Central
CA-2018-118003,04/12/2018,10/12/2018,Standard Class,DO-13645,Paterson,New Jersey,7501.0,East
CA-2017-141887,11/01/2017,15/01/2017,Standard Class,MP-17470,Columbus,Ohio,43229.0,East
US-2017-160206,01/04/2017,07/04/2017,Standard Class,MY-18295,Milwaukee,Wisconsin,53209.0,Central
CA-2018-133074,21/09/2018,25/09/2018,Standard Class,DB-13615,San Francisco,California,94109.0,West
CA-2018-161172,16/03/2018,16/03/2018,Same Day,SP-20920,Columbus,Ohio,43229.0,East
CA-2018-137624,10/11/2018,17/11/2018,Standard Class,ME-17320,Los Angeles,California,90008.0,West
CA-2017-156748,30/11/2017,06/12/2017,Standard Class,BS-11755,Detroit,Michigan,48227.0,Central
CA-2016-169677,13/01/2016,15/01/2016,Second Class,KS-16300,Columbus,Georgia,31907.0,South
US-2015-163146,16/05/2015,20/05/2015,Standard Class,CC-12475,San Francisco,California,94122.0,West
CA-2016-157343,07/06/2016,11/06/2016,Standard Class,HD-14785,Philadelphia,Pennsylvania,19143.0,East
CA-2018-147354,09/03/2018,13/03/2018,Standard Class,KB-16315,Los Angeles,California,90008.0,West
CA-2016-157287,22/12/2016,23/12/2016,First Class,HR-14830,Philadelphia,Pennsylvania,19140.0,East
CA-2015-137575,06/08/2015,11/08/2015,Standard Class,TB-21625,New York City,New York,10035.0,East
CA-2017-119074,27/03/2017,31/03/2017,Standard Class,DS-13180,Columbus,Georgia,31907.0,South
CA-2016-149566,05/12/2016,10/12/2016,Standard Class,GB-14530,Los Angeles,California,90049.0,West
CA-2016-126186,11/09/2016,12/09/2016,First Class,GB-14530,Aurora,Colorado,80013.0,West
CA-2016-121132,17/07/2016,24/07/2016,Standard Class,VB-21745,Houston,Texas,77041.0,Central
CA-2015-140473,30/05/2015,03/06/2015,Standard Class,MC-17425,Chicago,Illinois,60623.0,Central
US-2018-102904,13/11/2018,20/11/2018,Standard Class,CB-12025,Decatur,Alabama,35601.0,South
CA-2017-102092,09/12/2017,11/12/2017,First Class,PM-18940,Springfield,Virginia,22153.0,South
CA-2016-117884,22/03/2016,22/03/2016,Same Day,DC-13285,Plantation,Florida,33317.0,South
CA-2017-132829,23/12/2017,26/12/2017,Second Class,LA-16780,Houston,Texas,77041.0,Central
CA-2017-123540,02/04/2017,06/04/2017,Second Class,DJ-13420,Milwaukee,Wisconsin,53209.0,Central
US-2018-108315,30/04/2018,04/05/2018,Standard Class,MH-18115,Sanford,Florida,32771.0,South
CA-2017-134110,17/11/2017,18/11/2017,First Class,BG-11035,The Colony,Texas,75056.0,Central
US-2017-136581,10/11/2017,12/11/2017,First Class,SV-20365,Troy,Ohio,45373.0,East
CA-2017-162390,06/12/2017,12/12/2017,Standard Class,DP-13105,Hempstead,New York,11550.0,East
CA-2017-162222,03/04/2017,03/04/2017,Same Day,SR-20740,Dallas,Texas,75081.0,Central
CA-2015-121629,28/11/2015,02/12/2015,Standard Class,BT-11680,Houston,Texas,77041.0,Central
CA-2016-164623,20/10/2016,22/10/2016,First Class,MS-17770,New York City,New York,10035.0,East
CA-2015-159849,19/09/2015,19/09/2015,Same Day,JK-15640,San Francisco,California,94110.0,West
CA-2018-101273,27/08/2018,30/08/2018,Second Class,ST-20530,Port Saint Lucie,Florida,34952.0,South
CA-2018-106747,03/07/2018,04/07/2018,First Class,TS-21505,Concord,New Hampshire,3301.0,East
CA-2018-146164,22/12/2018,26/12/2018,Standard Class,CM-12190,Rochester,Minnesota,55901.0,Central
CA-2017-111605,27/12/2017,02/01/2018,Standard Class,JW-15955,Louisville,Kentucky,40214.0,South
CA-2015-130673,20/05/2015,22/05/2015,Second Class,MC-17590,San Marcos,Texas,78666.0,Central
CA-2015-104808,04/02/2015,08/02/2015,Second Class,MH-17440,Escondido,California,92025.0,West
US-2018-132927,09/12/2018,15/12/2018,Standard Class,RD-19720,Philadelphia,Pennsylvania,19134.0,East
CA-2018-162015,11/07/2018,18/07/2018,Standard Class,KB-16240,Los Angeles,California,90049.0,West
CA-2016-138492,15/05/2016,22/05/2016,Standard Class,FC-14335,Philadelphia,Pennsylvania,19140.0,East
CA-2018-145338,29/01/2018,01/02/2018,First Class,BD-11770,Philadelphia,Pennsylvania,19120.0,East
CA-2018-126676,29/09/2018,01/10/2018,First Class,FH-14365,Hempstead,New York,11550.0,East
CA-2018-101700,23/04/2018,26/04/2018,First Class,SO-20335,Greeley,Colorado,80634.0,West
CA-2018-159667,09/11/2018,13/11/2018,Standard Class,PM-19135,Jacksonville,Florida,32216.0,South
CA-2015-111934,05/05/2015,07/05/2015,First Class,GD-14590,Arlington,Virginia,22204.0,South
US-2017-117387,27/10/2017,31/10/2017,Standard Class,PA-19060,San Francisco,California,94122.0,West
CA-2015-141110,26/11/2015,01/12/2015,Standard Class,LS-17200,Fresno,California,93727.0,West
US-2015-133949,31/12/2015,31/12/2015,Same Day,JL-15175,Reno,Nevada,89502.0,West
US-2017-116365,03/01/2017,08/01/2017,Standard Class,CA-12310,San Antonio,Texas,78207.0,Central
CA-2018-162936,18/08/2018,22/08/2018,Standard Class,CM-12160,New Bedford,Massachusetts,2740.0,East
CA-2015-151946,04/06/2015,09/06/2015,Standard Class,BT-11440,New York City,New York,10035.0,East
CA-2018-123624,13/11/2018,17/11/2018,Second Class,SE-20110,Oxnard,California,93030.0,West
CA-2017-146437,28/01/2017,01/02/2017,Second Class,HG-14965,Los Angeles,California,90036.0,West
CA-2017-138233,09/11/2017,14/11/2017,Standard Class,PF-19165,Oakland,California,94601.0,West
CA-2017-165918,10/09/2017,14/09/2017,Standard Class,BD-11770,Edmonds,Washington,98026.0,West
CA-2018-117513,03/03/2018,08/03/2018,Standard Class,BT-11395,Los Angeles,California,90004.0,West
CA-2018-132437,08/09/2018,13/09/2018,Second Class,EM-14095,New York City,New York,10024.0,East
US-2018-119319,06/11/2018,09/11/2018,Second Class,LC-17050,Dallas,Texas,75217.0,Central
CA-2018-104318,13/05/2018,18/05/2018,Standard Class,FH-14275,Franklin,Tennessee,37064.0,South
US-2017-114230,27/11/2017,01/12/2017,Standard Class,CM-12235,Phoenix,Arizona,85023.0,West
CA-2016-136147,13/11/2016,18/11/2016,Standard Class,FM-14380,Miami,Florida,33178.0,South
CA-2016-156118,08/12/2016,12/12/2016,Standard Class,HG-14965,Colorado Springs,Colorado,80906.0,West
CA-2016-164084,07/09/2016,12/09/2016,Standard Class,AG-10525,New York City,New York,10011.0,East
CA-2017-107783,28/07/2017,29/07/2017,First Class,OT-18730,Bethlehem,Pennsylvania,18018.0,East
CA-2018-159793,25/08/2018,29/08/2018,Standard Class,SV-20365,Philadelphia,Pennsylvania,19140.0,East
CA-2015-160094,30/04/2015,02/05/2015,First Class,JM-16195,Louisville,Kentucky,40214.0,South
CA-2018-151281,27/04/2018,02/05/2018,Standard Class,HM-14980,Seattle,Washington,98105.0,West
CA-2018-118346,23/07/2018,24/07/2018,First Class,PO-19180,Kenosha,Wisconsin,53142.0,Central
CA-2015-129819,13/12/2015,15/12/2015,Second Class,KC-16675,Henderson,Kentucky,42420.0,South
US-2018-148551,12/01/2018,16/01/2018,Standard Class,DB-13120,Dallas,Texas,75217.0,Central
CA-2018-147767,02/12/2018,02/12/2018,Same Day,SV-20935,Peoria,Arizona,85345.0,West
CA-2016-108259,08/11/2016,15/11/2016,Standard Class,NS-18640,Jacksonville,North Carolina,28540.0,South
CA-2017-113341,25/11/2017,29/11/2017,Standard Class,MH-17455,Los Angeles,California,90032.0,West
US-2016-131842,05/12/2016,08/12/2016,First Class,RR-19525,Nashville,Tennessee,37211.0,South
CA-2017-164574,29/07/2017,03/08/2017,Standard Class,RH-19555,Charlotte,North Carolina,28205.0,South
CA-2015-142769,13/09/2015,13/09/2015,Same Day,RP-19390,Seattle,Washington,98103.0,West
CA-2017-168361,21/06/2017,25/06/2017,Standard Class,KB-16600,Chicago,Illinois,60623.0,Central
CA-2017-153185,03/09/2017,08/09/2017,Standard Class,MH-17620,Cincinnati,Ohio,45231.0,East
CA-2018-124765,25/11/2018,30/11/2018,Standard Class,HZ-14950,Fort Lauderdale,Florida,33311.0,South
CA-2016-131856,12/05/2016,17/05/2016,Standard Class,JG-15160,Houston,Texas,77041.0,Central
CA-2018-126634,30/03/2018,01/04/2018,Second Class,AB-10165,Lakewood,California,90712.0,West
CA-2017-118500,17/11/2017,18/11/2017,First Class,HJ-14875,San Francisco,California,94122.0,West
CA-2017-163951,30/12/2017,02/01/2018,First Class,CJ-11875,Philadelphia,Pennsylvania,19140.0,East
CA-2017-149916,22/12/2017,24/12/2017,Second Class,ED-13885,Seattle,Washington,98115.0,West
CA-2016-158918,20/12/2016,25/12/2016,Second Class,AI-10855,Los Angeles,California,90036.0,West
US-2015-159611,27/12/2015,01/01/2016,Second Class,KB-16315,Cleveland,Ohio,44105.0,East
CA-2018-163265,16/02/2018,21/02/2018,Standard Class,JS-16030,Decatur,Illinois,62521.0,Central
CA-2018-141705,24/10/2018,26/10/2018,First Class,PO-18850,Mansfield,Texas,76063.0,Central
CA-2017-112739,02/09/2017,07/09/2017,Second Class,RD-19810,Houston,Texas,77070.0,Central
CA-2017-143805,01/12/2017,03/12/2017,Second Class,JD-15895,Richmond,Virginia,23223.0,South
CA-2015-133634,05/11/2015,10/11/2015,Standard Class,SR-20740,Arlington,Virginia,22204.0,South
CA-2018-101665,25/11/2018,01/12/2018,Standard Class,TZ-21580,San Francisco,California,94122.0,West
CA-2017-155446,16/12/2017,23/12/2017,Standard Class,TN-21040,San Diego,California,92024.0,West
CA-2018-137323,14/11/2018,18/11/2018,Second Class,PW-19030,Watertown,New York,13601.0,East
CA-2017-144015,26/06/2017,26/06/2017,Same Day,AH-10075,Los Angeles,California,90036.0,West
CA-2015-101427,26/12/2015,30/12/2015,Standard Class,AY-10555,Philadelphia,Pennsylvania,19140.0,East
CA-2017-136770,14/08/2017,18/08/2017,Standard Class,SP-20650,Akron,Ohio,44312.0,East
CA-2017-118311,24/10/2017,28/10/2017,Standard Class,ED-13885,San Francisco,California,94110.0,West
US-2015-112795,23/08/2015,28/08/2015,Second Class,CR-12625,Grand Rapids,Michigan,49505.0,Central
CA-2018-127096,15/09/2018,17/09/2018,Second Class,CS-12400,San Francisco,California,94109.0,West
CA-2018-119284,15/06/2018,20/06/2018,Standard Class,TS-21205,Nashville,Tennessee,37211.0,South
CA-2016-133494,01/03/2016,05/03/2016,Standard Class,RP-19390,Philadelphia,Pennsylvania,19120.0,East
CA-2017-111318,23/07/2017,26/07/2017,First Class,IL-15100,Houston,Texas,77041.0,Central
US-2015-132745,01/10/2015,05/10/2015,Standard Class,NF-18475,Reno,Nevada,89502.0,West
CA-2015-146815,08/09/2015,13/09/2015,Standard Class,PP-18955,New York City,New York,10009.0,East
CA-2015-119144,16/11/2015,18/11/2015,First Class,JD-16150,Los Angeles,California,90008.0,West
CA-2015-105648,03/03/2015,07/03/2015,Standard Class,EJ-14155,San Diego,California,92037.0,West
US-2016-145422,03/12/2016,07/12/2016,Standard Class,PW-19240,San Francisco,California,94110.0,West
CA-2018-136623,11/07/2018,16/07/2018,Standard Class,TS-21430,San Diego,California,92105.0,West
CA-2018-121678,16/11/2018,20/11/2018,Second Class,BM-11650,Elyria,Ohio,44035.0,East
CA-2017-120824,12/06/2017,16/06/2017,Second Class,AW-10930,Houston,Texas,77070.0,Central
US-2017-135209,29/12/2017,31/12/2017,Second Class,MH-17290,Miami,Florida,33178.0,South
CA-2018-148145,18/03/2018,23/03/2018,Standard Class,SW-20275,Seattle,Washington,98115.0,West
CA-2016-103870,27/12/2016,31/12/2016,Standard Class,SP-20860,Murfreesboro,Tennessee,37130.0,South
CA-2016-111017,31/07/2016,06/08/2016,Standard Class,SC-20695,Saint Louis,Missouri,63116.0,Central
CA-2018-116988,27/06/2018,29/06/2018,Second Class,PW-19030,Seattle,Washington,98105.0,West
US-2015-169390,07/02/2015,10/02/2015,Second Class,CS-12250,New York City,New York,10024.0,East
CA-2017-168774,04/09/2017,09/09/2017,Standard Class,RP-19855,Woodbury,Minnesota,55125.0,Central
CA-2018-161592,06/04/2018,10/04/2018,Standard Class,CS-12175,Chattanooga,Tennessee,37421.0,South
US-2018-131961,08/12/2018,11/12/2018,First Class,MJ-17740,Philadelphia,Pennsylvania,19140.0,East
CA-2017-102498,24/07/2017,25/07/2017,First Class,JG-15160,Lafayette,Louisiana,70506.0,South
CA-2016-113222,09/11/2016,09/11/2016,Same Day,AG-10765,Lawrence,Indiana,46226.0,Central
US-2016-144771,02/10/2016,04/10/2016,First Class,CK-12205,Hillsboro,Oregon,97123.0,West
CA-2016-162376,22/11/2016,25/11/2016,Second Class,HD-14785,Cambridge,Massachusetts,2138.0,East
CA-2018-128076,02/02/2018,07/02/2018,Standard Class,BO-11350,San Diego,California,92105.0,West
US-2016-163825,16/06/2016,19/06/2016,First Class,LC-16885,New York City,New York,10009.0,East
CA-2017-105662,05/05/2017,09/05/2017,Standard Class,RB-19465,Tallahassee,Florida,32303.0,South
CA-2018-152198,09/09/2018,10/09/2018,First Class,JD-16015,Toledo,Ohio,43615.0,East
CA-2017-114307,22/07/2017,26/07/2017,Standard Class,MF-17665,Columbia,Maryland,21044.0,East
CA-2017-159891,31/01/2017,06/02/2017,Standard Class,BF-11170,Atlanta,Georgia,30318.0,South
CA-2017-112578,29/12/2017,02/01/2018,Standard Class,FO-14305,Sacramento,California,95823.0,West
CA-2016-107083,21/11/2016,27/11/2016,Standard Class,BB-11545,Fort Worth,Texas,76106.0,Central
CA-2016-151722,05/10/2016,09/10/2016,Standard Class,IL-15100,Columbus,Ohio,43229.0,East
CA-2017-151148,12/09/2017,13/09/2017,Same Day,PO-19180,Louisville,Colorado,80027.0,West
CA-2018-115882,14/09/2018,17/09/2018,First Class,DB-13555,Raleigh,North Carolina,27604.0,South
CA-2016-132276,23/02/2016,28/02/2016,Standard Class,LC-16960,New York City,New York,10024.0,East
CA-2017-163636,05/12/2017,09/12/2017,Second Class,MP-18175,Chicago,Illinois,60623.0,Central
CA-2017-102813,02/07/2017,03/07/2017,First Class,EA-14035,Huntsville,Texas,77340.0,Central
CA-2018-135377,13/12/2018,18/12/2018,Standard Class,BP-11095,New York City,New York,10024.0,East
CA-2016-165813,20/03/2016,22/03/2016,Second Class,BM-11785,Salem,Oregon,97301.0,West
CA-2016-133585,01/03/2016,04/03/2016,First Class,CM-12715,Houston,Texas,77070.0,Central
CA-2017-116911,15/09/2017,20/09/2017,Standard Class,JD-16150,Twin Falls,Idaho,83301.0,West
US-2018-129224,17/03/2018,23/03/2018,Standard Class,AS-10630,Knoxville,Tennessee,37918.0,South
CA-2018-145765,28/05/2018,02/06/2018,Standard Class,CM-11815,Phoenix,Arizona,85023.0,West
CA-2018-126914,15/06/2018,19/06/2018,Standard Class,JE-15715,Monroe,North Carolina,28110.0,South
CA-2016-169572,06/09/2016,12/09/2016,Standard Class,AG-10525,Richmond,Virginia,23223.0,South
CA-2018-162075,18/03/2018,24/03/2018,Standard Class,TT-21220,Houston,Texas,77041.0,Central
CA-2015-162992,19/12/2015,21/12/2015,First Class,BP-11095,Los Angeles,California,90008.0,West
CA-2017-106397,07/07/2017,13/07/2017,Standard Class,MJ-17740,Orem,Utah,84057.0,West
US-2017-150140,06/04/2017,10/04/2017,Standard Class,VM-21685,Burlington,Vermont,,East
CA-2015-116666,08/05/2015,10/05/2015,First Class,KT-16480,Philadelphia,Pennsylvania,19134.0,East
CA-2018-148992,23/11/2018,27/11/2018,Standard Class,CS-12250,Chicago,Illinois,60623.0,Central
CA-2017-140935,10/11/2017,12/11/2017,First Class,AB-10015,Oklahoma City,Oklahoma,73120.0,Central
CA-2015-157644,31/12/2015,01/01/2016,First Class,AH-10030,New York City,New York,10035.0,East
US-2018-100398,19/08/2018,23/08/2018,Standard Class,DO-13435,Salt Lake City,Utah,84106.0,West
CA-2017-113082,12/09/2017,16/09/2017,Standard Class,MC-17590,Utica,New York,13501.0,East
US-2018-110646,26/10/2018,31/10/2018,Standard Class,JF-15190,Philadelphia,Pennsylvania,19134.0,East
CA-2018-120614,30/05/2018,04/06/2018,Standard Class,SM-20950,Los Angeles,California,90004.0,West
US-2017-140172,08/03/2017,13/03/2017,Standard Class,SP-20650,Jackson,Michigan,49201.0,Central
CA-2016-127754,26/07/2016,31/07/2016,Standard Class,CK-12760,Glendale,Arizona,85301.0,West
CA-2016-144274,23/11/2016,25/11/2016,Second Class,PW-19240,Wilmington,Delaware,19805.0,East
CA-2016-142930,28/11/2016,02/12/2016,Standard Class,EB-14170,Austin,Texas,78745.0,Central
CA-2018-100622,03/11/2018,07/11/2018,Standard Class,DK-13090,Orlando,Florida,32839.0,South
CA-2018-117156,21/03/2018,23/03/2018,Second Class,TB-21055,Reading,Pennsylvania,19601.0,East
CA-2016-115399,19/12/2016,22/12/2016,First Class,AG-10900,Philadelphia,Pennsylvania,19134.0,East
US-2015-157847,02/04/2015,06/04/2015,Second Class,SC-20020,Houston,Texas,77095.0,Central
CA-2016-115168,05/06/2016,09/06/2016,Standard Class,BB-11545,Saint Charles,Missouri,63301.0,Central
CA-2015-109680,06/10/2015,09/10/2015,First Class,VP-21760,Indianapolis,Indiana,46203.0,Central
CA-2017-167983,21/08/2017,24/08/2017,Second Class,RP-19270,Seattle,Washington,98115.0,West
CA-2016-145324,15/11/2016,19/11/2016,Standard Class,DH-13675,Harrisonburg,Virginia,22801.0,South
CA-2016-153423,22/06/2016,27/06/2016,Standard Class,SW-20455,Rochester,New York,14609.0,East
US-2018-132675,24/09/2018,28/09/2018,Standard Class,KF-16285,Sandy Springs,Georgia,30328.0,South
CA-2015-153808,06/04/2015,10/04/2015,Second Class,FH-14275,Los Angeles,California,90004.0,West
US-2017-112396,09/02/2017,13/02/2017,Standard Class,JR-16210,San Francisco,California,94110.0,West
CA-2015-141173,18/11/2015,20/11/2015,Second Class,JC-16105,Minneapolis,Minnesota,55407.0,Central
CA-2018-156664,18/12/2018,23/12/2018,Standard Class,BP-11290,Columbus,Ohio,43229.0,East
CA-2016-140718,02/07/2016,04/07/2016,First Class,FA-14230,Raleigh,North Carolina,27604.0,South
CA-2015-119977,08/10/2015,13/10/2015,Second Class,DN-13690,New York City,New York,10011.0,East
US-2016-115343,22/09/2016,25/09/2016,First Class,FO-14305,Philadelphia,Pennsylvania,19143.0,East
CA-2018-163671,24/12/2018,30/12/2018,Standard Class,DP-13105,Meridian,Idaho,83642.0,West
CA-2018-135909,13/10/2018,20/10/2018,Standard Class,JW-15220,Sacramento,California,95823.0,West
US-2018-114356,20/08/2018,26/08/2018,Standard Class,TT-21460,Charlotte,North Carolina,28205.0,South
CA-2016-125934,11/09/2016,18/09/2016,Standard Class,SN-20560,Paterson,New Jersey,7501.0,East
CA-2016-158148,20/12/2016,26/12/2016,Standard Class,JM-15865,Arlington,Virginia,22204.0,South
CA-2015-120411,20/09/2015,23/09/2015,First Class,SB-20185,Chicago,Illinois,60653.0,Central
CA-2017-158260,04/11/2017,08/11/2017,Standard Class,CC-12475,San Diego,California,92037.0,West
CA-2018-101805,01/12/2018,06/12/2018,Standard Class,SH-19975,Seattle,Washington,98105.0,West
US-2015-105137,10/10/2015,10/10/2015,Same Day,RB-19435,Columbus,Ohio,43229.0,East
CA-2018-142489,14/11/2018,16/11/2018,Second Class,TC-21295,Houston,Texas,77095.0,Central
US-2017-141264,13/08/2017,19/08/2017,Standard Class,CT-11995,Irving,Texas,75061.0,Central
CA-2018-126928,17/09/2018,23/09/2018,Standard Class,GZ-14470,Morristown,New Jersey,7960.0,East
US-2016-107944,23/03/2016,25/03/2016,First Class,AM-10360,Los Angeles,California,90008.0,West
CA-2017-135594,30/06/2017,03/07/2017,Second Class,AH-10120,Aurora,Illinois,60505.0,Central
US-2018-115252,20/10/2018,25/10/2018,Standard Class,MY-18295,Durham,North Carolina,27707.0,South
CA-2015-107398,25/08/2015,30/08/2015,Standard Class,BS-11590,Columbus,Ohio,43229.0,East
CA-2015-169642,27/07/2015,30/07/2015,Second Class,BB-10990,Los Angeles,California,90036.0,West
CA-2018-103968,01/12/2018,07/12/2018,Standard Class,ML-17755,Stockton,California,95207.0,West
CA-2017-147256,17/10/2017,21/10/2017,Second Class,FC-14245,Columbia,Missouri,65203.0,Central
CA-2017-162159,16/09/2017,18/09/2017,First Class,CR-12625,Columbus,Georgia,31907.0,South
CA-2016-111038,01/12/2016,06/12/2016,Standard Class,LC-16960,San Diego,California,92037.0,West
CA-2015-124723,05/08/2015,12/08/2015,Standard Class,GZ-14470,Texas City,Texas,77590.0,Central
CA-2017-167241,15/08/2017,22/08/2017,Standard Class,BD-11320,Los Angeles,California,90004.0,West
CA-2016-163237,07/08/2016,09/08/2016,Second Class,EM-14095,Springfield,Virginia,22153.0,South
CA-2017-150483,31/05/2017,04/06/2017,Standard Class,BP-11290,Decatur,Illinois,62521.0,Central
US-2017-126431,01/07/2017,01/07/2017,Same Day,SU-20665,New York City,New York,10009.0,East
CA-2017-139934,18/12/2017,20/12/2017,First Class,AY-10555,San Francisco,California,94110.0,West
CA-2016-109603,26/01/2016,01/02/2016,Standard Class,EM-13825,Moreno Valley,California,92553.0,West
CA-2018-160661,28/10/2018,01/11/2018,Standard Class,SA-20830,Everett,Massachusetts,2149.0,East
CA-2018-102610,04/11/2018,08/11/2018,Standard Class,CA-12265,Chattanooga,Tennessee,37421.0,South
US-2017-144057,09/05/2017,13/05/2017,Standard Class,CV-12805,Austin,Texas,78745.0,Central
CA-2015-160276,02/04/2015,08/04/2015,Standard Class,AH-10690,Virginia Beach,Virginia,23464.0,South
CA-2015-132983,28/04/2015,03/05/2015,Standard Class,DS-13180,Jamestown,New York,14701.0,East
CA-2017-145709,04/10/2017,08/10/2017,Standard Class,AH-10690,Coral Gables,Florida,33134.0,South
CA-2018-133928,11/06/2018,17/06/2018,Standard Class,ZC-21910,Hickory,North Carolina,28601.0,South
CA-2017-168032,30/01/2017,03/02/2017,Standard Class,DF-13135,Rockford,Illinois,61107.0,Central
CA-2016-143616,27/09/2016,29/09/2016,Second Class,SS-20140,Seattle,Washington,98103.0,West
US-2016-168704,13/04/2016,17/04/2016,Standard Class,FP-14320,Huntsville,Texas,77340.0,Central
CA-2018-143252,18/12/2018,24/12/2018,Standard Class,HE-14800,Milwaukee,Wisconsin,53209.0,Central
CA-2017-102134,14/03/2017,19/03/2017,Standard Class,SP-20545,Green Bay,Wisconsin,54302.0,Central
CA-2018-130036,27/08/2018,27/08/2018,Same Day,BP-11185,Philadelphia,Pennsylvania,19120.0,East
CA-2016-134117,17/12/2016,19/12/2016,Second Class,PG-18895,Los Angeles,California,90008.0,West
CA-2015-130918,22/08/2015,24/08/2015,Second Class,JP-15520,North Miami,Florida,33161.0,South
CA-2017-159023,03/11/2017,05/11/2017,First Class,NW-18400,Portland,Oregon,97206.0,West
CA-2018-111717,10/10/2018,16/10/2018,Standard Class,SW-20245,Aurora,Illinois,60505.0,Central
CA-2015-154592,07/12/2015,08/12/2015,First Class,EH-14005,San Francisco,California,94109.0,West
CA-2015-128622,15/11/2015,17/11/2015,Second Class,SC-20260,San Francisco,California,94110.0,West
CA-2018-148355,24/12/2018,28/12/2018,Standard Class,NC-18535,New Bedford,Massachusetts,2740.0,East
CA-2015-132913,24/12/2015,26/12/2015,First Class,AS-10090,San Diego,California,92037.0,West
CA-2018-150910,22/12/2018,28/12/2018,Standard Class,JL-15130,Jackson,Tennessee,38301.0,South
CA-2015-156790,08/08/2015,10/08/2015,Second Class,VG-21790,Jacksonville,Florida,32216.0,South
CA-2015-126480,20/09/2015,24/09/2015,Standard Class,HG-14965,San Diego,California,92024.0,West
CA-2018-105620,25/12/2018,28/12/2018,First Class,JH-15430,Hialeah,Florida,33012.0,South
CA-2018-150266,25/11/2018,30/11/2018,Standard Class,RO-19780,Houston,Texas,77070.0,Central
CA-2017-157280,05/11/2017,07/11/2017,First Class,LW-17125,Virginia Beach,Virginia,23464.0,South
CA-2018-106691,06/11/2018,12/11/2018,Standard Class,CC-12370,Houston,Texas,77070.0,Central
CA-2017-134180,03/11/2017,07/11/2017,Standard Class,JP-16135,Philadelphia,Pennsylvania,19120.0,East
CA-2015-166730,30/12/2015,01/01/2016,First Class,DD-13570,Memphis,Tennessee,38109.0,South
CA-2018-157469,02/12/2018,07/12/2018,Standard Class,ES-14080,Lakewood,Ohio,44107.0,East
CA-2018-122308,24/03/2018,28/03/2018,Standard Class,MV-17485,New York City,New York,10011.0,East
US-2015-149034,19/11/2015,21/11/2015,First Class,RD-19900,Philadelphia,Pennsylvania,19120.0,East
CA-2018-159226,25/04/2018,27/04/2018,Second Class,RL-19615,Los Angeles,California,90008.0,West
CA-2018-156622,23/11/2018,26/11/2018,First Class,JP-15460,Dallas,Texas,75220.0,Central
CA-2015-119529,03/11/2015,05/11/2015,Second Class,DM-13345,Orange,New Jersey,7050.0,East
CA-2016-150413,19/10/2016,24/10/2016,Second Class,CS-11860,Dallas,Texas,75220.0,Central
CA-2015-108182,06/02/2015,10/02/2015,Second Class,DL-13315,Romeoville,Illinois,60441.0,Central
CA-2017-110898,06/03/2017,12/03/2017,Standard Class,LC-16870,Chicago,Illinois,60623.0,Central
CA-2016-123092,03/12/2016,07/12/2016,Standard Class,JG-15115,Jacksonville,North Carolina,28540.0,South
US-2016-128587,24/12/2016,30/12/2016,Standard Class,HM-14860,Springfield,Missouri,65807.0,Central
US-2018-139577,01/10/2018,06/10/2018,Standard Class,TN-21040,San Francisco,California,94110.0,West
CA-2018-159100,16/10/2018,21/10/2018,Standard Class,VP-21760,Columbia,Tennessee,38401.0,South
CA-2015-109043,15/08/2015,17/08/2015,First Class,CS-12355,Hollywood,Florida,33021.0,South
US-2018-116491,11/11/2018,13/11/2018,First Class,PG-18820,Dallas,Texas,75081.0,Central
CA-2018-122763,20/03/2018,20/03/2018,Same Day,HG-14845,Houston,Texas,77041.0,Central
CA-2018-137785,13/05/2018,17/05/2018,Standard Class,MH-18115,Philadelphia,Pennsylvania,19140.0,East
CA-2015-133389,22/06/2015,22/06/2015,Same Day,TB-21280,Phoenix,Arizona,85023.0,West
CA-2015-103807,02/12/2015,09/12/2015,Standard Class,EM-13825,Sandy Springs,Georgia,30328.0,South
CA-2016-102855,05/04/2016,06/04/2016,Same Day,JF-15415,Spokane,Washington,99207.0,West
CA-2018-107825,18/11/2018,18/11/2018,Same Day,NB-18655,Milwaukee,Wisconsin,53209.0,Central
CA-2018-106047,12/07/2018,18/07/2018,Standard Class,CS-11860,Fairfield,Ohio,45014.0,East
CA-2018-127803,19/05/2018,23/05/2018,Standard Class,ND-18460,Huntsville,Alabama,35810.0,South
CA-2016-137071,20/12/2016,21/12/2016,First Class,ED-13885,Houston,Texas,77036.0,Central
CA-2017-121447,21/02/2017,22/02/2017,First Class,EA-14035,New York City,New York,10011.0,East
CA-2018-143084,18/03/2018,22/03/2018,Standard Class,BP-11050,Los Angeles,California,90008.0,West
CA-2017-131639,17/12/2017,23/12/2017,Standard Class,NS-18640,Carlsbad,New Mexico,88220.0,West
CA-2017-161361,26/03/2017,28/03/2017,Second Class,MV-17485,Pocatello,Idaho,83201.0,West
CA-2015-100706,16/12/2015,18/12/2015,Second Class,LE-16810,Springfield,Virginia,22153.0,South
CA-2016-129525,15/11/2016,20/11/2016,Standard Class,VP-21760,Toledo,Ohio,43615.0,East
US-2017-141880,22/08/2017,23/08/2017,First Class,TC-21475,Fort Collins,Colorado,80525.0,West
CA-2016-165799,29/06/2016,02/07/2016,First Class,SG-20470,New York City,New York,10024.0,East
CA-2017-102127,26/06/2017,02/07/2017,Standard Class,VP-21760,New York City,New York,10035.0,East
US-2017-152415,17/09/2017,22/09/2017,Standard Class,PO-18865,Marlborough,Massachusetts,1752.0,East
CA-2015-138198,18/07/2015,23/07/2015,Standard Class,JL-15130,New Rochelle,New York,10801.0,East
CA-2018-128041,01/09/2018,01/09/2018,Same Day,RW-19540,Seattle,Washington,98103.0,West
CA-2018-105823,22/06/2018,26/06/2018,Standard Class,RB-19465,Detroit,Michigan,48227.0,Central
CA-2015-152268,02/09/2015,07/09/2015,Standard Class,SC-20095,Fayetteville,Arkansas,72701.0,South
CA-2016-148873,01/10/2016,05/10/2016,Standard Class,EM-13960,Quincy,Illinois,62301.0,Central
CA-2016-166492,07/04/2016,10/04/2016,First Class,RP-19390,New York City,New York,10035.0,East
CA-2018-157420,21/11/2018,21/11/2018,Same Day,HZ-14950,Houston,Texas,77095.0,Central
CA-2017-117121,17/12/2017,21/12/2017,Standard Class,AB-10105,Detroit,Michigan,48205.0,Central
CA-2015-138177,19/09/2015,24/09/2015,Standard Class,ND-18460,Chandler,Arizona,85224.0,West
CA-2015-114335,28/09/2015,03/10/2015,Standard Class,XP-21865,Hollywood,Florida,33021.0,South
CA-2016-168760,22/09/2016,26/09/2016,Second Class,MM-18280,Los Angeles,California,90049.0,West
CA-2017-168830,07/11/2017,13/11/2017,Standard Class,ML-17395,San Francisco,California,94122.0,West
CA-2018-137463,16/12/2018,20/12/2018,Second Class,KM-16225,Sunnyvale,California,94086.0,West
CA-2015-124513,21/09/2015,25/09/2015,Standard Class,SL-20155,New York City,New York,10011.0,East
CA-2016-165554,18/05/2016,22/05/2016,Standard Class,AJ-10780,Los Angeles,California,90004.0,West
CA-2015-141838,26/03/2015,31/03/2015,Second Class,DK-12835,San Francisco,California,94122.0,West
CA-2018-117009,22/09/2018,28/09/2018,Standard Class,BK-11260,Santa Ana,California,92704.0,West
CA-2016-128993,12/09/2016,17/09/2016,Second Class,CC-12670,Seattle,Washington,98103.0,West
CA-2016-160227,02/11/2016,04/11/2016,First Class,ED-13885,New York City,New York,10011.0,East
CA-2016-149097,20/10/2016,24/10/2016,Standard Class,SV-20785,Los Angeles,California,90045.0,West
CA-2017-132304,14/06/2017,18/06/2017,Standard Class,AR-10825,Seattle,Washington,98103.0,West
CA-2016-136420,20/11/2016,21/11/2016,First Class,CS-12250,San Diego,California,92024.0,West
CA-2017-101623,28/02/2017,06/03/2017,Standard Class,RR-19525,New York City,New York,10035.0,East
US-2015-151015,14/10/2015,20/10/2015,Standard Class,BD-11500,Chicago,Illinois,60653.0,Central
CA-2018-152968,26/05/2018,30/05/2018,Standard Class,BM-11785,Harrisonburg,Virginia,22801.0,South
CA-2017-150077,04/02/2017,10/02/2017,Standard Class,MS-17365,Rockville,Maryland,20852.0,East
CA-2017-106278,02/09/2017,05/09/2017,Second Class,BM-11140,Des Moines,Washington,98198.0,West
CA-2018-147550,04/12/2018,05/12/2018,First Class,KE-16420,Philadelphia,Pennsylvania,19134.0,East
CA-2016-136105,12/06/2016,16/06/2016,Standard Class,SZ-20035,Columbus,Indiana,47201.0,Central
CA-2017-142524,04/09/2017,08/09/2017,Standard Class,MB-18085,Springfield,Missouri,65807.0,Central
CA-2015-136336,21/04/2015,26/04/2015,Standard Class,DB-13555,Henderson,Kentucky,42420.0,South
US-2016-136259,05/11/2016,08/11/2016,First Class,CB-12415,Lakewood,Ohio,44107.0,East
US-2015-124625,03/11/2015,07/11/2015,Standard Class,SP-20650,Omaha,Nebraska,68104.0,Central
CA-2017-108105,16/02/2017,23/02/2017,Standard Class,GW-14605,Henderson,Kentucky,42420.0,South
CA-2018-166898,11/09/2018,13/09/2018,Second Class,KH-16630,Santa Ana,California,92704.0,West
CA-2018-169005,02/11/2018,06/11/2018,Standard Class,BG-11035,Springfield,Virginia,22153.0,South
CA-2016-104038,06/02/2016,08/02/2016,First Class,LO-17170,Suffolk,Virginia,23434.0,South
CA-2017-126102,10/09/2017,12/09/2017,Second Class,DV-13465,Los Angeles,California,90049.0,West
CA-2017-143406,26/09/2017,30/09/2017,Standard Class,LR-17035,Houston,Texas,77041.0,Central
CA-2016-150308,15/12/2016,20/12/2016,Standard Class,RR-19525,Cary,North Carolina,27511.0,South
CA-2017-131093,17/09/2017,20/09/2017,Second Class,TS-21610,Springfield,Ohio,45503.0,East
US-2018-148831,13/10/2018,15/10/2018,First Class,AH-10210,Louisville,Kentucky,40214.0,South
CA-2016-162950,28/06/2016,03/07/2016,Second Class,DW-13585,Troy,Ohio,45373.0,East
US-2016-132836,01/06/2016,05/06/2016,Standard Class,AJ-10945,Detroit,Michigan,48227.0,Central
US-2015-158365,12/04/2015,17/04/2015,Standard Class,SV-20785,Bloomington,Indiana,47401.0,Central
CA-2018-152933,12/10/2018,16/10/2018,Standard Class,MG-17650,Dallas,Texas,75081.0,Central
CA-2016-163181,07/11/2016,12/11/2016,Standard Class,AB-10105,Houston,Texas,77041.0,Central
CA-2016-132941,25/05/2016,28/05/2016,First Class,MM-18280,Haltom City,Texas,76117.0,Central
CA-2015-132010,13/10/2015,15/10/2015,First Class,MA-17995,Richmond,Virginia,23223.0,South
CA-2017-135461,07/02/2017,10/02/2017,Second Class,EB-13975,Los Angeles,California,90049.0,West
CA-2018-153045,19/01/2018,24/01/2018,Second Class,NS-18505,Philadelphia,Pennsylvania,19140.0,East
US-2017-155971,06/06/2017,12/06/2017,Standard Class,RB-19795,Los Angeles,California,90036.0,West
CA-2018-122007,18/03/2018,20/03/2018,Second Class,JK-15325,Los Angeles,California,90032.0,West
CA-2018-162250,24/11/2018,24/11/2018,Same Day,PR-18880,San Francisco,California,94109.0,West
US-2017-158288,26/11/2017,28/11/2017,Second Class,EH-13945,Philadelphia,Pennsylvania,19120.0,East
CA-2017-128916,18/08/2017,20/08/2017,Second Class,MA-17560,Houston,Texas,77070.0,Central
CA-2016-157028,28/11/2016,03/12/2016,Standard Class,MA-17995,Las Cruces,New Mexico,88001.0,West
CA-2018-112473,25/05/2018,01/06/2018,Standard Class,JL-15505,Houston,Texas,77070.0,Central
US-2018-147655,04/09/2018,05/09/2018,First Class,AS-10045,Redmond,Oregon,97756.0,West
CA-2017-130911,24/03/2017,26/03/2017,Second Class,DC-12850,Cleveland,Ohio,44105.0,East
CA-2018-100055,28/05/2018,01/06/2018,Standard Class,MD-17860,Laurel,Maryland,20707.0,East
CA-2016-157805,31/08/2016,04/09/2016,Standard Class,RH-19510,San Diego,California,92037.0,West
CA-2017-124254,12/04/2017,17/04/2017,Standard Class,TB-21175,Wilson,North Carolina,27893.0,South
CA-2015-123400,02/02/2015,09/02/2015,Standard Class,EB-13930,Saint Petersburg,Florida,33710.0,South
CA-2015-106971,02/09/2015,08/09/2015,Standard Class,BM-11785,Buffalo Grove,Illinois,60089.0,Central
CA-2018-123029,30/09/2018,02/10/2018,Second Class,BT-11530,Los Angeles,California,90049.0,West
CA-2017-139409,05/09/2017,07/09/2017,First Class,FW-14395,New York City,New York,10011.0,East
US-2018-166688,20/05/2018,26/05/2018,Standard Class,RD-19480,Las Vegas,Nevada,89115.0,West
CA-2016-126970,20/09/2016,24/09/2016,Standard Class,TP-21130,Naperville,Illinois,60540.0,Central
US-2017-165505,23/01/2017,27/01/2017,Standard Class,CB-12535,Burlington,Vermont,,East
US-2015-157070,01/06/2015,06/06/2015,Standard Class,QJ-19255,Detroit,Michigan,48234.0,Central
US-2016-106873,24/09/2016,29/09/2016,Second Class,KM-16720,Avondale,Arizona,85323.0,West
CA-2017-132990,01/08/2017,03/08/2017,Second Class,KM-16660,Philadelphia,Pennsylvania,19140.0,East
CA-2015-102645,23/01/2015,28/01/2015,Standard Class,IM-15055,Las Vegas,Nevada,89115.0,West
CA-2015-134215,04/08/2015,08/08/2015,Standard Class,ML-17395,Bangor,Maine,4401.0,East
CA-2017-118934,09/08/2017,14/08/2017,Standard Class,GH-14410,Hendersonville,Tennessee,37075.0,South
CA-2017-160108,08/12/2017,12/12/2017,Standard Class,AG-10900,Eau Claire,Wisconsin,54703.0,Central
CA-2016-164007,08/06/2016,12/06/2016,Standard Class,MG-17695,Chicago,Illinois,60610.0,Central
CA-2017-100300,24/06/2017,26/06/2017,Second Class,MJ-17740,San Diego,California,92037.0,West
CA-2017-140571,15/03/2017,19/03/2017,Standard Class,SJ-20125,Jackson,Mississippi,39212.0,South
US-2017-155768,01/12/2017,01/12/2017,Same Day,LB-16795,Oxnard,California,93030.0,West
CA-2018-119424,12/06/2018,14/06/2018,Second Class,SB-20185,Kent,Washington,98031.0,West
CA-2017-118178,19/03/2017,24/03/2017,Standard Class,CC-12610,Nashville,Tennessee,37211.0,South
CA-2017-166618,14/11/2017,18/11/2017,Standard Class,DP-13000,New York City,New York,10035.0,East
CA-2018-156776,07/08/2018,11/08/2018,Standard Class,JL-15505,Westminster,California,92683.0,West
US-2016-130512,21/08/2016,25/08/2016,Standard Class,SM-20320,Allentown,Pennsylvania,18103.0,East
CA-2016-141810,02/11/2016,07/11/2016,Standard Class,BB-10990,San Antonio,Texas,78207.0,Central
CA-2015-146843,30/11/2015,06/12/2015,Standard Class,PB-19150,Avondale,Arizona,85323.0,West
CA-2015-103310,10/05/2015,15/05/2015,Standard Class,GM-14680,San Jose,California,95123.0,West
CA-2017-152688,17/10/2017,20/10/2017,First Class,NR-18550,Perth Amboy,New Jersey,8861.0,East
CA-2017-153836,30/10/2017,03/11/2017,Standard Class,EH-13765,New York City,New York,10011.0,East
CA-2017-104689,01/12/2017,05/12/2017,Standard Class,FH-14365,Los Angeles,California,90004.0,West
CA-2017-146423,21/04/2017,21/04/2017,Same Day,BT-11680,Milford,Connecticut,6460.0,East
CA-2018-140781,03/08/2018,07/08/2018,Standard Class,AB-10105,Bloomington,Illinois,61701.0,Central
CA-2018-141747,03/08/2018,08/08/2018,Second Class,SC-20230,Seattle,Washington,98105.0,West
CA-2018-142776,11/12/2018,14/12/2018,Second Class,RS-19870,Burlington,Iowa,52601.0,Central
CA-2016-167479,14/03/2016,19/03/2016,Standard Class,AI-10855,Roseville,California,95661.0,West
CA-2015-144071,08/12/2015,15/12/2015,Standard Class,DJ-13420,San Francisco,California,94110.0,West
US-2018-120908,30/09/2018,02/10/2018,First Class,BF-10975,Philadelphia,Pennsylvania,19120.0,East
CA-2017-152646,21/11/2017,26/11/2017,Standard Class,TH-21235,Los Angeles,California,90049.0,West
CA-2018-103765,24/11/2018,30/11/2018,Standard Class,JG-15310,Odessa,Texas,79762.0,Central
US-2018-118157,14/11/2018,17/11/2018,First Class,AW-10930,Minneapolis,Minnesota,55407.0,Central
US-2016-164238,16/08/2016,20/08/2016,Standard Class,JW-15955,Philadelphia,Pennsylvania,19120.0,East
CA-2018-103212,13/10/2018,14/10/2018,First Class,MH-18025,Lafayette,Louisiana,70506.0,South
CA-2018-121160,04/11/2018,04/11/2018,Same Day,FM-14290,Bryan,Texas,77803.0,Central
CA-2018-140515,19/03/2018,24/03/2018,Standard Class,GZ-14545,Los Angeles,California,90008.0,West
CA-2015-153619,03/11/2015,03/11/2015,Same Day,TC-21535,Los Angeles,California,90049.0,West
CA-2018-133718,23/07/2018,26/07/2018,First Class,TB-21520,Los Angeles,California,90045.0,West
CA-2015-148383,27/12/2015,31/12/2015,Standard Class,RP-19390,Phoenix,Arizona,85023.0,West
CA-2017-126732,02/09/2017,06/09/2017,Standard Class,LR-16915,Los Angeles,California,90036.0,West
CA-2018-138156,11/02/2018,14/02/2018,First Class,MM-17260,Columbus,Ohio,43229.0,East
CA-2018-110310,27/10/2018,02/11/2018,Standard Class,NB-18655,Tallahassee,Florida,32303.0,South
CA-2015-113271,09/07/2015,14/07/2015,Standard Class,DS-13030,San Francisco,California,94122.0,West
CA-2018-130106,22/05/2018,26/05/2018,Standard Class,VF-21715,San Francisco,California,94109.0,West
CA-2017-127761,10/11/2017,14/11/2017,Standard Class,SW-20275,New York City,New York,10009.0,East
CA-2017-105354,02/12/2017,06/12/2017,Standard Class,PW-19030,Marion,Iowa,52302.0,Central
CA-2018-155712,02/03/2018,08/03/2018,Standard Class,KD-16615,Los Angeles,California,90008.0,West
CA-2018-102309,23/09/2018,25/09/2018,Second Class,DO-13645,Pine Bluff,Arkansas,71603.0,South
CA-2015-168368,11/02/2015,15/02/2015,Second Class,GA-14725,Columbia,Missouri,65203.0,Central
CA-2018-167976,11/11/2018,14/11/2018,Second Class,JL-15505,Aberdeen,South Dakota,57401.0,Central
CA-2018-111388,02/09/2018,02/09/2018,Same Day,SU-20665,Seattle,Washington,98103.0,West
CA-2016-124499,09/10/2016,13/10/2016,Standard Class,FM-14380,Detroit,Michigan,48227.0,Central
US-2018-128118,24/11/2018,01/12/2018,Standard Class,MY-17380,Memphis,Tennessee,38109.0,South
CA-2015-125759,08/02/2015,09/02/2015,First Class,NM-18445,North Las Vegas,Nevada,89031.0,West
CA-2016-151869,25/09/2016,25/09/2016,Same Day,CS-11950,Freeport,New York,11520.0,East
US-2018-102183,21/08/2018,28/08/2018,Standard Class,PK-19075,New York City,New York,10035.0,East
CA-2017-100510,12/05/2017,17/05/2017,Standard Class,HM-14860,New York City,New York,10024.0,East
CA-2018-146983,02/09/2018,06/09/2018,Standard Class,AH-10210,Henderson,Kentucky,42420.0,South
US-2015-134054,10/10/2015,10/10/2015,Same Day,FC-14335,Albuquerque,New Mexico,87105.0,West
CA-2017-113236,26/05/2017,29/05/2017,Second Class,CP-12085,Delray Beach,Florida,33445.0,South
CA-2018-122539,01/12/2018,05/12/2018,Standard Class,SC-20305,Philadelphia,Pennsylvania,19140.0,East
CA-2017-166772,20/09/2017,24/09/2017,Standard Class,HJ-14875,Seattle,Washington,98105.0,West
US-2018-152898,11/09/2018,15/09/2018,Standard Class,CB-12025,Richmond,Virginia,23223.0,South
CA-2017-160486,30/12/2017,04/01/2018,Standard Class,EH-14185,West Palm Beach,Florida,33407.0,South
CA-2018-102218,02/09/2018,04/09/2018,Second Class,LW-17215,Fort Collins,Colorado,80525.0,West
CA-2015-161032,18/11/2015,23/11/2015,Standard Class,MK-17905,Franklin,Wisconsin,53132.0,Central
CA-2016-102778,21/11/2016,24/11/2016,First Class,JH-15820,Monroe,North Carolina,28110.0,South
CA-2018-154011,19/06/2018,26/06/2018,Standard Class,DB-13270,Dallas,Texas,75081.0,Central
US-2018-165456,30/11/2018,03/12/2018,First Class,TB-21625,Philadelphia,Pennsylvania,19134.0,East
CA-2015-111857,23/04/2015,26/04/2015,Second Class,NM-18445,San Francisco,California,94109.0,West
CA-2015-163650,23/09/2015,25/09/2015,First Class,TT-21220,Dover,Delaware,19901.0,East
CA-2018-124114,02/03/2018,02/03/2018,Same Day,RS-19765,Waco,Texas,76706.0,Central
US-2018-116505,17/11/2018,21/11/2018,Second Class,TB-21625,Hagerstown,Maryland,21740.0,East
CA-2018-161340,28/05/2018,01/06/2018,Standard Class,AM-10360,Cleveland,Ohio,44105.0,East
US-2016-163433,18/04/2016,22/04/2016,Second Class,MP-17965,Mcallen,Texas,78501.0,Central
CA-2016-137603,19/09/2016,24/09/2016,Standard Class,MH-17290,Santa Fe,New Mexico,87505.0,West
CA-2015-128237,25/03/2015,30/03/2015,Standard Class,CA-12265,San Francisco,California,94110.0,West
US-2017-102141,26/08/2017,31/08/2017,Standard Class,KD-16615,New York City,New York,10024.0,East
CA-2018-148642,06/03/2018,12/03/2018,Standard Class,DW-13540,Dallas,Texas,75220.0,Central
CA-2016-111948,11/11/2016,11/11/2016,Same Day,AG-10495,Detroit,Michigan,48234.0,Central
CA-2017-161907,05/04/2017,09/04/2017,Standard Class,JH-16180,Philadelphia,Pennsylvania,19140.0,East
CA-2018-124940,21/02/2018,26/02/2018,Standard Class,DK-13090,Carrollton,Texas,75007.0,Central
US-2018-108343,20/07/2018,25/07/2018,Standard Class,AR-10825,New York City,New York,10009.0,East
US-2017-111563,04/11/2017,08/11/2017,Standard Class,SM-20005,Houston,Texas,77041.0,Central
CA-2018-121853,23/09/2018,29/09/2018,Standard Class,DB-13660,Los Angeles,California,90036.0,West
US-2018-130687,07/09/2018,10/09/2018,First Class,PF-19225,Edmonds,Washington,98026.0,West
CA-2016-164497,28/11/2016,30/11/2016,First Class,AJ-10945,San Francisco,California,94110.0,West
US-2016-153283,12/11/2016,18/11/2016,Standard Class,EB-14110,New York City,New York,10035.0,East
CA-2017-108056,29/09/2017,03/10/2017,Standard Class,ES-14080,Springfield,Oregon,97477.0,West
CA-2018-127726,11/09/2018,13/09/2018,Second Class,SS-20410,Georgetown,Kentucky,40324.0,South
CA-2018-110198,01/05/2018,02/05/2018,First Class,AG-10900,Coral Springs,Florida,33065.0,South
CA-2018-130715,16/09/2018,20/09/2018,Standard Class,CY-12745,San Francisco,California,94110.0,West
CA-2015-155264,19/10/2015,22/10/2015,Second Class,RP-19270,San Francisco,California,94110.0,West
CA-2017-119123,13/03/2017,18/03/2017,Standard Class,DB-13360,Riverside,California,92503.0,West
CA-2018-109085,17/02/2018,20/02/2018,First Class,CK-12325,Troy,Ohio,45373.0,East
CA-2017-114860,22/12/2017,28/12/2017,Standard Class,DN-13690,Moreno Valley,California,92553.0,West
CA-2017-159009,23/09/2017,27/09/2017,Standard Class,DP-13105,Seattle,Washington,98115.0,West
CA-2018-148411,24/09/2018,26/09/2018,First Class,RO-19780,Chicago,Illinois,60623.0,Central
CA-2016-110324,01/12/2016,05/12/2016,Standard Class,MA-17560,Jackson,Michigan,49201.0,Central
CA-2017-168046,25/01/2017,28/01/2017,Second Class,JD-15895,New York City,New York,10024.0,East
CA-2018-111591,21/03/2018,25/03/2018,Standard Class,PS-18970,Seattle,Washington,98105.0,West
US-2015-166828,22/08/2015,25/08/2015,First Class,JF-15415,Saint Charles,Missouri,63301.0,Central
CA-2015-108147,08/06/2015,13/06/2015,Standard Class,RD-19480,Long Beach,New York,11561.0,East
CA-2017-154998,07/04/2017,09/04/2017,First Class,ES-14080,Lakewood,New Jersey,8701.0,East
CA-2018-113460,07/11/2018,09/11/2018,Second Class,KN-16390,Clinton,Maryland,20735.0,East
CA-2016-111339,29/05/2016,31/05/2016,First Class,VP-21760,Columbus,Ohio,43229.0,East
CA-2018-102820,07/05/2018,11/05/2018,Standard Class,CS-11950,Pasadena,California,91104.0,West
CA-2017-149671,05/06/2017,09/06/2017,Standard Class,KB-16600,Seattle,Washington,98105.0,West
CA-2016-126347,14/12/2016,19/12/2016,Second Class,AJ-10945,Los Angeles,California,90045.0,West
CA-2018-108756,25/12/2018,29/12/2018,Standard Class,PO-18865,East Orange,New Jersey,7017.0,East
CA-2018-155362,17/12/2018,21/12/2018,Standard Class,DP-13105,Eau Claire,Wisconsin,54703.0,Central
CA-2017-117625,10/05/2017,15/05/2017,Standard Class,GM-14500,Chicago,Illinois,60610.0,Central
CA-2015-154158,23/12/2015,27/12/2015,Second Class,CC-12670,Tampa,Florida,33614.0,South
CA-2018-100433,11/08/2018,16/08/2018,Standard Class,SJ-20125,New York City,New York,10009.0,East
CA-2018-163097,27/08/2018,31/08/2018,Standard Class,SF-20200,Mesa,Arizona,85204.0,West
US-2018-127292,19/01/2018,23/01/2018,Standard Class,RM-19375,Burlington,Vermont,,East
CA-2016-163734,19/06/2016,24/06/2016,Standard Class,KM-16375,Houston,Texas,77070.0,Central
CA-2018-162474,13/03/2018,16/03/2018,First Class,FH-14275,Aurora,Illinois,60505.0,Central
CA-2016-130848,25/10/2016,25/10/2016,Same Day,DG-13300,Denver,Colorado,80219.0,West
CA-2015-125997,20/09/2015,23/09/2015,First Class,MW-18220,New York City,New York,10011.0,East
CA-2017-103128,11/11/2017,15/11/2017,Standard Class,SC-20845,Arlington Heights,Illinois,60004.0,Central
CA-2016-167696,16/09/2016,21/09/2016,Standard Class,BD-11500,Newport News,Virginia,23602.0,South
CA-2015-159814,24/06/2015,28/06/2015,Standard Class,LP-17080,Tucson,Arizona,85705.0,West
CA-2017-105459,12/08/2017,17/08/2017,Second Class,NP-18700,New York City,New York,10024.0,East
CA-2018-141663,13/04/2018,17/04/2018,Standard Class,DP-13105,Philadelphia,Pennsylvania,19134.0,East
CA-2015-152618,14/03/2015,17/03/2015,First Class,RB-19465,Chicago,Illinois,60653.0,Central
CA-2018-162789,22/09/2018,24/09/2018,Second Class,LC-17140,New York City,New York,10035.0,East
US-2018-110149,10/12/2018,13/12/2018,First Class,WB-21850,Philadelphia,Pennsylvania,19143.0,East
CA-2017-108959,10/03/2017,14/03/2017,Second Class,MH-17785,Glendale,Arizona,85301.0,West
CA-2016-164777,27/01/2016,29/01/2016,First Class,SC-20305,Los Angeles,California,90036.0,West
CA-2017-132017,26/09/2017,27/09/2017,First Class,MH-17620,Houston,Texas,77041.0,Central
CA-2016-127824,18/10/2016,22/10/2016,Standard Class,JC-15775,Seattle,Washington,98115.0,West
CA-2015-148285,27/10/2015,01/11/2015,Standard Class,RD-19810,Fayetteville,North Carolina,28314.0,South
CA-2018-152926,02/10/2018,04/10/2018,Second Class,SC-20695,Houston,Texas,77041.0,Central
CA-2015-145254,23/07/2015,27/07/2015,Standard Class,NC-18535,San Francisco,California,94122.0,West
CA-2015-116246,12/09/2015,17/09/2015,Second Class,LW-17215,New York City,New York,10035.0,East
CA-2017-160479,15/09/2017,20/09/2017,Standard Class,AH-10585,Seattle,Washington,98105.0,West
CA-2015-167486,27/11/2015,01/12/2015,Standard Class,JO-15145,Buffalo,New York,14215.0,East
CA-2015-152100,11/05/2015,16/05/2015,Standard Class,VW-21775,Huntsville,Texas,77340.0,Central
CA-2016-166219,28/08/2016,01/09/2016,Standard Class,BP-11185,Dallas,Texas,75081.0,Central
CA-2016-111864,19/06/2016,19/06/2016,Same Day,PP-18955,Philadelphia,Pennsylvania,19134.0,East
CA-2016-119627,17/08/2016,23/08/2016,Standard Class,SC-20725,Peoria,Arizona,85345.0,West
CA-2016-160787,25/09/2016,25/09/2016,Same Day,BM-11785,Philadelphia,Pennsylvania,19143.0,East
CA-2018-107853,26/05/2018,31/05/2018,Standard Class,CD-11920,Oceanside,California,92054.0,West
CA-2018-126144,31/07/2018,05/08/2018,Standard Class,GM-14680,Philadelphia,Pennsylvania,19134.0,East
US-2015-154655,12/10/2015,17/10/2015,Standard Class,BP-11050,Chicago,Illinois,60623.0,Central
CA-2015-100391,25/05/2015,29/05/2015,Standard Class,BW-11065,New York City,New York,10035.0,East
CA-2015-165477,29/12/2015,31/12/2015,Second Class,RE-19405,Kent,Ohio,44240.0,East
CA-2018-165904,07/04/2018,11/04/2018,Standard Class,HR-14770,Jacksonville,Florida,32216.0,South
CA-2016-104052,01/03/2016,02/03/2016,First Class,TP-21565,Coppell,Texas,75019.0,Central
CA-2016-168277,29/05/2016,03/06/2016,Standard Class,KB-16315,Indianapolis,Indiana,46203.0,Central
CA-2017-158617,22/09/2017,28/09/2017,Standard Class,AC-10660,Lawrence,Indiana,46226.0,Central
CA-2018-136882,27/05/2018,03/06/2018,Standard Class,DN-13690,Tulsa,Oklahoma,74133.0,Central
US-2017-148957,17/09/2017,23/09/2017,Standard Class,CC-12430,Redmond,Washington,98052.0,West
CA-2015-140032,08/09/2015,13/09/2015,Standard Class,TS-21340,San Francisco,California,94109.0,West
CA-2018-145506,03/06/2018,07/06/2018,Standard Class,MO-17800,Spokane,Washington,99207.0,West
CA-2016-129546,28/09/2016,05/10/2016,Standard Class,RP-19855,Los Angeles,California,90032.0,West
CA-2017-140977,16/06/2017,19/06/2017,Second Class,JL-15175,Chattanooga,Tennessee,37421.0,South
CA-2018-151855,27/05/2018,03/06/2018,Standard Class,BW-11110,Greensboro,North Carolina,27405.0,South
CA-2015-138240,09/10/2015,14/10/2015,Standard Class,SJ-20500,San Francisco,California,94122.0,West
CA-2015-101833,17/11/2015,22/11/2015,Second Class,FG-14260,New York City,New York,10024.0,East
CA-2015-100867,19/10/2015,24/10/2015,Standard Class,EH-14125,Lakewood,California,90712.0,West
US-2018-109610,25/11/2018,30/11/2018,Second Class,BS-11590,Louisville,Kentucky,40214.0,South
CA-2015-156545,27/02/2015,03/03/2015,First Class,JS-16030,Columbus,Ohio,43229.0,East
CA-2015-109127,21/12/2015,25/12/2015,Standard Class,JC-15775,Newark,Delaware,19711.0,East
CA-2017-126858,19/11/2017,23/11/2017,Standard Class,JM-15265,Seattle,Washington,98115.0,West
CA-2018-102925,05/11/2018,10/11/2018,Second Class,CD-12280,New York City,New York,10024.0,East
CA-2016-100818,31/05/2016,05/06/2016,Second Class,JM-15265,Chicago,Illinois,60653.0,Central
CA-2015-126193,07/09/2015,14/09/2015,Standard Class,SS-20410,Oswego,Illinois,60543.0,Central
CA-2018-150504,06/11/2018,12/11/2018,Standard Class,HG-14845,Dallas,Texas,75220.0,Central
CA-2016-158351,20/06/2016,24/06/2016,Second Class,BC-11125,Philadelphia,Pennsylvania,19134.0,East
CA-2015-122679,22/07/2015,28/07/2015,Standard Class,AB-10255,Los Angeles,California,90008.0,West
CA-2017-164770,02/12/2017,04/12/2017,Second Class,MY-18295,Houston,Texas,77036.0,Central
CA-2018-130505,12/10/2018,12/10/2018,Same Day,NF-18385,Wheeling,West Virginia,26003.0,East
US-2018-125213,11/12/2018,13/12/2018,First Class,NB-18655,Paterson,New Jersey,7501.0,East
CA-2016-156566,01/10/2016,04/10/2016,First Class,EM-13960,Portland,Oregon,97206.0,West
US-2017-102232,05/08/2017,11/08/2017,Standard Class,MF-17665,Huntsville,Alabama,35810.0,South
CA-2018-111738,03/01/2018,07/01/2018,Standard Class,CM-12385,San Francisco,California,94110.0,West
CA-2018-163188,07/11/2018,07/11/2018,Same Day,EC-14050,Oklahoma City,Oklahoma,73120.0,Central
CA-2017-105207,03/01/2017,08/01/2017,Standard Class,BO-11350,Broken Arrow,Oklahoma,74012.0,Central
US-2017-123610,12/05/2017,16/05/2017,Standard Class,VM-21835,Mission Viejo,California,92691.0,West
CA-2018-118213,05/11/2018,07/11/2018,First Class,AB-10060,Greenwood,Indiana,46142.0,Central
CA-2017-149237,26/05/2017,30/05/2017,Standard Class,CM-12235,Milwaukee,Wisconsin,53209.0,Central
US-2016-158589,20/11/2016,24/11/2016,Standard Class,KW-16570,San Francisco,California,94109.0,West
CA-2017-101329,22/04/2017,29/04/2017,Standard Class,MM-17920,Rome,New York,13440.0,East
CA-2017-113607,14/10/2017,18/10/2017,Standard Class,PW-19030,New York City,New York,10009.0,East
CA-2015-149104,05/04/2015,07/04/2015,Second Class,RD-19900,Dearborn Heights,Michigan,48127.0,Central
CA-2017-105263,06/08/2017,11/08/2017,Standard Class,LM-17065,New York City,New York,10024.0,East
CA-2015-130575,14/12/2015,16/12/2015,First Class,CS-11845,Chicago,Illinois,60623.0,Central
CA-2018-142461,30/05/2018,03/06/2018,Second Class,KT-16480,Dallas,Texas,75217.0,Central
CA-2017-125220,14/10/2017,19/10/2017,Standard Class,BE-11410,Appleton,Wisconsin,54915.0,Central
CA-2015-100293,14/03/2015,18/03/2015,Standard Class,NF-18475,Jacksonville,Florida,32216.0,South
CA-2015-154165,17/02/2015,24/02/2015,Standard Class,DL-13315,Chicago,Illinois,60653.0,Central
CA-2016-123939,24/08/2016,26/08/2016,Second Class,MS-17710,Bowling Green,Ohio,43402.0,East
US-2018-104451,08/05/2018,12/05/2018,Second Class,MM-18055,San Francisco,California,94110.0,West
CA-2017-101189,04/02/2017,09/02/2017,Standard Class,JB-15400,Los Angeles,California,90049.0,West
CA-2015-169446,19/12/2015,25/12/2015,Standard Class,SG-20605,Chicago,Illinois,60623.0,Central
CA-2018-156958,05/12/2018,06/12/2018,First Class,PB-18805,Seattle,Washington,98115.0,West
CA-2018-101637,24/03/2018,25/03/2018,Same Day,AC-10615,Beaumont,Texas,77705.0,Central
CA-2018-111759,08/07/2018,12/07/2018,Standard Class,MR-17545,Seattle,Washington,98103.0,West
CA-2018-102729,26/10/2018,31/10/2018,Standard Class,BF-11215,Dallas,Texas,75217.0,Central
CA-2017-116596,27/10/2017,31/10/2017,Standard Class,BW-11200,New York City,New York,10011.0,East
CA-2018-124191,12/06/2018,14/06/2018,Second Class,TS-21610,Chicago,Illinois,60610.0,Central
CA-2017-148747,25/09/2017,27/09/2017,First Class,AS-10045,San Francisco,California,94110.0,West
US-2018-169488,07/09/2018,09/09/2018,First Class,AA-10375,Providence,Rhode Island,2908.0,East
CA-2016-135727,11/05/2016,16/05/2016,Second Class,PS-18970,Phoenix,Arizona,85023.0,West
CA-2016-135251,06/08/2016,10/08/2016,Standard Class,RP-19270,Houston,Texas,77095.0,Central
CA-2015-166590,29/10/2015,02/11/2015,Standard Class,NC-18625,Columbus,Indiana,47201.0,Central
CA-2017-131744,18/06/2017,20/06/2017,Second Class,SC-20770,Philadelphia,Pennsylvania,19134.0,East
CA-2016-160864,03/05/2016,06/05/2016,First Class,NF-18595,San Jose,California,95123.0,West
CA-2016-147690,10/11/2016,14/11/2016,Standard Class,SC-20020,Philadelphia,Pennsylvania,19140.0,East
CA-2016-163923,30/05/2016,03/06/2016,Standard Class,BD-11560,Springfield,Virginia,22153.0,South
CA-2017-125724,22/09/2017,27/09/2017,Standard Class,SM-20950,Broomfield,Colorado,80020.0,West
CA-2016-111612,28/11/2016,02/12/2016,Standard Class,EB-14110,Columbus,Ohio,43229.0,East
CA-2016-156853,03/12/2016,05/12/2016,Second Class,HP-14815,Concord,New Hampshire,3301.0,East
CA-2015-103086,17/10/2015,19/10/2015,Second Class,EB-14170,Houston,Texas,77095.0,Central
CA-2017-129280,03/05/2017,05/05/2017,First Class,SM-20905,Newark,Ohio,43055.0,East
CA-2016-161242,01/06/2016,08/06/2016,Standard Class,CG-12040,Los Angeles,California,90045.0,West
CA-2015-130428,31/03/2015,31/03/2015,Same Day,TG-21640,Tampa,Florida,33614.0,South
CA-2018-104388,05/07/2018,07/07/2018,First Class,DK-12835,Fremont,Nebraska,68025.0,Central
CA-2016-113131,24/09/2016,24/09/2016,Same Day,MB-17305,Columbus,Ohio,43229.0,East
CA-2016-148495,13/08/2016,13/08/2016,Same Day,SF-20065,Pomona,California,91767.0,West
CA-2016-143147,26/05/2016,28/05/2016,Second Class,PS-18760,San Antonio,Texas,78207.0,Central
CA-2018-152975,14/09/2018,16/09/2018,First Class,RB-19705,New York City,New York,10035.0,East
CA-2017-107475,07/06/2017,11/06/2017,Standard Class,RS-19870,Philadelphia,Pennsylvania,19120.0,East
CA-2018-116127,25/06/2018,27/06/2018,Second Class,SB-20185,New York City,New York,10024.0,East
CA-2018-132584,26/08/2018,27/08/2018,First Class,HJ-14875,Detroit,Michigan,48234.0,Central
CA-2017-160598,26/08/2017,28/08/2017,First Class,SV-20815,Miami,Florida,33142.0,South
CA-2017-108630,18/11/2017,18/11/2017,Same Day,BE-11410,Concord,California,94521.0,West
US-2018-129203,17/04/2018,22/04/2018,Standard Class,BM-11575,Chicago,Illinois,60653.0,Central
CA-2018-110940,23/07/2018,28/07/2018,Standard Class,AZ-10750,Wheeling,Illinois,60090.0,Central
CA-2015-119172,11/05/2015,15/05/2015,Standard Class,HD-14785,Chicago,Illinois,60610.0,Central
US-2017-105452,28/07/2017,01/08/2017,Standard Class,BF-11005,Pasadena,Texas,77506.0,Central
CA-2018-108931,14/09/2018,19/09/2018,Standard Class,HZ-14950,New York City,New York,10024.0,East
CA-2018-104619,24/01/2018,29/01/2018,Standard Class,KD-16495,San Jose,California,95123.0,West
CA-2016-149517,19/09/2016,23/09/2016,Standard Class,FC-14245,Sacramento,California,95823.0,West
CA-2016-116841,14/04/2016,18/04/2016,Standard Class,TP-21130,Springfield,Oregon,97477.0,West
CA-2018-107797,08/05/2018,11/05/2018,Second Class,EB-13705,Mansfield,Texas,76063.0,Central
CA-2017-117604,04/09/2017,09/09/2017,Standard Class,JP-15520,Jonesboro,Arkansas,72401.0,South
CA-2015-130155,19/05/2015,22/05/2015,First Class,TD-20995,Virginia Beach,Virginia,23464.0,South
CA-2017-129861,17/06/2017,23/06/2017,Standard Class,DM-13345,Rochester,New York,14609.0,East
CA-2016-138625,02/11/2016,05/11/2016,First Class,EG-13900,Chesapeake,Virginia,23320.0,South
US-2018-122672,04/11/2018,09/11/2018,Standard Class,HG-14965,Lancaster,Ohio,43130.0,East
CA-2018-117128,05/12/2018,08/12/2018,Second Class,BF-11080,New York City,New York,10024.0,East
CA-2017-130638,16/05/2017,19/05/2017,Second Class,SC-20095,Los Angeles,California,90045.0,West
CA-2018-144365,24/10/2018,30/10/2018,Standard Class,CS-11950,Jackson,Mississippi,39212.0,South
CA-2017-110086,18/09/2017,22/09/2017,Standard Class,BD-11320,Woodland,California,95695.0,West
CA-2015-128524,11/11/2015,13/11/2015,First Class,MZ-17515,Seattle,Washington,98115.0,West
CA-2017-140256,22/08/2017,29/08/2017,Standard Class,PW-19030,Los Angeles,California,90049.0,West
CA-2018-160633,16/11/2018,21/11/2018,Standard Class,BS-11380,Bowling Green,Ohio,43402.0,East
CA-2015-115133,26/09/2015,30/09/2015,Standard Class,DA-13450,Lancaster,Ohio,43130.0,East
CA-2018-137449,29/06/2018,30/06/2018,First Class,ME-17725,Dallas,Texas,75220.0,Central
CA-2018-103520,23/09/2018,25/09/2018,First Class,MH-17785,Lubbock,Texas,79424.0,Central
CA-2015-139283,23/11/2015,27/11/2015,Standard Class,BT-11440,Detroit,Michigan,48227.0,Central
CA-2015-118192,13/01/2015,18/01/2015,Standard Class,MM-17920,Newark,Ohio,43055.0,East
CA-2017-168844,31/05/2017,06/06/2017,Standard Class,NM-18520,New York City,New York,10011.0,East
CA-2018-154809,13/02/2018,17/02/2018,Standard Class,MH-17455,Minneapolis,Minnesota,55407.0,Central
CA-2015-151330,14/10/2015,17/10/2015,First Class,TC-21295,Everett,Massachusetts,2149.0,East
CA-2015-124702,18/11/2015,25/11/2015,Standard Class,MH-17785,Seattle,Washington,98105.0,West
US-2018-125808,12/11/2018,15/11/2018,Second Class,EP-13915,Los Angeles,California,90032.0,West
CA-2016-116638,28/01/2016,31/01/2016,Second Class,JH-15985,Concord,North Carolina,28027.0,South
CA-2015-104563,07/03/2015,12/03/2015,Standard Class,CM-12715,Seattle,Washington,98103.0,West
US-2018-107979,08/06/2018,13/06/2018,Standard Class,FO-14305,Glendale,Arizona,85301.0,West
CA-2015-150518,19/11/2015,24/11/2015,Standard Class,MW-18220,Coon Rapids,Minnesota,55433.0,Central
CA-2017-107104,26/11/2017,30/11/2017,Standard Class,MS-17365,Los Angeles,California,90045.0,West
CA-2018-161893,23/01/2018,27/01/2018,Standard Class,HP-14815,Tucson,Arizona,85705.0,West
CA-2015-156160,22/09/2015,29/09/2015,Standard Class,AS-10090,New York City,New York,10035.0,East
CA-2015-100860,26/03/2015,30/03/2015,Second Class,CS-12505,Pomona,California,91767.0,West
CA-2017-160717,06/06/2017,11/06/2017,Standard Class,ME-17320,Santa Barbara,California,93101.0,West
CA-2018-132619,31/08/2018,05/09/2018,Standard Class,MS-17770,San Francisco,California,94109.0,West
US-2016-120957,07/12/2016,07/12/2016,Same Day,KH-16690,Riverside,California,92503.0,West
CA-2018-157448,16/11/2018,20/11/2018,Standard Class,LC-16885,Los Angeles,California,90049.0,West
CA-2017-126270,23/04/2017,27/04/2017,Standard Class,AF-10870,San Clemente,California,92672.0,West
CA-2018-145275,02/04/2018,06/04/2018,Standard Class,AH-10465,Decatur,Alabama,35601.0,South
CA-2016-133396,13/08/2016,15/08/2016,First Class,GK-14620,Greensboro,North Carolina,27405.0,South
US-2018-140312,13/11/2018,19/11/2018,Standard Class,KL-16645,Dublin,California,94568.0,West
CA-2017-114867,23/12/2017,28/12/2017,Standard Class,FM-14290,Philadelphia,Pennsylvania,19143.0,East
US-2015-164644,22/07/2015,24/07/2015,Second Class,JL-15850,Houston,Texas,77095.0,Central
CA-2017-137393,06/05/2017,10/05/2017,Standard Class,GM-14500,Bakersfield,California,93309.0,West
US-2015-120175,28/11/2015,03/12/2015,Standard Class,MC-17635,Richmond,Indiana,47374.0,Central
CA-2017-144785,18/04/2017,23/04/2017,Standard Class,CS-12490,New York City,New York,10009.0,East
CA-2016-130113,27/12/2016,31/12/2016,Standard Class,AH-10030,San Francisco,California,94122.0,West
CA-2018-122770,13/12/2018,18/12/2018,Standard Class,EP-13915,San Francisco,California,94122.0,West
CA-2018-118668,02/01/2018,04/01/2018,Second Class,FW-14395,Los Angeles,California,90032.0,West
CA-2018-116498,30/05/2018,03/06/2018,Standard Class,KA-16525,San Diego,California,92037.0,West
US-2018-130603,30/09/2018,06/10/2018,Standard Class,SC-20050,Arlington,Texas,76017.0,Central
US-2018-135986,20/06/2018,27/06/2018,Standard Class,PG-18895,Richmond,Virginia,23223.0,South
CA-2018-140536,04/04/2018,05/04/2018,First Class,TA-21385,New York City,New York,10035.0,East
CA-2016-130183,13/11/2016,17/11/2016,Standard Class,PO-18850,Houston,Texas,77041.0,Central
CA-2016-107902,28/08/2016,02/09/2016,Standard Class,SM-20950,Fairfield,Connecticut,6824.0,East
CA-2018-130148,24/09/2018,28/09/2018,Second Class,NK-18490,San Francisco,California,94110.0,West
US-2017-151260,11/12/2017,14/12/2017,First Class,SC-20695,Springfield,Ohio,45503.0,East
CA-2015-144281,10/06/2015,15/06/2015,Second Class,HK-14890,Detroit,Michigan,48234.0,Central
CA-2017-122511,11/03/2017,11/03/2017,Same Day,BT-11485,Philadelphia,Pennsylvania,19140.0,East
CA-2018-154116,15/12/2018,19/12/2018,Standard Class,KM-16660,Inglewood,California,90301.0,West
CA-2017-105291,30/10/2017,04/11/2017,Standard Class,SP-20920,San Luis Obispo,California,93405.0,West
CA-2018-147032,31/07/2018,04/08/2018,Standard Class,LB-16795,Wilmington,Delaware,19805.0,East
CA-2018-125990,19/10/2018,23/10/2018,Standard Class,JS-16030,San Francisco,California,94122.0,West
CA-2017-161746,21/10/2017,27/10/2017,Standard Class,CS-11950,Los Angeles,California,90045.0,West
CA-2015-114251,05/11/2015,10/11/2015,Standard Class,MD-17350,Philadelphia,Pennsylvania,19143.0,East
CA-2017-116379,07/11/2017,12/11/2017,Standard Class,LD-17005,San Francisco,California,94122.0,West
US-2017-144477,12/08/2017,14/08/2017,Second Class,DB-13270,Philadelphia,Pennsylvania,19134.0,East
CA-2017-108210,30/05/2017,31/05/2017,Same Day,AT-10735,Houston,Texas,77041.0,Central
CA-2018-166835,12/11/2018,14/11/2018,Second Class,DK-13375,Lancaster,Pennsylvania,17602.0,East
CA-2017-119641,22/09/2017,26/09/2017,Standard Class,CS-12250,Green Bay,Wisconsin,54302.0,Central
CA-2017-105781,16/02/2017,20/02/2017,Standard Class,JF-15565,New York City,New York,10024.0,East
CA-2015-101364,22/12/2015,26/12/2015,Standard Class,TW-21025,New York City,New York,10011.0,East
CA-2016-117898,05/12/2016,11/12/2016,Standard Class,TB-21250,Bloomington,Illinois,61701.0,Central
CA-2018-142293,17/09/2018,20/09/2018,First Class,SC-20380,Boise,Idaho,83704.0,West
CA-2018-167395,02/12/2018,04/12/2018,First Class,KM-16720,Lowell,Massachusetts,1852.0,East
CA-2015-111962,29/09/2015,04/10/2015,Standard Class,EB-14170,Seattle,Washington,98115.0,West
CA-2018-124261,14/11/2018,19/11/2018,Standard Class,JE-15715,Los Angeles,California,90049.0,West
CA-2015-114321,20/08/2015,25/08/2015,Standard Class,NC-18535,Hampton,Virginia,23666.0,South
CA-2015-128062,19/11/2015,22/11/2015,Second Class,AD-10180,Philadelphia,Pennsylvania,19134.0,East
US-2016-100069,29/06/2016,03/07/2016,Standard Class,NF-18475,Omaha,Nebraska,68104.0,Central
CA-2018-129294,16/03/2018,21/03/2018,Standard Class,KD-16615,Los Angeles,California,90032.0,West
CA-2016-117086,08/11/2016,12/11/2016,Standard Class,QJ-19255,Burlington,Vermont,,East
CA-2018-131303,28/11/2018,02/12/2018,Standard Class,EP-13915,San Diego,California,92037.0,West
CA-2017-137127,16/06/2017,22/06/2017,Standard Class,JJ-15445,Newark,Delaware,19711.0,East
CA-2018-141782,21/01/2018,25/01/2018,Standard Class,BE-11410,Aurora,Illinois,60505.0,Central
CA-2018-137505,24/11/2018,24/11/2018,Same Day,BP-11290,Los Angeles,California,90008.0,West
US-2015-140914,11/11/2015,15/11/2015,Standard Class,BH-11710,Chicago,Illinois,60653.0,Central
CA-2017-158358,04/03/2017,08/03/2017,Standard Class,EM-13810,Dover,New Hampshire,3820.0,East
CA-2017-113390,11/10/2017,15/10/2017,Standard Class,EP-13915,Chicago,Illinois,60610.0,Central
US-2017-158680,01/07/2017,02/07/2017,First Class,NZ-18565,Seattle,Washington,98115.0,West
CA-2018-113705,27/03/2018,29/03/2018,Second Class,LC-16870,Richmond,Virginia,23223.0,South
CA-2017-146913,31/10/2017,05/11/2017,Standard Class,SF-20965,San Francisco,California,94109.0,West
CA-2018-159135,04/11/2018,08/11/2018,Standard Class,KM-16375,Springdale,Arkansas,72762.0,South
CA-2015-121762,14/02/2015,18/02/2015,Standard Class,ML-17395,Seattle,Washington,98103.0,West
CA-2015-123855,18/06/2015,23/06/2015,Standard Class,MC-18100,Los Angeles,California,90036.0,West
CA-2018-101959,28/02/2018,06/03/2018,Standard Class,DB-13660,Middletown,Connecticut,6457.0,East
CA-2018-102659,09/12/2018,15/12/2018,Standard Class,LW-17215,Grand Rapids,Michigan,49505.0,Central
CA-2018-142328,07/12/2018,14/12/2018,Standard Class,TC-21535,San Francisco,California,94122.0,West
CA-2017-123533,24/11/2017,30/11/2017,Standard Class,SC-20050,Hialeah,Florida,33012.0,South
CA-2017-104983,03/07/2017,03/07/2017,Same Day,FM-14215,Philadelphia,Pennsylvania,19143.0,East
CA-2017-160234,26/06/2017,03/07/2017,Standard Class,PF-19225,Atlanta,Georgia,30318.0,South
CA-2015-169019,26/07/2015,30/07/2015,Standard Class,LF-17185,San Antonio,Texas,78207.0,Central
CA-2017-153178,14/09/2017,18/09/2017,Standard Class,CL-12565,Long Beach,New York,11561.0,East
CA-2016-149748,31/05/2016,02/06/2016,Second Class,EM-13825,Paterson,New Jersey,7501.0,East
CA-2016-155635,09/05/2016,13/05/2016,Standard Class,ME-17725,Louisville,Kentucky,40214.0,South
US-2015-114377,05/11/2015,05/11/2015,Same Day,BG-11035,Hampton,Virginia,23666.0,South
CA-2018-144491,27/03/2018,01/04/2018,Standard Class,CJ-12010,Houston,Texas,77070.0,Central
CA-2015-127166,21/05/2015,23/05/2015,Second Class,KH-16360,Houston,Texas,77070.0,Central
CA-2017-125920,21/05/2017,28/05/2017,Standard Class,SH-19975,Chicago,Illinois,60610.0,Central
CA-2016-128608,12/01/2016,17/01/2016,Standard Class,CS-12490,Toledo,Ohio,43615.0,East
